Ticker,Datetime,Open,High,Low,Close,Volume
AMPG,2026-07-06 09:30:00-04:00,6.13,6.315,5.98,6.05,479578
AMPG,2026-07-06 10:30:00-04:00,6.02,6.08,5.74,5.985,468176
AMPG,2026-07-06 11:30:00-04:00,5.995,6.07,5.9,5.92,227294
AMPG,2026-07-06 12:30:00-04:00,5.92,5.97,5.82,5.822,157422
AMPG,2026-07-06 13:30:00-04:00,5.8255,5.83,5.68,5.7266,258622
AMPG,2026-07-06 14:30:00-04:00,5.72,6.04,5.69,5.88,499190
AMPG,2026-07-06 15:30:00-04:00,5.875,5.9667,5.855,5.92,191955
AMPG,2026-07-07 09:30:00-04:00,6.62,7.16,6.49,6.91,7308134
AMPG,2026-07-07 10:30:00-04:00,6.885,6.98,6.1701,6.26,1419129
AMPG,2026-07-07 11:30:00-04:00,6.27,6.48,6.18,6.36,576008
AMPG,2026-07-07 12:30:00-04:00,6.365,6.3999,6.13,6.16,461348
AMPG,2026-07-07 13:30:00-04:00,6.15,6.43,6.135,6.365,360989
AMPG,2026-07-07 14:30:00-04:00,6.3462,6.3467,6.02,6.12,443869
AMPG,2026-07-07 15:30:00-04:00,6.13,6.25,6.09,6.22,388188
AMPG,2026-07-08 09:30:00-04:00,6.09,6.867,6.09,6.47,1020697
AMPG,2026-07-08 10:30:00-04:00,6.45,6.45,6.2601,6.36,260286
AMPG,2026-07-08 11:30:00-04:00,6.355,6.5505,6.35,6.515,506340
AMPG,2026-07-08 12:30:00-04:00,6.54,6.855,6.54,6.715,334974
AMPG,2026-07-08 13:30:00-04:00,6.72,6.83,6.55,6.78,212566
AMPG,2026-07-08 14:30:00-04:00,6.785,6.785,6.56,6.6156,207992
AMPG,2026-07-08 15:30:00-04:00,6.615,6.655,6.5,6.6,447255
AMPG,2026-07-09 09:30:00-04:00,6.62,6.795,6.231,6.53,697956
AMPG,2026-07-09 10:30:00-04:00,6.55,6.69,6.5,6.595,232596
AMPG,2026-07-09 11:30:00-04:00,6.595,6.6173,6.37,6.375,255162
AMPG,2026-07-09 12:30:00-04:00,6.375,6.4999,6.36,6.485,100743
AMPG,2026-07-09 13:30:00-04:00,6.5,6.55,6.442,6.47,88110
AMPG,2026-07-09 14:30:00-04:00,6.4635,6.53,6.4497,6.51,95611
AMPG,2026-07-09 15:30:00-04:00,6.5,6.59,6.4206,6.58,233474
AMPG,2026-07-10 09:30:00-04:00,6.57,6.79,6.33,6.542,580128
AMPG,2026-07-10 10:30:00-04:00,6.5,6.54,6.22,6.495,199856
AMPG,2026-07-10 11:30:00-04:00,6.495,6.52,6.36,6.445,130150
AMPG,2026-07-10 12:30:00-04:00,6.46,6.7,6.44,6.62,138341
AMPG,2026-07-10 13:30:00-04:00,6.61,6.8,6.58,6.58,164275
AMPG,2026-07-10 14:30:00-04:00,6.605,6.68,6.52,6.61,88497
AMPG,2026-07-10 15:30:00-04:00,6.615,6.72,6.54,6.695,154868
AMPG,2026-07-13 09:30:00-04:00,6.545,6.78,6.14,6.305,1002433
AMPG,2026-07-13 10:30:00-04:00,6.305,6.53,6.22,6.44,319564
AMPG,2026-07-13 11:30:00-04:00,6.44,6.49,6.23,6.245,205520
AMPG,2026-07-13 12:30:00-04:00,6.24,6.27,6.02,6.08,391400
AMPG,2026-07-13 13:30:00-04:00,6.07,6.19,5.97,6.14,187679
AMPG,2026-07-13 14:30:00-04:00,6.15,6.29,6.145,6.265,195066
AMPG,2026-07-13 15:30:00-04:00,6.265,6.4,6.22,6.375,164132
AMPG,2026-07-14 09:30:00-04:00,6.42,6.97,6.42,6.93,875760
AMPG,2026-07-14 10:30:00-04:00,6.9006,7.085,6.65,6.995,1071963
AMPG,2026-07-14 11:30:00-04:00,6.97,7.03,6.81,6.83,220954
AMPG,2026-07-14 12:30:00-04:00,6.8868,6.95,6.7556,6.815,184465
AMPG,2026-07-14 13:30:00-04:00,6.83,7.07,6.83,7.05,235560
AMPG,2026-07-14 14:30:00-04:00,7.062,7.17,6.92,6.98,270888
AMPG,2026-07-14 15:30:00-04:00,6.95,7.19,6.93,7.03,280359
AMPG,2026-07-15 09:30:00-04:00,7.43,7.648,6.94,7.0693,1089985
AMPG,2026-07-15 10:30:00-04:00,7.0566,7.1,6.94,7.05,266203
AMPG,2026-07-15 11:30:00-04:00,7.04,7.1,6.57,6.5899,431064
AMPG,2026-07-15 12:30:00-04:00,6.57,6.68,6.41,6.56,404856
AMPG,2026-07-15 13:30:00-04:00,6.56,6.7994,6.55,6.6994,281915
AMPG,2026-07-15 14:30:00-04:00,6.67,6.68,6.53,6.57,100945
AMPG,2026-07-15 15:30:00-04:00,6.5895,6.66,6.5,6.6,236451
AMPG,2026-07-16 09:30:00-04:00,6.62,6.62,6.27,6.535,429803
AMPG,2026-07-16 10:30:00-04:00,6.548,6.548,6.27,6.385,283731
AMPG,2026-07-16 11:30:00-04:00,6.38,6.61,6.27,6.33,155771
AMPG,2026-07-16 12:30:00-04:00,6.34,6.35,6.25,6.35,115807
AMPG,2026-07-16 13:30:00-04:00,6.3054,6.4399,6.25,6.39,245205
AMPG,2026-07-16 14:30:00-04:00,6.36,6.5291,6.33,6.5,154858
AMPG,2026-07-16 15:30:00-04:00,6.49,6.49,6.34,6.44,133417
AMPG,2026-07-17 09:30:00-04:00,6.25,6.97,6.24,6.8001,707292
AMPG,2026-07-17 10:30:00-04:00,6.8342,6.9,6.71,6.8401,210541
AMPG,2026-07-17 11:30:00-04:00,6.88,7.21,6.83,7.1,304954
AMPG,2026-07-17 12:30:00-04:00,7.06,7.21,7.01,7.11,156927
AMPG,2026-07-17 13:30:00-04:00,7.095,7.1063,6.86,6.94,154624
AMPG,2026-07-17 14:30:00-04:00,6.935,6.9542,6.7,6.75,130109
AMPG,2026-07-17 15:30:00-04:00,6.745,6.7999,6.63,6.63,562874
AMPG,2026-07-20 09:30:00-04:00,6.0,6.09,5.4501,5.58,1716080
AMPG,2026-07-20 10:30:00-04:00,5.6199,5.74,5.48,5.705,406323
AMPG,2026-07-20 11:30:00-04:00,5.72,6.14,5.6,5.97,600990
AMPG,2026-07-20 12:30:00-04:00,5.965,6.0,5.8,5.82,367488
AMPG,2026-07-20 13:30:00-04:00,5.82,6.1,5.818,5.98,240874
AMPG,2026-07-20 14:30:00-04:00,5.98,6.16,5.91,6.15,162060
AMPG,2026-07-20 15:30:00-04:00,6.1632,6.235,6.115,6.235,210593
AMPG,2026-07-21 09:30:00-04:00,6.3,6.6,6.1451,6.26,462420
AMPG,2026-07-21 10:30:00-04:00,6.29,6.3,6.1,6.25,332237
AMPG,2026-07-21 11:30:00-04:00,6.26,6.43,6.18,6.205,221642
AMPG,2026-07-21 12:30:00-04:00,6.1803,6.19,6.0,6.04,312580
AMPG,2026-07-21 13:30:00-04:00,6.0682,6.15,6.02,6.11,183470
AMPG,2026-07-21 14:30:00-04:00,6.1,6.14,5.94,6.04,250809
AMPG,2026-07-21 15:30:00-04:00,6.035,6.14,6.035,6.09,138391
AMPG,2026-07-22 09:30:00-04:00,6.0,6.84,5.95,6.8101,979605
AMPG,2026-07-22 10:30:00-04:00,6.8111,6.9899,6.71,6.7915,620568
AMPG,2026-07-22 11:30:00-04:00,6.785,6.925,6.69,6.83,228871
AMPG,2026-07-22 12:30:00-04:00,6.82,6.88,6.71,6.78,146877
AMPG,2026-07-22 13:30:00-04:00,6.77,6.82,6.55,6.64,197830
AMPG,2026-07-22 14:30:00-04:00,6.65,6.71,6.58,6.6,113291
AMPG,2026-07-22 15:30:00-04:00,6.6186,6.6186,6.44,6.45,211451
AMPG,2026-07-23 09:30:00-04:00,6.43,6.68,6.26,6.41,499295
AMPG,2026-07-23 10:30:00-04:00,6.415,6.415,6.1,6.135,274537
AMPG,2026-07-23 11:30:00-04:00,6.16,6.44,6.15,6.26,206548
AMPG,2026-07-23 12:30:00-04:00,6.26,6.31,6.2,6.295,168062
AMPG,2026-07-23 13:30:00-04:00,6.27,6.33,6.16,6.26,139398
AMPG,2026-07-23 14:30:00-04:00,6.26,6.37,6.2231,6.35,67930
AMPG,2026-07-23 15:30:00-04:00,6.36,6.45,6.33,6.34,102647
AMPG,2026-07-24 09:30:00-04:00,6.22,6.245,5.53,5.5922,871277
AMPG,2026-07-24 10:30:00-04:00,5.575,5.73,5.46,5.73,486165
AMPG,2026-07-24 11:30:00-04:00,5.73,5.75,5.62,5.7,387330
AMPG,2026-07-24 12:30:00-04:00,5.675,5.6981,5.55,5.61,231888
AMPG,2026-07-24 13:30:00-04:00,5.61,5.61,5.505,5.5055,103093
AMPG,2026-07-24 14:30:00-04:00,5.5014,5.5068,5.4,5.4799,278921
AMPG,2026-07-24 15:30:00-04:00,5.465,5.49,5.38,5.405,251439
AMPG,2026-07-27 09:30:00-04:00,5.49,5.5,5.08,5.15,634803
AMPG,2026-07-27 10:30:00-04:00,5.1518,5.165,4.9,5.1,506614
AMPG,2026-07-27 11:30:00-04:00,5.1,5.12,5.01,5.1099,187591
AMPG,2026-07-27 12:30:00-04:00,5.12,5.15,5.0,5.0,119881
AMPG,2026-07-27 13:30:00-04:00,5.01,5.0334,4.89,5.0,358564
AMPG,2026-07-27 14:30:00-04:00,5.0099,5.11,4.99,5.09,187043
AMPG,2026-07-27 15:30:00-04:00,5.1,5.105,5.0,5.05,195587
AMPG,2026-07-28 09:30:00-04:00,4.89,4.895,4.6,4.68,1115361
AMPG,2026-07-28 10:30:00-04:00,4.68,4.94,4.68,4.91,264786
AMPG,2026-07-28 11:30:00-04:00,4.8976,5.05,4.86,4.87,151585
AMPG,2026-07-28 12:30:00-04:00,4.87,4.9,4.82,4.865,139645
AMPG,2026-07-28 13:30:00-04:00,4.85,4.91,4.83,4.88,156870
AMPG,2026-07-28 14:30:00-04:00,4.88,4.9,4.8469,4.885,101902
AMPG,2026-07-28 15:30:00-04:00,4.8854,4.91,4.85,4.8999,151711
AMPG,2026-07-29 09:30:00-04:00,4.902,5.08,4.721,4.7499,358685
AMPG,2026-07-29 10:30:00-04:00,4.7499,4.7791,4.67,4.681,241378
AMPG,2026-07-29 11:30:00-04:00,4.68,4.73,4.595,4.63,241713
AMPG,2026-07-29 12:30:00-04:00,4.64,4.8,4.63,4.71,145854
AMPG,2026-07-29 13:30:00-04:00,4.69,4.75,4.65,4.65,164286
AMPG,2026-07-29 14:30:00-04:00,4.665,4.75,4.57,4.61,224676
AMPG,2026-07-29 15:30:00-04:00,4.62,4.6275,4.5401,4.61,232863
AMPG,2026-07-30 09:30:00-04:00,4.8,5.07,4.73,5.0283,820850
AMPG,2026-07-30 10:30:00-04:00,5.02,5.0332,4.74,4.785,303033
AMPG,2026-07-30 11:30:00-04:00,4.77,4.81,4.71,4.75,169109
AMPG,2026-07-30 12:30:00-04:00,4.7523,4.865,4.5,4.85,233442
AMPG,2026-07-30 13:30:00-04:00,4.86,4.95,4.85,4.895,296483
AMPG,2026-07-30 14:30:00-04:00,4.908,4.95,4.85,4.88,98369
AMPG,2026-07-30 15:30:00-04:00,4.88,4.97,4.88,4.915,183066
AMPG,2026-07-31 09:30:00-04:00,5.0,5.03,4.565,4.63,535184
AMPG,2026-07-31 10:30:00-04:00,4.65,4.75,4.65,4.6519,92358
AMPG,2026-07-31 11:30:00-04:00,4.6591,4.6675,4.57,4.64,74103
AMPG,2026-07-31 12:30:00-04:00,4.61,4.71,4.61,4.695,52217
AMPG,2026-07-31 13:30:00-04:00,4.69,4.77,4.69,4.74,67318
AMPG,2026-07-31 14:30:00-04:00,4.75,4.75,4.66,4.72,88837
AMPG,2026-07-31 15:30:00-04:00,4.71,4.7295,4.63,4.63,83946
AMPG,2026-08-03 09:30:00-04:00,4.55,4.63,4.35,4.615,360823
AMPG,2026-08-03 10:30:00-04:00,4.6193,4.65,4.56,4.58,143225
AMPG,2026-08-03 11:30:00-04:00,4.6,4.715,4.5505,4.63,273427
AMPG,2026-08-03 12:30:00-04:00,4.62,4.6391,4.57,4.605,54968
AMPG,2026-08-03 13:30:00-04:00,4.6051,4.67,4.57,4.63,98601
AMPG,2026-08-03 14:30:00-04:00,4.63,4.81,4.59,4.8044,313307
AMPG,2026-08-03 15:30:00-04:00,4.8,4.81,4.75,4.78,129352
AMPG,2026-08-04 09:30:00-04:00,5.176,5.25,4.9641,5.1662,421605
AMPG,2026-08-04 10:30:00-04:00,5.15,5.3,5.13,5.2599,325266
AMPG,2026-08-04 11:30:00-04:00,5.26,5.28,5.18,5.23,146913
AMPG,2026-08-04 12:30:00-04:00,5.22,5.33,5.21,5.315,163506
AMPG,2026-08-04 13:30:00-04:00,5.318,5.34,5.255,5.34,98626
AMPG,2026-08-04 14:30:00-04:00,5.3209,5.38,5.2925,5.345,102518
AMPG,2026-08-04 15:30:00-04:00,5.345,5.58,5.338,5.53,630066
AMPG,2026-08-05 09:30:00-04:00,5.42,5.55,5.25,5.3192,341928
AMPG,2026-08-05 10:30:00-04:00,5.3,5.3001,5.14,5.18,277167
AMPG,2026-08-05 11:30:00-04:00,5.1828,5.3,5.175,5.29,66623
AMPG,2026-08-05 12:30:00-04:00,5.298,5.37,5.2605,5.355,154604
AMPG,2026-08-05 13:30:00-04:00,5.35,5.39,5.33,5.34,70990
AMPG,2026-08-05 14:30:00-04:00,5.33,5.39,5.33,5.39,151632
AMPG,2026-08-05 15:30:00-04:00,5.39,5.41,5.33,5.385,135023
AMPG,2026-08-06 09:30:00-04:00,5.1477,5.43,5.05,5.41,305340
AMPG,2026-08-06 10:30:00-04:00,5.38,5.53,5.38,5.465,116446
AMPG,2026-08-06 11:30:00-04:00,5.47,5.6144,5.33,5.4401,493046
AMPG,2026-08-06 12:30:00-04:00,5.47,5.54,5.41,5.51,178559
AMPG,2026-08-06 13:30:00-04:00,5.51,5.53,5.4,5.43,76409
AMPG,2026-08-06 14:30:00-04:00,5.44,5.57,5.42,5.535,152480
AMPG,2026-08-06 15:30:00-04:00,5.53,5.535,5.41,5.44,173816
AMPG,2026-08-07 09:30:00-04:00,5.65,5.85,5.51,5.83,589137
AMPG,2026-08-07 10:30:00-04:00,5.82,5.82,5.63,5.775,181499
AMPG,2026-08-07 11:30:00-04:00,5.76,5.85,5.68,5.74,209051
AMPG,2026-08-07 12:30:00-04:00,5.73,5.85,5.69,5.8497,224643
AMPG,2026-08-07 13:30:00-04:00,5.84,5.8455,5.74,5.78,83735
AMPG,2026-08-07 14:30:00-04:00,5.78,5.85,5.76,5.78,124751
AMPG,2026-08-07 15:30:00-04:00,5.7656,5.87,5.71,5.81,289746
AMPG,2026-08-10 09:30:00-04:00,6.1,6.1888,5.85,5.96,743776
AMPG,2026-08-10 10:30:00-04:00,5.9656,6.02,5.8205,5.8605,298789
AMPG,2026-08-10 11:30:00-04:00,5.88,5.97,5.87,5.925,172831
AMPG,2026-08-10 12:30:00-04:00,5.92,5.9299,5.7825,5.81,165062
AMPG,2026-08-10 13:30:00-04:00,5.82,5.93,5.8001,5.885,220874
AMPG,2026-08-10 14:30:00-04:00,5.88,5.91,5.7699,5.795,156248
AMPG,2026-08-10 15:30:00-04:00,5.8,5.88,5.68,5.685,198320
AMPG,2026-08-11 09:30:00-04:00,5.85,6.26,5.81,6.02,741048
AMPG,2026-08-11 10:30:00-04:00,6.035,6.0999,5.98,6.05,151577
AMPG,2026-08-11 11:30:00-04:00,6.07,6.24,6.02,6.215,481184
AMPG,2026-08-11 12:30:00-04:00,6.21,6.25,6.12,6.15,164011
AMPG,2026-08-11 13:30:00-04:00,6.155,6.29,6.0807,6.1526,226391
AMPG,2026-08-11 14:30:00-04:00,6.155,6.29,6.1401,6.24,160326
AMPG,2026-08-11 15:30:00-04:00,6.23,6.3,6.19,6.19,242367
AMPG,2026-08-12 09:30:00-04:00,6.41,6.43,6.17,6.34,662613
AMPG,2026-08-12 10:30:00-04:00,6.33,6.43,6.27,6.385,198137
AMPG,2026-08-12 11:30:00-04:00,6.3899,6.5,6.34,6.415,154608
AMPG,2026-08-12 12:30:00-04:00,6.4,6.4497,6.37,6.4203,132877
AMPG,2026-08-12 13:30:00-04:00,6.42,6.47,6.4,6.4,134498
AMPG,2026-08-12 14:30:00-04:00,6.4057,6.4923,6.39,6.47,226758
AMPG,2026-08-12 15:30:00-04:00,6.47,6.48,6.37,6.41,293143
AMPG,2026-08-13 09:30:00-04:00,6.28,6.5,6.19,6.3826,641893
AMPG,2026-08-13 10:30:00-04:00,6.4,6.4,6.18,6.21,460834
AMPG,2026-08-13 11:30:00-04:00,6.23,6.26,6.07,6.13,393769
AMPG,2026-08-13 12:30:00-04:00,6.1286,6.2499,6.11,6.18,252747
AMPG,2026-08-13 13:30:00-04:00,6.2,6.27,6.17,6.1884,161676
AMPG,2026-08-13 14:30:00-04:00,6.2,6.23,6.0,6.0855,362700
AMPG,2026-08-13 15:30:00-04:00,6.07,6.07,5.88,6.0,499371
AMPG,2026-08-14 09:30:00-04:00,4.368,4.4,4.03,4.145,4140327
AMPG,2026-08-14 10:30:00-04:00,4.14,4.16,4.05,4.15,1899429
AMPG,2026-08-14 11:30:00-04:00,4.135,4.17,3.95,4.045,1079659
AMPG,2026-08-14 12:30:00-04:00,4.05,4.05,3.9302,3.9999,1294606
AMPG,2026-08-14 13:30:00-04:00,3.995,4.02,3.93,3.955,691482
AMPG,2026-08-14 14:30:00-04:00,3.9579,4.01,3.95,3.98,463573
AMPG,2026-08-14 15:30:00-04:00,3.975,4.01,3.94,3.995,513095
AMPG,2026-08-17 09:30:00-04:00,4.08,4.15,3.88,3.9601,1587769
AMPG,2026-08-17 10:30:00-04:00,3.97,3.98,3.86,3.93,658039
AMPG,2026-08-17 11:30:00-04:00,3.94,3.94,3.8101,3.835,725307
AMPG,2026-08-17 12:30:00-04:00,3.84,3.88,3.81,3.8101,366838
AMPG,2026-08-17 13:30:00-04:00,3.8005,3.81,3.73,3.775,699047
AMPG,2026-08-17 14:30:00-04:00,3.775,3.785,3.7,3.73,605986
AMPG,2026-08-17 15:30:00-04:00,3.73,3.74,3.66,3.705,529791
AMPG,2026-08-18 09:30:00-04:00,3.578,3.7199,3.53,3.65,1152640
AMPG,2026-08-18 10:30:00-04:00,3.64,3.68,3.58,3.6098,292765
AMPG,2026-08-18 11:30:00-04:00,3.61,3.64,3.55,3.57,329424
AMPG,2026-08-18 12:30:00-04:00,3.5895,3.62,3.5201,3.55,249623
AMPG,2026-08-18 13:30:00-04:00,3.545,3.5678,3.51,3.555,152504
AMPG,2026-08-18 14:30:00-04:00,3.555,3.5889,3.52,3.56,138405
AMPG,2026-08-18 15:30:00-04:00,3.55,3.555,3.51,3.53,323174
AMPG,2026-08-19 09:30:00-04:00,3.54,3.545,3.42,3.5,703535
AMPG,2026-08-19 10:30:00-04:00,3.4803,3.54,3.45,3.52,374837
AMPG,2026-08-19 11:30:00-04:00,3.52,3.59,3.48,3.56,459113
AMPG,2026-08-19 12:30:00-04:00,3.5605,3.58,3.54,3.545,220138
AMPG,2026-08-19 13:30:00-04:00,3.545,3.55,3.51,3.52,138795
AMPG,2026-08-19 14:30:00-04:00,3.52,3.59,3.5117,3.545,160516
AMPG,2026-08-19 15:30:00-04:00,3.545,3.58,3.54,3.58,163432
AMPG,2026-08-20 09:30:00-04:00,3.54,3.5999,3.46,3.49,369928
AMPG,2026-08-20 10:30:00-04:00,3.4995,3.51,3.43,3.45,230032
AMPG,2026-08-20 11:30:00-04:00,3.445,3.46,3.42,3.45,135487
AMPG,2026-08-20 12:30:00-04:00,3.45,3.49,3.435,3.4824,77901
AMPG,2026-08-20 13:30:00-04:00,3.48,3.48,3.42,3.43,92968
AMPG,2026-08-20 14:30:00-04:00,3.43,3.4399,3.365,3.395,264714
AMPG,2026-08-20 15:30:00-04:00,3.395,3.45,3.385,3.445,215904
AMPG,2026-08-21 09:30:00-04:00,3.5,3.56,3.4109,3.44,740627
AMPG,2026-08-21 10:30:00-04:00,3.45,3.4873,3.42,3.47,131581
AMPG,2026-08-21 11:30:00-04:00,3.4501,3.47,3.43,3.46,77636
AMPG,2026-08-21 12:30:00-04:00,3.44,3.45,3.42,3.42,82572
AMPG,2026-08-21 13:30:00-04:00,3.4299,3.4695,3.4225,3.465,67382
AMPG,2026-08-21 14:30:00-04:00,3.46,3.48,3.45,3.48,80675
AMPG,2026-08-21 15:30:00-04:00,3.475,3.48,3.45,3.452,158608
AMPG,2026-08-24 09:30:00-04:00,3.48,3.551,3.43,3.475,353142
AMPG,2026-08-24 10:30:00-04:00,3.4705,3.5247,3.4,3.4293,182104
AMPG,2026-08-24 11:30:00-04:00,3.4327,3.46,3.42,3.46,76015
AMPG,2026-08-24 12:30:00-04:00,3.455,3.46,3.43,3.44,32936
AMPG,2026-08-24 13:30:00-04:00,3.44,3.45,3.415,3.435,72356
AMPG,2026-08-24 14:30:00-04:00,3.435,3.47,3.425,3.46,61847
AMPG,2026-08-24 15:30:00-04:00,3.465,3.47,3.43,3.455,119331
AMPG,2026-08-25 09:30:00-04:00,3.5,3.77,3.5,3.715,1176119
AMPG,2026-08-25 10:30:00-04:00,3.715,3.74,3.69,3.695,174819
AMPG,2026-08-25 11:30:00-04:00,3.7,3.73,3.685,3.6899,147784
AMPG,2026-08-25 12:30:00-04:00,3.685,3.69,3.625,3.625,227324
AMPG,2026-08-25 13:30:00-04:00,3.62,3.66,3.45,3.65,55595
AMPG,2026-08-25 14:30:00-04:00,3.645,3.65,3.625,3.63,43481
AMPG,2026-08-25 15:30:00-04:00,3.635,3.645,3.605,3.62,227165
AMPG,2026-08-26 09:30:00-04:00,3.54,3.62,3.51,3.525,200298
AMPG,2026-08-26 10:30:00-04:00,3.525,3.56,3.525,3.55,48595
AMPG,2026-08-26 11:30:00-04:00,3.54,3.56,3.535,3.555,54517
AMPG,2026-08-26 12:30:00-04:00,3.555,3.57,3.54,3.57,35624
AMPG,2026-08-26 13:30:00-04:00,3.565,3.59,3.555,3.575,43179
AMPG,2026-08-26 14:30:00-04:00,3.57,3.585,3.56,3.575,55500
AMPG,2026-08-26 15:30:00-04:00,3.57,3.59,3.545,3.55,89787
AMPG,2026-08-27 09:30:00-04:00,3.65,3.68,3.6,3.6,394375
AMPG,2026-08-27 10:30:00-04:00,3.6,3.75,3.58,3.67,834842
AMPG,2026-08-27 11:30:00-04:00,3.675,3.8,3.675,3.7985,574679
AMPG,2026-08-27 12:30:00-04:00,3.795,3.84,3.73,3.745,331336
AMPG,2026-08-27 13:30:00-04:00,3.745,3.83,3.7303,3.7736,410781
AMPG,2026-08-27 14:30:00-04:00,3.775,3.83,3.73,3.76,444269
AMPG,2026-08-27 15:30:00-04:00,3.76,3.78,3.71,3.725,403977
AMPG,2026-08-28 09:30:00-04:00,3.67,3.6905,3.55,3.59,601307
AMPG,2026-08-28 10:30:00-04:00,3.5999,3.63,3.46,3.465,471099
AMPG,2026-08-28 11:30:00-04:00,3.46,3.47,3.37,3.405,345432
AMPG,2026-08-28 12:30:00-04:00,3.405,3.41,3.36,3.385,180563
AMPG,2026-08-28 13:30:00-04:00,3.3899,3.4,3.36,3.375,105504
AMPG,2026-08-28 14:30:00-04:00,3.375,3.3999,3.37,3.395,105527
AMPG,2026-08-28 15:30:00-04:00,3.395,3.4095,3.36,3.365,179512
AMPG,2026-08-31 09:30:00-04:00,3.33,3.43,3.315,3.3407,333947
AMPG,2026-08-31 10:30:00-04:00,3.34,3.365,3.32,3.36,111987
AMPG,2026-08-31 11:30:00-04:00,3.365,3.3757,3.33,3.345,35156
AMPG,2026-08-31 12:30:00-04:00,3.36,3.37,3.345,3.355,35182
AMPG,2026-08-31 13:30:00-04:00,3.35,3.4199,3.35,3.395,144633
AMPG,2026-08-31 14:30:00-04:00,3.395,3.395,3.32,3.385,196355
AMPG,2026-08-31 15:30:00-04:00,3.385,3.3899,3.3625,3.375,124199
AMPG,2026-09-01 09:30:00-04:00,3.3,3.32,3.2,3.225,491238
AMPG,2026-09-01 10:30:00-04:00,3.23,3.255,3.23,3.2446,73056
AMPG,2026-09-01 11:30:00-04:00,3.245,3.2699,3.22,3.23,147129
AMPG,2026-09-01 12:30:00-04:00,3.22,3.26,3.22,3.245,78024
AMPG,2026-09-01 13:30:00-04:00,3.25,3.27,3.23,3.235,41180
AMPG,2026-09-01 14:30:00-04:00,3.2379,3.24,3.21,3.24,105435
AMPG,2026-09-01 15:30:00-04:00,3.24,3.2553,3.23,3.245,126720
AMPG,2026-09-02 09:30:00-04:00,3.275,3.415,3.26,3.34,442825
AMPG,2026-09-02 10:30:00-04:00,3.3544,3.36,3.295,3.34,166960
AMPG,2026-09-02 11:30:00-04:00,3.335,3.375,3.325,3.34,200151
AMPG,2026-09-02 12:30:00-04:00,3.35,3.41,3.34,3.385,130197
AMPG,2026-09-02 13:30:00-04:00,3.39,3.43,3.37,3.4,126816
AMPG,2026-09-02 14:30:00-04:00,3.405,3.41,3.37,3.375,100390
AMPG,2026-09-02 15:30:00-04:00,3.37,3.38,3.31,3.32,167515
AMPG,2026-09-03 09:30:00-04:00,3.38,3.4099,3.28,3.36,262468
AMPG,2026-09-03 10:30:00-04:00,3.365,3.4,3.345,3.39,77224
AMPG,2026-09-03 11:30:00-04:00,3.39,3.41,3.35,3.375,157617
AMPG,2026-09-03 12:30:00-04:00,3.3798,3.39,3.37,3.38,38426
AMPG,2026-09-03 13:30:00-04:00,3.38,3.42,3.38,3.3997,84316
AMPG,2026-09-03 14:30:00-04:00,3.4,3.41,3.38,3.405,64254
AMPG,2026-09-03 15:30:00-04:00,3.41,3.44,3.399,3.435,79553
CPSH,2026-07-06 09:30:00-04:00,5.05,5.1099,4.95,4.98,65537
CPSH,2026-07-06 10:30:00-04:00,5.04,5.215,5.035,5.1949,103307
CPSH,2026-07-06 11:30:00-04:00,5.22,5.245,5.1415,5.155,42510
CPSH,2026-07-06 12:30:00-04:00,5.16,5.24,5.13,5.16,29941
CPSH,2026-07-06 13:30:00-04:00,5.19,5.28,5.15,5.25,39228
CPSH,2026-07-06 14:30:00-04:00,5.24,5.28,5.1699,5.28,32867
CPSH,2026-07-06 15:30:00-04:00,5.275,5.29,5.155,5.175,80187
CPSH,2026-07-07 09:30:00-04:00,5.05,5.12,4.6001,4.63,160690
CPSH,2026-07-07 10:30:00-04:00,4.6699,4.7,4.54,4.655,114490
CPSH,2026-07-07 11:30:00-04:00,4.6546,4.825,4.62,4.825,54781
CPSH,2026-07-07 12:30:00-04:00,4.83,4.87,4.705,4.73,31165
CPSH,2026-07-07 13:30:00-04:00,4.735,4.79,4.65,4.65,64061
CPSH,2026-07-07 14:30:00-04:00,4.675,4.7,4.57,4.58,41692
CPSH,2026-07-07 15:30:00-04:00,4.59,4.695,4.575,4.695,53624
CPSH,2026-07-08 09:30:00-04:00,4.66,4.8582,4.61,4.72,70804
CPSH,2026-07-08 10:30:00-04:00,4.74,4.76,4.58,4.59,25688
CPSH,2026-07-08 11:30:00-04:00,4.6,4.68,4.5863,4.6752,11603
CPSH,2026-07-08 12:30:00-04:00,4.7,4.79,4.655,4.715,33927
CPSH,2026-07-08 13:30:00-04:00,4.715,4.8,4.665,4.7071,69161
CPSH,2026-07-08 14:30:00-04:00,4.715,4.74,4.6801,4.71,37455
CPSH,2026-07-08 15:30:00-04:00,4.705,4.74,4.685,4.73,28935
CPSH,2026-07-09 09:30:00-04:00,4.7,5.07,4.7,4.95,104011
CPSH,2026-07-09 10:30:00-04:00,4.96,4.99,4.8559,4.9,19549
CPSH,2026-07-09 11:30:00-04:00,4.91,4.975,4.8519,4.88,15677
CPSH,2026-07-09 12:30:00-04:00,4.91,4.95,4.89,4.95,8652
CPSH,2026-07-09 13:30:00-04:00,4.97,5.005,4.94,4.955,11928
CPSH,2026-07-09 14:30:00-04:00,4.955,5.07,4.92,4.97,37467
CPSH,2026-07-09 15:30:00-04:00,4.96,4.97,4.89,4.92,33019
CPSH,2026-07-10 09:30:00-04:00,4.83,4.85,4.7372,4.78,35061
CPSH,2026-07-10 10:30:00-04:00,4.78,4.78,4.68,4.74,36059
CPSH,2026-07-10 11:30:00-04:00,4.745,4.7699,4.67,4.71,50984
CPSH,2026-07-10 12:30:00-04:00,4.7,4.7778,4.67,4.755,21685
CPSH,2026-07-10 13:30:00-04:00,4.76,4.77,4.72,4.75,24325
CPSH,2026-07-10 14:30:00-04:00,4.74,4.79,4.7275,4.75,21265
CPSH,2026-07-10 15:30:00-04:00,4.77,4.81,4.7505,4.775,40498
CPSH,2026-07-13 09:30:00-04:00,4.64,4.69,4.51,4.59,74445
CPSH,2026-07-13 10:30:00-04:00,4.59,4.6226,4.51,4.545,33006
CPSH,2026-07-13 11:30:00-04:00,4.55,4.5749,4.38,4.44,138797
CPSH,2026-07-13 12:30:00-04:00,4.445,4.4599,4.3775,4.445,47199
CPSH,2026-07-13 13:30:00-04:00,4.445,4.46,4.41,4.445,31245
CPSH,2026-07-13 14:30:00-04:00,4.43,4.47,4.41,4.43,32615
CPSH,2026-07-13 15:30:00-04:00,4.435,4.55,4.43,4.51,52232
CPSH,2026-07-14 09:30:00-04:00,4.63,4.73,4.53,4.575,51963
CPSH,2026-07-14 10:30:00-04:00,4.55,4.715,4.55,4.665,38316
CPSH,2026-07-14 11:30:00-04:00,4.65,4.705,4.6,4.63,34657
CPSH,2026-07-14 12:30:00-04:00,4.645,4.65,4.57,4.62,37511
CPSH,2026-07-14 13:30:00-04:00,4.63,4.67,4.62,4.65,44197
CPSH,2026-07-14 14:30:00-04:00,4.65,4.66,4.59,4.615,47158
CPSH,2026-07-14 15:30:00-04:00,4.6,4.6399,4.58,4.615,31117
CPSH,2026-07-15 09:30:00-04:00,4.66,4.77,4.57,4.57,32644
CPSH,2026-07-15 10:30:00-04:00,4.6,4.6,4.4996,4.54,29382
CPSH,2026-07-15 11:30:00-04:00,4.53,4.56,4.4401,4.47,40508
CPSH,2026-07-15 12:30:00-04:00,4.49,4.56,4.4512,4.53,25929
CPSH,2026-07-15 13:30:00-04:00,4.52,4.62,4.52,4.57,11332
CPSH,2026-07-15 14:30:00-04:00,4.57,4.63,4.495,4.56,41442
CPSH,2026-07-15 15:30:00-04:00,4.57,4.585,4.53,4.565,41451
CPSH,2026-07-16 09:30:00-04:00,4.47,4.4989,4.3,4.46,123145
CPSH,2026-07-16 10:30:00-04:00,4.46,4.5394,4.43,4.5394,29743
CPSH,2026-07-16 11:30:00-04:00,4.525,4.555,4.5,4.52,21084
CPSH,2026-07-16 12:30:00-04:00,4.545,4.559,4.49,4.535,13695
CPSH,2026-07-16 13:30:00-04:00,4.52,4.52,4.4701,4.51,13937
CPSH,2026-07-16 14:30:00-04:00,4.51,4.525,4.46,4.52,25797
CPSH,2026-07-16 15:30:00-04:00,4.51,4.65,4.51,4.585,74768
CPSH,2026-07-17 09:30:00-04:00,4.3,4.559,4.26,4.48,184831
CPSH,2026-07-17 10:30:00-04:00,4.46,4.495,4.3401,4.3918,35145
CPSH,2026-07-17 11:30:00-04:00,4.395,4.505,4.37,4.45,41010
CPSH,2026-07-17 12:30:00-04:00,4.44,4.5,4.44,4.47,18281
CPSH,2026-07-17 13:30:00-04:00,4.47,4.48,4.4016,4.405,18647
CPSH,2026-07-17 14:30:00-04:00,4.44,4.44,4.35,4.375,31020
CPSH,2026-07-17 15:30:00-04:00,4.38,4.415,4.36,4.36,22087
CPSH,2026-07-20 09:30:00-04:00,4.43,4.5299,4.37,4.43,39031
CPSH,2026-07-20 10:30:00-04:00,4.46,4.46,4.3,4.34,33912
CPSH,2026-07-20 11:30:00-04:00,4.3475,4.42,4.3274,4.41,37541
CPSH,2026-07-20 12:30:00-04:00,4.4,4.41,4.375,4.4,11565
CPSH,2026-07-20 13:30:00-04:00,4.3836,4.45,4.35,4.45,95324
CPSH,2026-07-20 14:30:00-04:00,4.45,4.475,4.4107,4.4193,19170
CPSH,2026-07-20 15:30:00-04:00,4.43,4.485,4.43,4.485,22317
CPSH,2026-07-21 09:30:00-04:00,4.48,4.7,4.48,4.655,32091
CPSH,2026-07-21 10:30:00-04:00,4.67,4.83,4.64,4.83,35118
CPSH,2026-07-21 11:30:00-04:00,4.83,4.89,4.76,4.82,62730
CPSH,2026-07-21 12:30:00-04:00,4.82,4.84,4.755,4.775,54309
CPSH,2026-07-21 13:30:00-04:00,4.79,4.79,4.735,4.75,30801
CPSH,2026-07-21 14:30:00-04:00,4.72,4.78,4.685,4.77,32370
CPSH,2026-07-21 15:30:00-04:00,4.73,4.81,4.71,4.75,49782
CPSH,2026-07-22 09:30:00-04:00,4.76,4.8108,4.66,4.73,31509
CPSH,2026-07-22 10:30:00-04:00,4.76,4.83,4.7,4.8,26847
CPSH,2026-07-22 11:30:00-04:00,4.8,4.82,4.775,4.8,15151
CPSH,2026-07-22 12:30:00-04:00,4.8,4.8,4.76,4.7701,10414
CPSH,2026-07-22 13:30:00-04:00,4.73,4.73,4.65,4.6502,7658
CPSH,2026-07-22 14:30:00-04:00,4.65,4.705,4.65,4.68,8443
CPSH,2026-07-22 15:30:00-04:00,4.66,4.69,4.65,4.665,24459
CPSH,2026-07-23 09:30:00-04:00,4.66,5.02,4.645,4.955,103969
CPSH,2026-07-23 10:30:00-04:00,4.94,4.96,4.6302,4.65,68788
CPSH,2026-07-23 11:30:00-04:00,4.66,4.77,4.65,4.77,33762
CPSH,2026-07-23 12:30:00-04:00,4.745,4.76,4.66,4.69,14499
CPSH,2026-07-23 13:30:00-04:00,4.665,4.69,4.608,4.62,22832
CPSH,2026-07-23 14:30:00-04:00,4.6325,4.69,4.6,4.68,24838
CPSH,2026-07-23 15:30:00-04:00,4.66,4.73,4.647,4.71,15274
CPSH,2026-07-24 09:30:00-04:00,4.75,4.755,4.4492,4.52,38038
CPSH,2026-07-24 10:30:00-04:00,4.48,4.56,4.42,4.5308,25864
CPSH,2026-07-24 11:30:00-04:00,4.58,4.63,4.4901,4.56,28506
CPSH,2026-07-24 12:30:00-04:00,4.56,4.58,4.5144,4.56,16203
CPSH,2026-07-24 13:30:00-04:00,4.57,4.6,4.48,4.48,10051
CPSH,2026-07-24 14:30:00-04:00,4.49,4.51,4.43,4.46,36890
CPSH,2026-07-24 15:30:00-04:00,4.45,4.55,4.43,4.43,44314
CPSH,2026-07-27 09:30:00-04:00,4.32,4.43,4.1401,4.1401,154059
CPSH,2026-07-27 10:30:00-04:00,4.13,4.1456,3.9,3.96,199691
CPSH,2026-07-27 11:30:00-04:00,3.9599,4.01,3.9201,3.99,96562
CPSH,2026-07-27 12:30:00-04:00,3.96,3.9965,3.9,3.9014,32397
CPSH,2026-07-27 13:30:00-04:00,3.902,3.95,3.89,3.925,42813
CPSH,2026-07-27 14:30:00-04:00,3.92,4.05,3.895,4.05,144832
CPSH,2026-07-27 15:30:00-04:00,4.05,4.05,3.96,4.0,52946
CPSH,2026-07-28 09:30:00-04:00,3.77,3.81,3.63,3.6894,105392
CPSH,2026-07-28 10:30:00-04:00,3.69,3.84,3.68,3.78,91201
CPSH,2026-07-28 11:30:00-04:00,3.78,3.92,3.75,3.775,102318
CPSH,2026-07-28 12:30:00-04:00,3.735,3.78,3.7,3.72,188904
CPSH,2026-07-28 13:30:00-04:00,3.7299,3.75,3.69,3.705,53135
CPSH,2026-07-28 14:30:00-04:00,3.7398,3.79,3.7,3.79,141833
CPSH,2026-07-28 15:30:00-04:00,3.79,3.83,3.72,3.78,59673
CPSH,2026-07-29 09:30:00-04:00,3.71,3.9084,3.645,3.645,84194
CPSH,2026-07-29 10:30:00-04:00,3.6655,3.7013,3.5811,3.5811,41992
CPSH,2026-07-29 11:30:00-04:00,3.565,3.5899,3.5,3.545,87183
CPSH,2026-07-29 12:30:00-04:00,3.54,3.605,3.5201,3.5699,37943
CPSH,2026-07-29 13:30:00-04:00,3.58,3.65,3.55,3.57,27927
CPSH,2026-07-29 14:30:00-04:00,3.57,3.715,3.56,3.59,56748
CPSH,2026-07-29 15:30:00-04:00,3.61,3.6255,3.47,3.51,91981
CPSH,2026-07-30 09:30:00-04:00,3.65,3.8793,3.625,3.785,52147
CPSH,2026-07-30 10:30:00-04:00,3.82,3.82,3.74,3.805,16577
CPSH,2026-07-30 11:30:00-04:00,3.8,3.8502,3.77,3.8201,13971
CPSH,2026-07-30 12:30:00-04:00,3.81,3.87,3.79,3.87,7487
CPSH,2026-07-30 13:30:00-04:00,3.8887,3.91,3.87,3.91,12745
CPSH,2026-07-30 14:30:00-04:00,3.92,3.96,3.91,3.92,14528
CPSH,2026-07-30 15:30:00-04:00,3.935,4.06,3.935,4.0,57277
CPSH,2026-07-31 09:30:00-04:00,4.1,4.18,3.85,3.935,131326
CPSH,2026-07-31 10:30:00-04:00,3.975,4.09,3.933,3.9999,13651
CPSH,2026-07-31 11:30:00-04:00,3.98,4.0,3.92,3.97,14061
CPSH,2026-07-31 12:30:00-04:00,3.99,4.025,3.97,4.025,6567
CPSH,2026-07-31 13:30:00-04:00,4.05,4.05,3.94,4.02,16804
CPSH,2026-07-31 14:30:00-04:00,4.005,4.015,3.97,4.015,6231
CPSH,2026-07-31 15:30:00-04:00,4.0,4.0,3.915,3.915,25986
CPSH,2026-08-03 09:30:00-04:00,4.0,4.17,3.95,4.11,60354
CPSH,2026-08-03 10:30:00-04:00,4.07,4.16,4.06,4.08,24178
CPSH,2026-08-03 11:30:00-04:00,4.085,4.11,4.07,4.11,19327
CPSH,2026-08-03 12:30:00-04:00,4.1,4.1,4.02,4.05,12038
CPSH,2026-08-03 13:30:00-04:00,4.06,4.1,4.06,4.0739,22327
CPSH,2026-08-03 14:30:00-04:00,4.07,4.15,4.05,4.14,65399
CPSH,2026-08-03 15:30:00-04:00,4.1104,4.14,4.07,4.07,42738
CPSH,2026-08-04 09:30:00-04:00,4.15,4.285,4.14,4.198,62281
CPSH,2026-08-04 10:30:00-04:00,4.195,4.2499,4.17,4.22,18052
CPSH,2026-08-04 11:30:00-04:00,4.22,4.27,4.21,4.26,33484
CPSH,2026-08-04 12:30:00-04:00,4.225,4.28,4.2,4.27,37813
CPSH,2026-08-04 13:30:00-04:00,4.28,4.29,4.2,4.23,42723
CPSH,2026-08-04 14:30:00-04:00,4.2235,4.2699,4.19,4.19,27608
CPSH,2026-08-04 15:30:00-04:00,4.17,4.29,4.17,4.25,82849
CPSH,2026-08-05 09:30:00-04:00,4.68,4.68,4.25,4.5,104568
CPSH,2026-08-05 10:30:00-04:00,4.4799,4.49,4.4001,4.41,24570
CPSH,2026-08-05 11:30:00-04:00,4.4223,4.4223,4.27,4.37,34942
CPSH,2026-08-05 12:30:00-04:00,4.41,4.4485,4.37,4.4248,13003
CPSH,2026-08-05 13:30:00-04:00,4.4252,4.4499,4.37,4.39,19456
CPSH,2026-08-05 14:30:00-04:00,4.3707,4.4399,4.37,4.415,11942
CPSH,2026-08-05 15:30:00-04:00,4.43,4.44,4.3,4.38,98594
CPSH,2026-08-06 09:30:00-04:00,4.25,4.455,4.149,4.42,28761
CPSH,2026-08-06 10:30:00-04:00,4.42,4.52,4.403,4.47,35676
CPSH,2026-08-06 11:30:00-04:00,4.4898,4.52,4.41,4.46,26611
CPSH,2026-08-06 12:30:00-04:00,4.46,4.52,4.41,4.44,26881
CPSH,2026-08-06 13:30:00-04:00,4.415,4.43,4.4,4.4245,10217
CPSH,2026-08-06 14:30:00-04:00,4.42,4.46,4.405,4.4435,19040
CPSH,2026-08-06 15:30:00-04:00,4.43,4.43,4.31,4.36,45415
CPSH,2026-08-07 09:30:00-04:00,4.43,4.6,4.3705,4.4101,56817
CPSH,2026-08-07 10:30:00-04:00,4.41,4.5462,4.375,4.5462,28866
CPSH,2026-08-07 11:30:00-04:00,4.52,4.54,4.465,4.49,17659
CPSH,2026-08-07 12:30:00-04:00,4.46,4.53,4.44,4.49,32600
CPSH,2026-08-07 13:30:00-04:00,4.48,4.51,4.46,4.47,24631
CPSH,2026-08-07 14:30:00-04:00,4.485,4.525,4.48,4.49,41856
CPSH,2026-08-07 15:30:00-04:00,4.5,4.505,4.45,4.46,43062
CPSH,2026-08-10 09:30:00-04:00,4.46,4.615,4.445,4.59,48294
CPSH,2026-08-10 10:30:00-04:00,4.57,4.5999,4.4375,4.45,26077
CPSH,2026-08-10 11:30:00-04:00,4.4461,4.455,4.4,4.42,13829
CPSH,2026-08-10 12:30:00-04:00,4.42,4.475,4.42,4.455,7845
CPSH,2026-08-10 13:30:00-04:00,4.4514,4.5,4.45,4.48,14817
CPSH,2026-08-10 14:30:00-04:00,4.47,4.48,4.43,4.435,16731
CPSH,2026-08-10 15:30:00-04:00,4.44,4.455,4.36,4.36,42036
CPSH,2026-08-11 09:30:00-04:00,4.36,4.5395,4.36,4.5395,16538
CPSH,2026-08-11 10:30:00-04:00,4.47,4.47,4.39,4.41,5312
CPSH,2026-08-11 11:30:00-04:00,4.4,4.51,4.39,4.49,21161
CPSH,2026-08-11 12:30:00-04:00,4.505,4.505,4.47,4.47,13996
CPSH,2026-08-11 13:30:00-04:00,4.49,4.52,4.46,4.4901,23468
CPSH,2026-08-11 14:30:00-04:00,4.46,4.4801,4.4,4.43,31533
CPSH,2026-08-11 15:30:00-04:00,4.44,4.45,4.41,4.43,33918
CPSH,2026-08-12 09:30:00-04:00,4.5,4.725,4.5,4.52,64109
CPSH,2026-08-12 10:30:00-04:00,4.54,4.54,4.5,4.52,9765
CPSH,2026-08-12 11:30:00-04:00,4.52,4.55,4.45,4.5,26434
CPSH,2026-08-12 12:30:00-04:00,4.49,4.57,4.49,4.5257,41080
CPSH,2026-08-12 13:30:00-04:00,4.535,4.565,4.525,4.56,18630
CPSH,2026-08-12 14:30:00-04:00,4.53,4.535,4.52,4.53,11449
CPSH,2026-08-12 15:30:00-04:00,4.53,4.53,4.455,4.465,51760
CPSH,2026-08-13 09:30:00-04:00,4.45,4.51,4.23,4.37,42359
CPSH,2026-08-13 10:30:00-04:00,4.4,4.4,4.21,4.35,78708
CPSH,2026-08-13 11:30:00-04:00,4.35,4.375,4.31,4.35,41355
CPSH,2026-08-13 12:30:00-04:00,4.36,4.46,4.36,4.42,15643
CPSH,2026-08-13 13:30:00-04:00,4.425,4.44,4.37,4.4177,25875
CPSH,2026-08-13 14:30:00-04:00,4.4197,4.44,4.41,4.43,9304
CPSH,2026-08-13 15:30:00-04:00,4.41,4.41,4.29,4.29,41356
CPSH,2026-08-14 09:30:00-04:00,4.29,4.35,4.23,4.35,35334
CPSH,2026-08-14 10:30:00-04:00,4.35,4.41,4.3,4.3,26913
CPSH,2026-08-14 11:30:00-04:00,4.34,4.41,4.32,4.38,14050
CPSH,2026-08-14 12:30:00-04:00,4.4,4.4,4.34,4.365,9320
CPSH,2026-08-14 13:30:00-04:00,4.38,4.38,4.325,4.36,6300
CPSH,2026-08-14 14:30:00-04:00,4.36,4.36,4.31,4.3101,11329
CPSH,2026-08-14 15:30:00-04:00,4.3404,4.36,4.31,4.31,28286
CPSH,2026-08-17 09:30:00-04:00,4.29,4.39,4.272,4.39,39386
CPSH,2026-08-17 10:30:00-04:00,4.3707,4.38,4.29,4.34,35818
CPSH,2026-08-17 11:30:00-04:00,4.34,4.43,4.34,4.39,16932
CPSH,2026-08-17 12:30:00-04:00,4.39,4.41,4.33,4.34,25283
CPSH,2026-08-17 13:30:00-04:00,4.33,4.36,4.32,4.35,7935
CPSH,2026-08-17 14:30:00-04:00,4.35,4.38,4.33,4.355,10138
CPSH,2026-08-17 15:30:00-04:00,4.3409,4.36,4.33,4.34,9734
CPSH,2026-08-18 09:30:00-04:00,4.26,4.35,4.14,4.24,57755
CPSH,2026-08-18 10:30:00-04:00,4.24,4.24,4.13,4.1367,8792
CPSH,2026-08-18 11:30:00-04:00,4.15,4.25,4.15,4.23,33728
CPSH,2026-08-18 12:30:00-04:00,4.22,4.29,4.2,4.23,24660
CPSH,2026-08-18 13:30:00-04:00,4.23,4.24,4.2,4.21,5969
CPSH,2026-08-18 14:30:00-04:00,4.19,4.23,4.15,4.23,34397
CPSH,2026-08-18 15:30:00-04:00,4.201,4.24,4.18,4.24,25252
CPSH,2026-08-19 09:30:00-04:00,4.29,4.33,3.9555,4.015,111506
CPSH,2026-08-19 10:30:00-04:00,4.02,4.065,4.0,4.035,48535
CPSH,2026-08-19 11:30:00-04:00,4.05,4.06,4.015,4.03,15561
CPSH,2026-08-19 12:30:00-04:00,4.025,4.05,3.96,3.994,34129
CPSH,2026-08-19 13:30:00-04:00,3.9899,4.03,3.97,3.99,31217
CPSH,2026-08-19 14:30:00-04:00,3.99,4.0,3.9649,4.0,31385
CPSH,2026-08-19 15:30:00-04:00,4.02,4.02,3.94,4.015,54058
CPSH,2026-08-20 09:30:00-04:00,3.94,3.98,3.84,3.85,50195
CPSH,2026-08-20 10:30:00-04:00,3.845,3.9,3.832,3.845,32065
CPSH,2026-08-20 11:30:00-04:00,3.85,3.85,3.8103,3.8399,18484
CPSH,2026-08-20 12:30:00-04:00,3.83,3.87,3.8296,3.855,6167
CPSH,2026-08-20 13:30:00-04:00,3.84,3.85,3.8,3.85,33862
CPSH,2026-08-20 14:30:00-04:00,3.84,3.848,3.83,3.83,13243
CPSH,2026-08-20 15:30:00-04:00,3.83,3.86,3.815,3.83,20367
CPSH,2026-08-21 09:30:00-04:00,3.85,3.96,3.85,3.905,60763
CPSH,2026-08-21 10:30:00-04:00,3.9006,3.95,3.88,3.9,59579
CPSH,2026-08-21 11:30:00-04:00,3.92,3.93,3.9,3.9,8635
CPSH,2026-08-21 12:30:00-04:00,3.92,3.92,3.895,3.91,7696
CPSH,2026-08-21 13:30:00-04:00,3.92,3.94,3.91,3.9397,20796
CPSH,2026-08-21 14:30:00-04:00,3.94,3.9508,3.93,3.94,29174
CPSH,2026-08-21 15:30:00-04:00,3.95,3.95,3.91,3.92,13438
CPSH,2026-08-24 09:30:00-04:00,3.87,3.9151,3.772,3.81,34561
CPSH,2026-08-24 10:30:00-04:00,3.8065,3.865,3.8,3.835,39664
CPSH,2026-08-24 11:30:00-04:00,3.83,3.8678,3.82,3.845,11813
CPSH,2026-08-24 12:30:00-04:00,3.86,3.89,3.8022,3.835,31453
CPSH,2026-08-24 13:30:00-04:00,3.835,3.87,3.81,3.87,28741
CPSH,2026-08-24 14:30:00-04:00,3.87,3.87,3.8439,3.8439,7743
CPSH,2026-08-24 15:30:00-04:00,3.85,3.89,3.84,3.875,36915
CPSH,2026-08-25 09:30:00-04:00,3.92,4.0,3.85,3.91,39743
CPSH,2026-08-25 10:30:00-04:00,3.925,3.94,3.9,3.9116,16255
CPSH,2026-08-25 11:30:00-04:00,3.925,3.93,3.89,3.9115,7767
CPSH,2026-08-25 12:30:00-04:00,3.91,3.9199,3.9,3.9158,1740
CPSH,2026-08-25 13:30:00-04:00,3.9199,3.93,3.86,3.93,7275
CPSH,2026-08-25 14:30:00-04:00,3.91,3.915,3.89,3.89,11979
CPSH,2026-08-25 15:30:00-04:00,3.9,4.04,3.9,4.04,71228
CPSH,2026-08-26 09:30:00-04:00,4.02,4.07,3.95,3.99,74254
CPSH,2026-08-26 10:30:00-04:00,3.99,3.995,3.91,3.925,49784
CPSH,2026-08-26 11:30:00-04:00,3.92,3.92,3.9006,3.905,10188
CPSH,2026-08-26 12:30:00-04:00,3.9,3.9,3.87,3.875,21577
CPSH,2026-08-26 13:30:00-04:00,3.87,3.8807,3.85,3.87,27532
CPSH,2026-08-26 14:30:00-04:00,3.865,3.88,3.86,3.86,10301
CPSH,2026-08-26 15:30:00-04:00,3.855,3.87,3.83,3.87,29892
CPSH,2026-08-27 09:30:00-04:00,3.86,3.96,3.8443,3.95,40042
CPSH,2026-08-27 10:30:00-04:00,3.9795,3.9795,3.8966,3.9141,6824
CPSH,2026-08-27 11:30:00-04:00,3.925,3.9392,3.89,3.89,5930
CPSH,2026-08-27 12:30:00-04:00,3.9204,3.93,3.9,3.9,13171
CPSH,2026-08-27 13:30:00-04:00,3.885,3.92,3.885,3.92,17813
CPSH,2026-08-27 14:30:00-04:00,3.92,3.92,3.9,3.92,8267
CPSH,2026-08-27 15:30:00-04:00,3.92,3.9255,3.9,3.92,11878
CPSH,2026-08-28 09:30:00-04:00,3.93,3.99,3.84,3.913,22068
CPSH,2026-08-28 10:30:00-04:00,3.89,3.93,3.89,3.905,8875
CPSH,2026-08-28 11:30:00-04:00,3.9,3.91,3.83,3.83,23080
CPSH,2026-08-28 12:30:00-04:00,3.8345,3.87,3.77,3.8,39622
CPSH,2026-08-28 13:30:00-04:00,3.81,3.81,3.7802,3.7903,12705
CPSH,2026-08-28 14:30:00-04:00,3.79,3.795,3.77,3.7816,13715
CPSH,2026-08-28 15:30:00-04:00,3.795,3.81,3.795,3.81,14754
CPSH,2026-08-31 09:30:00-04:00,3.81,4.03,3.81,3.88,261285
CPSH,2026-08-31 10:30:00-04:00,3.865,3.89,3.85,3.875,19350
CPSH,2026-08-31 11:30:00-04:00,3.87,3.87,3.809,3.85,22275
CPSH,2026-08-31 12:30:00-04:00,3.85,3.9,3.84,3.84,45446
CPSH,2026-08-31 13:30:00-04:00,3.83,3.832,3.8,3.81,19050
CPSH,2026-08-31 14:30:00-04:00,3.8199,3.855,3.81,3.85,22481
CPSH,2026-08-31 15:30:00-04:00,3.85,3.91,3.84,3.91,24984
CPSH,2026-09-01 09:30:00-04:00,3.81,3.83,3.73,3.7911,39769
CPSH,2026-09-01 10:30:00-04:00,3.7901,3.8,3.7,3.71,122638
CPSH,2026-09-01 11:30:00-04:00,3.72,3.74,3.68,3.6899,115618
CPSH,2026-09-01 12:30:00-04:00,3.66,3.685,3.61,3.68,130285
CPSH,2026-09-01 13:30:00-04:00,3.69,3.69,3.6,3.62,155300
CPSH,2026-09-01 14:30:00-04:00,3.62,3.69,3.59,3.69,72144
CPSH,2026-09-01 15:30:00-04:00,3.68,3.68,3.66,3.67,14706
CPSH,2026-09-02 09:30:00-04:00,3.64,3.71,3.6,3.71,34570
CPSH,2026-09-02 10:30:00-04:00,3.7104,3.7104,3.665,3.68,13595
CPSH,2026-09-02 11:30:00-04:00,3.69,3.69,3.65,3.665,3456
CPSH,2026-09-02 12:30:00-04:00,3.68,3.7,3.6701,3.699,5902
CPSH,2026-09-02 13:30:00-04:00,3.7,3.725,3.7,3.71,6151
CPSH,2026-09-02 14:30:00-04:00,3.7276,3.75,3.7141,3.7385,8008
CPSH,2026-09-02 15:30:00-04:00,3.73,3.735,3.7,3.7,24650
CPSH,2026-09-03 09:30:00-04:00,3.8,3.82,3.7051,3.74,28978
CPSH,2026-09-03 10:30:00-04:00,3.73,3.81,3.73,3.81,7548
CPSH,2026-09-03 11:30:00-04:00,3.8,3.92,3.8,3.88,65795
CPSH,2026-09-03 12:30:00-04:00,3.88,3.92,3.86,3.91,47742
CPSH,2026-09-03 13:30:00-04:00,3.92,3.92,3.85,3.85,59039
CPSH,2026-09-03 14:30:00-04:00,3.86,3.89,3.85,3.87,43835
CPSH,2026-09-03 15:30:00-04:00,3.86,3.87,3.82,3.825,27790
OPEN,2026-07-06 09:30:00-04:00,4.89,5.14,4.84,5.125,11847584
OPEN,2026-07-06 10:30:00-04:00,5.125,5.23,5.02,5.185,11374262
OPEN,2026-07-06 11:30:00-04:00,5.185,5.32,5.14,5.32,15920576
OPEN,2026-07-06 12:30:00-04:00,5.32,5.32,5.16,5.175,16225998
OPEN,2026-07-06 13:30:00-04:00,5.1748,5.18,5.08,5.12,11987965
OPEN,2026-07-06 14:30:00-04:00,5.1199,5.14,5.035,5.12,9604290
OPEN,2026-07-06 15:30:00-04:00,5.1175,5.12,5.05,5.08,7527776
OPEN,2026-07-07 09:30:00-04:00,5.05,5.2,4.915,5.0084,11132463
OPEN,2026-07-07 10:30:00-04:00,5.0,5.08,4.96,5.061,10704156
OPEN,2026-07-07 11:30:00-04:00,5.065,5.11,5.0,5.025,16327067
OPEN,2026-07-07 12:30:00-04:00,5.025,5.04,4.965,4.995,12573927
OPEN,2026-07-07 13:30:00-04:00,4.995,5.01,4.94,4.9641,14614846
OPEN,2026-07-07 14:30:00-04:00,4.96,4.97,4.82,4.835,12720792
OPEN,2026-07-07 15:30:00-04:00,4.835,4.86,4.76,4.795,6705140
OPEN,2026-07-08 09:30:00-04:00,4.71,4.735,4.535,4.615,8619850
OPEN,2026-07-08 10:30:00-04:00,4.62,4.66,4.54,4.5694,9593806
OPEN,2026-07-08 11:30:00-04:00,4.565,4.65,4.54,4.6401,17650808
OPEN,2026-07-08 12:30:00-04:00,4.64,4.8,4.635,4.7855,17642249
OPEN,2026-07-08 13:30:00-04:00,4.785,4.81,4.72,4.735,17248518
OPEN,2026-07-08 14:30:00-04:00,4.735,4.82,4.69,4.805,20250118
OPEN,2026-07-08 15:30:00-04:00,4.805,4.83,4.755,4.79,8367934
OPEN,2026-07-09 09:30:00-04:00,4.75,5.325,4.72,5.32,16670662
OPEN,2026-07-09 10:30:00-04:00,5.33,5.37,5.18,5.205,18576797
OPEN,2026-07-09 11:30:00-04:00,5.2001,5.38,5.17,5.27,15060537
OPEN,2026-07-09 12:30:00-04:00,5.27,5.32,5.26,5.29,9639959
OPEN,2026-07-09 13:30:00-04:00,5.2901,5.31,5.15,5.16,17874142
OPEN,2026-07-09 14:30:00-04:00,5.165,5.26,5.145,5.23,19346064
OPEN,2026-07-09 15:30:00-04:00,5.2214,5.34,5.21,5.28,11171795
OPEN,2026-07-10 09:30:00-04:00,5.4,5.495,5.0,5.0397,18642216
OPEN,2026-07-10 10:30:00-04:00,5.04,5.0699,4.86,4.865,19128946
OPEN,2026-07-10 11:30:00-04:00,4.87,4.91,4.78,4.825,13237448
OPEN,2026-07-10 12:30:00-04:00,4.82,4.91,4.77,4.885,8903322
OPEN,2026-07-10 13:30:00-04:00,4.885,4.92,4.8601,4.875,3286984
OPEN,2026-07-10 14:30:00-04:00,4.87,4.9,4.8349,4.845,2731197
OPEN,2026-07-10 15:30:00-04:00,4.845,4.85,4.76,4.76,4231863
OPEN,2026-07-13 09:30:00-04:00,4.75,4.76,4.56,4.625,7466957
OPEN,2026-07-13 10:30:00-04:00,4.625,4.67,4.585,4.615,6341067
OPEN,2026-07-13 11:30:00-04:00,4.62,4.66,4.6101,4.615,9935451
OPEN,2026-07-13 12:30:00-04:00,4.62,4.64,4.58,4.635,14490935
OPEN,2026-07-13 13:30:00-04:00,4.635,4.665,4.5937,4.595,9890820
OPEN,2026-07-13 14:30:00-04:00,4.595,4.6,4.45,4.4701,5427251
OPEN,2026-07-13 15:30:00-04:00,4.47,4.5,4.44,4.48,6808805
OPEN,2026-07-14 09:30:00-04:00,4.525,4.65,4.48,4.505,7382998
OPEN,2026-07-14 10:30:00-04:00,4.5,4.565,4.4601,4.56,11429909
OPEN,2026-07-14 11:30:00-04:00,4.565,4.57,4.48,4.5085,16377780
OPEN,2026-07-14 12:30:00-04:00,4.5077,4.525,4.46,4.495,18034832
OPEN,2026-07-14 13:30:00-04:00,4.4959,4.53,4.44,4.5166,18669501
OPEN,2026-07-14 14:30:00-04:00,4.515,4.55,4.48,4.53,17669486
OPEN,2026-07-14 15:30:00-04:00,4.535,4.565,4.5,4.55,6110550
OPEN,2026-07-15 09:30:00-04:00,4.625,4.89,4.5405,4.8488,15459752
OPEN,2026-07-15 10:30:00-04:00,4.85,4.9,4.79,4.885,26142227
OPEN,2026-07-15 11:30:00-04:00,4.885,4.89,4.72,4.7399,21585273
OPEN,2026-07-15 12:30:00-04:00,4.735,4.78,4.65,4.7399,18426243
OPEN,2026-07-15 13:30:00-04:00,4.745,4.79,4.72,4.775,16036068
OPEN,2026-07-15 14:30:00-04:00,4.775,4.78,4.72,4.725,9450626
OPEN,2026-07-15 15:30:00-04:00,4.73,4.79,4.72,4.735,6283992
OPEN,2026-07-16 09:30:00-04:00,4.69,4.805,4.56,4.695,13674609
OPEN,2026-07-16 10:30:00-04:00,4.69,4.7197,4.65,4.675,25618468
OPEN,2026-07-16 11:30:00-04:00,4.675,4.75,4.62,4.645,30636263
OPEN,2026-07-16 12:30:00-04:00,4.645,4.7,4.61,4.631,22060147
OPEN,2026-07-16 13:30:00-04:00,4.63,4.65,4.6,4.615,20920458
OPEN,2026-07-16 14:30:00-04:00,4.615,4.66,4.53,4.545,16920180
OPEN,2026-07-16 15:30:00-04:00,4.545,4.62,4.51,4.575,11514605
OPEN,2026-07-17 09:30:00-04:00,4.48,4.52,4.36,4.41,12418544
OPEN,2026-07-17 10:30:00-04:00,4.4095,4.42,4.34,4.385,17021876
OPEN,2026-07-17 11:30:00-04:00,4.385,4.5,4.365,4.48,25360699
OPEN,2026-07-17 12:30:00-04:00,4.47,4.57,4.43,4.565,20071421
OPEN,2026-07-17 13:30:00-04:00,4.5633,4.58,4.445,4.455,15419083
OPEN,2026-07-17 14:30:00-04:00,4.4501,4.47,4.37,4.3901,8813150
OPEN,2026-07-17 15:30:00-04:00,4.4,4.52,4.37,4.51,5463252
OPEN,2026-07-20 09:30:00-04:00,4.49,4.54,4.3,4.3699,10027926
OPEN,2026-07-20 10:30:00-04:00,4.365,4.465,4.34,4.45,12693147
OPEN,2026-07-20 11:30:00-04:00,4.4599,4.51,4.42,4.495,14039542
OPEN,2026-07-20 12:30:00-04:00,4.495,4.53,4.425,4.4901,14731711
OPEN,2026-07-20 13:30:00-04:00,4.495,4.51,4.45,4.485,12259756
OPEN,2026-07-20 14:30:00-04:00,4.4836,4.4836,4.38,4.39,9249201
OPEN,2026-07-20 15:30:00-04:00,4.395,4.48,4.375,4.45,8240471
OPEN,2026-07-21 09:30:00-04:00,4.47,4.53,4.335,4.3887,8226436
OPEN,2026-07-21 10:30:00-04:00,4.385,4.4,4.34,4.3722,14768103
OPEN,2026-07-21 11:30:00-04:00,4.38,4.38,4.32,4.3399,11140210
OPEN,2026-07-21 12:30:00-04:00,4.34,4.41,4.33,4.395,8844314
OPEN,2026-07-21 13:30:00-04:00,4.395,4.43,4.36,4.365,5783612
OPEN,2026-07-21 14:30:00-04:00,4.365,4.3691,4.27,4.29,4792693
OPEN,2026-07-21 15:30:00-04:00,4.295,4.51,4.29,4.49,10496914
OPEN,2026-07-22 09:30:00-04:00,4.46,4.5,4.35,4.385,6568201
OPEN,2026-07-22 10:30:00-04:00,4.39,4.45,4.36,4.44,14452727
OPEN,2026-07-22 11:30:00-04:00,4.4457,4.46,4.41,4.4489,19271283
OPEN,2026-07-22 12:30:00-04:00,4.4499,4.47,4.42,4.435,14748221
OPEN,2026-07-22 13:30:00-04:00,4.435,4.455,4.41,4.435,16500491
OPEN,2026-07-22 14:30:00-04:00,4.44,4.46,4.41,4.4571,12159559
OPEN,2026-07-22 15:30:00-04:00,4.46,4.485,4.37,4.37,9943136
OPEN,2026-07-23 09:30:00-04:00,4.275,4.295,4.01,4.025,14463839
OPEN,2026-07-23 10:30:00-04:00,4.0201,4.04,3.87,3.875,19902854
OPEN,2026-07-23 11:30:00-04:00,3.8799,3.97,3.84,3.9101,13135512
OPEN,2026-07-23 12:30:00-04:00,3.92,3.92,3.87,3.885,12939053
OPEN,2026-07-23 13:30:00-04:00,3.89,3.89,3.85,3.8686,7017534
OPEN,2026-07-23 14:30:00-04:00,3.865,3.9,3.82,3.865,7877298
OPEN,2026-07-23 15:30:00-04:00,3.865,3.88,3.81,3.85,8864077
OPEN,2026-07-24 09:30:00-04:00,3.93,3.93,3.77,3.8462,8553146
OPEN,2026-07-24 10:30:00-04:00,3.845,3.98,3.805,3.975,10675685
OPEN,2026-07-24 11:30:00-04:00,3.98,4.005,3.93,3.955,8529814
OPEN,2026-07-24 12:30:00-04:00,3.955,3.97,3.93,3.965,3878693
OPEN,2026-07-24 13:30:00-04:00,3.965,3.98,3.91,3.9158,3060216
OPEN,2026-07-24 14:30:00-04:00,3.915,3.92,3.87,3.8786,3799186
OPEN,2026-07-24 15:30:00-04:00,3.88,3.91,3.83,3.8307,4210496
OPEN,2026-07-27 09:30:00-04:00,3.85,4.03,3.8,3.8299,8027017
OPEN,2026-07-27 10:30:00-04:00,3.825,3.89,3.8,3.8799,6393646
OPEN,2026-07-27 11:30:00-04:00,3.8799,3.89,3.82,3.8699,4161062
OPEN,2026-07-27 12:30:00-04:00,3.8601,3.885,3.77,3.815,4673328
OPEN,2026-07-27 13:30:00-04:00,3.8101,3.82,3.79,3.7926,1976012
OPEN,2026-07-27 14:30:00-04:00,3.7999,3.82,3.78,3.82,2906895
OPEN,2026-07-27 15:30:00-04:00,3.82,3.855,3.8,3.835,3437852
OPEN,2026-07-28 09:30:00-04:00,3.8,3.835,3.72,3.78,6972907
OPEN,2026-07-28 10:30:00-04:00,3.7736,3.86,3.7501,3.855,4716352
OPEN,2026-07-28 11:30:00-04:00,3.86,3.9,3.84,3.855,3835231
OPEN,2026-07-28 12:30:00-04:00,3.855,3.88,3.84,3.875,1976130
OPEN,2026-07-28 13:30:00-04:00,3.875,3.93,3.87,3.92,3016608
OPEN,2026-07-28 14:30:00-04:00,3.915,3.93,3.88,3.9156,2478889
OPEN,2026-07-28 15:30:00-04:00,3.92,3.98,3.92,3.945,3677495
OPEN,2026-07-29 09:30:00-04:00,3.89,4.02,3.81,3.825,5662718
OPEN,2026-07-29 10:30:00-04:00,3.8244,3.86,3.805,3.815,2735605
OPEN,2026-07-29 11:30:00-04:00,3.815,3.835,3.775,3.826,3912631
OPEN,2026-07-29 12:30:00-04:00,3.825,3.87,3.82,3.845,2182689
OPEN,2026-07-29 13:30:00-04:00,3.85,3.93,3.81,3.825,4032944
OPEN,2026-07-29 14:30:00-04:00,3.83,3.91,3.78,3.8,4259318
OPEN,2026-07-29 15:30:00-04:00,3.8,3.81,3.625,3.665,5670093
OPEN,2026-07-30 09:30:00-04:00,3.71,3.735,3.62,3.6884,8020894
OPEN,2026-07-30 10:30:00-04:00,3.685,3.76,3.68,3.7101,7188039
OPEN,2026-07-30 11:30:00-04:00,3.71,3.76,3.68,3.72,4175648
OPEN,2026-07-30 12:30:00-04:00,3.725,3.84,3.71,3.8201,5351930
OPEN,2026-07-30 13:30:00-04:00,3.825,3.86,3.81,3.83,4380819
OPEN,2026-07-30 14:30:00-04:00,3.83,3.855,3.785,3.8509,3746530
OPEN,2026-07-30 15:30:00-04:00,3.855,3.88,3.82,3.825,4640115
OPEN,2026-07-31 09:30:00-04:00,3.87,3.88,3.6801,3.74,7710918
OPEN,2026-07-31 10:30:00-04:00,3.75,3.78,3.7,3.71,3768483
OPEN,2026-07-31 11:30:00-04:00,3.71,3.76,3.7,3.755,2939431
OPEN,2026-07-31 12:30:00-04:00,3.76,3.84,3.75,3.825,3728259
OPEN,2026-07-31 13:30:00-04:00,3.8201,3.85,3.81,3.83,2633765
OPEN,2026-07-31 14:30:00-04:00,3.83,3.84,3.8,3.8,2574058
OPEN,2026-07-31 15:30:00-04:00,3.805,3.81,3.74,3.765,3850095
OPEN,2026-08-03 09:30:00-04:00,3.805,3.99,3.78,3.975,7898393
OPEN,2026-08-03 10:30:00-04:00,3.98,4.02,3.92,3.9725,5721852
OPEN,2026-08-03 11:30:00-04:00,3.97,4.03,3.97,4.01,3410417
OPEN,2026-08-03 12:30:00-04:00,4.0124,4.06,3.98,4.01,4548149
OPEN,2026-08-03 13:30:00-04:00,4.01,4.02,3.97,3.975,4761431
OPEN,2026-08-03 14:30:00-04:00,3.975,4.0,3.97,3.99,3749606
OPEN,2026-08-03 15:30:00-04:00,3.99,4.02,3.93,3.94,5204718
OPEN,2026-08-04 09:30:00-04:00,4.0,4.175,4.0,4.1601,10668353
OPEN,2026-08-04 10:30:00-04:00,4.17,4.18,4.11,4.14,6003610
OPEN,2026-08-04 11:30:00-04:00,4.145,4.2,4.14,4.17,4466527
OPEN,2026-08-04 12:30:00-04:00,4.17,4.22,4.17,4.2164,5143622
OPEN,2026-08-04 13:30:00-04:00,4.21,4.22,4.16,4.165,5720478
OPEN,2026-08-04 14:30:00-04:00,4.165,4.2,4.14,4.18,5228573
OPEN,2026-08-04 15:30:00-04:00,4.17,4.195,4.1,4.135,6619656
OPEN,2026-08-05 09:30:00-04:00,3.89,4.0,3.72,3.88,20229846
OPEN,2026-08-05 10:30:00-04:00,3.885,3.93,3.85,3.9,6927811
OPEN,2026-08-05 11:30:00-04:00,3.895,3.9,3.78,3.84,5882667
OPEN,2026-08-05 12:30:00-04:00,3.8301,3.86,3.82,3.83,4368585
OPEN,2026-08-05 13:30:00-04:00,3.83,3.85,3.78,3.79,4921008
OPEN,2026-08-05 14:30:00-04:00,3.795,3.81,3.72,3.765,7290484
OPEN,2026-08-05 15:30:00-04:00,3.765,3.8,3.73,3.77,8569315
OPEN,2026-08-06 09:30:00-04:00,3.7,3.7,3.41,3.468,15570087
OPEN,2026-08-06 10:30:00-04:00,3.465,3.52,3.42,3.475,7004520
OPEN,2026-08-06 11:30:00-04:00,3.4742,3.49,3.42,3.4301,5452631
OPEN,2026-08-06 12:30:00-04:00,3.43,3.47,3.38,3.455,6580304
OPEN,2026-08-06 13:30:00-04:00,3.46,3.46,3.42,3.435,2403794
OPEN,2026-08-06 14:30:00-04:00,3.44,3.48,3.43,3.455,3392951
OPEN,2026-08-06 15:30:00-04:00,3.46,3.46,3.44,3.445,3705317
OPEN,2026-08-07 09:30:00-04:00,3.49,3.59,3.48,3.58,7727318
OPEN,2026-08-07 10:30:00-04:00,3.575,3.58,3.54,3.56,2834282
OPEN,2026-08-07 11:30:00-04:00,3.56,3.56,3.52,3.52,2161163
OPEN,2026-08-07 12:30:00-04:00,3.53,3.57,3.52,3.555,4202609
OPEN,2026-08-07 13:30:00-04:00,3.555,3.56,3.52,3.525,1584275
OPEN,2026-08-07 14:30:00-04:00,3.525,3.54,3.51,3.515,2273901
OPEN,2026-08-07 15:30:00-04:00,3.515,3.52,3.4601,3.485,4518840
OPEN,2026-08-10 09:30:00-04:00,3.43,3.55,3.418,3.495,7931799
OPEN,2026-08-10 10:30:00-04:00,3.49,3.565,3.47,3.53,4291543
OPEN,2026-08-10 11:30:00-04:00,3.538,3.57,3.52,3.555,3742667
OPEN,2026-08-10 12:30:00-04:00,3.555,3.56,3.43,3.4399,3693823
OPEN,2026-08-10 13:30:00-04:00,3.44,3.48,3.42,3.478,4369592
OPEN,2026-08-10 14:30:00-04:00,3.478,3.5,3.46,3.49,2930556
OPEN,2026-08-10 15:30:00-04:00,3.495,3.53,3.47,3.475,3772273
OPEN,2026-08-11 09:30:00-04:00,3.51,3.53,3.4314,3.47,4918473
OPEN,2026-08-11 10:30:00-04:00,3.465,3.5096,3.42,3.4301,4444061
OPEN,2026-08-11 11:30:00-04:00,3.435,3.5,3.39,3.485,5193924
OPEN,2026-08-11 12:30:00-04:00,3.485,3.495,3.45,3.48,3312395
OPEN,2026-08-11 13:30:00-04:00,3.48,3.52,3.48,3.481,2790317
OPEN,2026-08-11 14:30:00-04:00,3.485,3.5599,3.485,3.5599,5090962
OPEN,2026-08-11 15:30:00-04:00,3.56,3.6,3.55,3.595,4456255
OPEN,2026-08-12 09:30:00-04:00,3.625,3.65,3.51,3.52,4850199
OPEN,2026-08-12 10:30:00-04:00,3.52,3.54,3.46,3.47,3285968
OPEN,2026-08-12 11:30:00-04:00,3.47,3.5,3.45,3.485,2550283
OPEN,2026-08-12 12:30:00-04:00,3.48,3.49,3.4601,3.475,1361264
OPEN,2026-08-12 13:30:00-04:00,3.475,3.5,3.47,3.485,1292231
OPEN,2026-08-12 14:30:00-04:00,3.4877,3.5,3.47,3.48,1471708
OPEN,2026-08-12 15:30:00-04:00,3.4814,3.5,3.455,3.4965,2562752
OPEN,2026-08-13 09:30:00-04:00,3.25,3.545,3.21,3.46,102287894
OPEN,2026-08-13 10:30:00-04:00,3.4601,3.62,3.44,3.515,15601924
OPEN,2026-08-13 11:30:00-04:00,3.5199,3.57,3.51,3.56,8861859
OPEN,2026-08-13 12:30:00-04:00,3.5602,3.61,3.56,3.58,17335529
OPEN,2026-08-13 13:30:00-04:00,3.575,3.6,3.56,3.5745,5963494
OPEN,2026-08-13 14:30:00-04:00,3.5775,3.66,3.575,3.61,8892975
OPEN,2026-08-13 15:30:00-04:00,3.6123,3.66,3.6,3.66,6916273
OPEN,2026-08-14 09:30:00-04:00,3.67,3.75,3.61,3.615,9234629
OPEN,2026-08-14 10:30:00-04:00,3.61,3.66,3.6,3.615,5318585
OPEN,2026-08-14 11:30:00-04:00,3.61,3.62,3.58,3.605,6251107
OPEN,2026-08-14 12:30:00-04:00,3.6,3.67,3.59,3.66,8486388
OPEN,2026-08-14 13:30:00-04:00,3.665,3.7,3.65,3.655,3239895
OPEN,2026-08-14 14:30:00-04:00,3.65,3.66,3.6,3.62,5012452
OPEN,2026-08-14 15:30:00-04:00,3.625,3.645,3.61,3.635,4318454
OPEN,2026-08-17 09:30:00-04:00,3.66,3.67,3.465,3.5095,11500792
OPEN,2026-08-17 10:30:00-04:00,3.505,3.7,3.505,3.6214,9820397
OPEN,2026-08-17 11:30:00-04:00,3.625,3.63,3.56,3.5998,4887926
OPEN,2026-08-17 12:30:00-04:00,3.595,3.6,3.49,3.5,4277151
OPEN,2026-08-17 13:30:00-04:00,3.495,3.52,3.48,3.505,4722148
OPEN,2026-08-17 14:30:00-04:00,3.5099,3.53,3.46,3.5,7674626
OPEN,2026-08-17 15:30:00-04:00,3.49,3.56,3.49,3.545,5058213
OPEN,2026-08-18 09:30:00-04:00,3.47,3.51,3.43,3.485,6677110
OPEN,2026-08-18 10:30:00-04:00,3.49,3.49,3.43,3.455,6015397
OPEN,2026-08-18 11:30:00-04:00,3.455,3.46,3.43,3.4376,3814234
OPEN,2026-08-18 12:30:00-04:00,3.435,3.465,3.41,3.41,3677955
OPEN,2026-08-18 13:30:00-04:00,3.4101,3.42,3.37,3.4099,4361453
OPEN,2026-08-18 14:30:00-04:00,3.41,3.42,3.39,3.406,4919993
OPEN,2026-08-18 15:30:00-04:00,3.405,3.42,3.35,3.355,5596329
OPEN,2026-08-19 09:30:00-04:00,3.49,3.6,3.46,3.555,9971277
OPEN,2026-08-19 10:30:00-04:00,3.555,3.64,3.55,3.61,7271410
OPEN,2026-08-19 11:30:00-04:00,3.605,3.62,3.59,3.605,4595024
OPEN,2026-08-19 12:30:00-04:00,3.605,3.61,3.53,3.5388,3901205
OPEN,2026-08-19 13:30:00-04:00,3.54,3.58,3.51,3.525,3633463
OPEN,2026-08-19 14:30:00-04:00,3.52,3.56,3.52,3.54,2374565
OPEN,2026-08-19 15:30:00-04:00,3.545,3.595,3.51,3.59,5286163
OPEN,2026-08-20 09:30:00-04:00,3.57,3.58,3.44,3.455,5947693
OPEN,2026-08-20 10:30:00-04:00,3.45,3.5,3.44,3.445,5692188
OPEN,2026-08-20 11:30:00-04:00,3.445,3.45,3.41,3.44,4922172
OPEN,2026-08-20 12:30:00-04:00,3.44,3.49,3.435,3.455,2542656
OPEN,2026-08-20 13:30:00-04:00,3.455,3.47,3.43,3.4601,2592585
OPEN,2026-08-20 14:30:00-04:00,3.46,3.47,3.44,3.47,2055523
OPEN,2026-08-20 15:30:00-04:00,3.47,3.5,3.46,3.465,3279326
OPEN,2026-08-21 09:30:00-04:00,3.5005,3.52,3.43,3.475,3883977
OPEN,2026-08-21 10:30:00-04:00,3.475,3.55,3.45,3.535,4867343
OPEN,2026-08-21 11:30:00-04:00,3.53,3.55,3.5123,3.535,1959816
OPEN,2026-08-21 12:30:00-04:00,3.535,3.54,3.52,3.525,2125579
OPEN,2026-08-21 13:30:00-04:00,3.525,3.53,3.51,3.52,2490467
OPEN,2026-08-21 14:30:00-04:00,3.525,3.53,3.51,3.515,1790875
OPEN,2026-08-21 15:30:00-04:00,3.51,3.54,3.495,3.525,2668954
OPEN,2026-08-24 09:30:00-04:00,3.486,3.57,3.46,3.49,6145487
OPEN,2026-08-24 10:30:00-04:00,3.49,3.51,3.48,3.5,2449073
OPEN,2026-08-24 11:30:00-04:00,3.501,3.54,3.49,3.514,3544031
OPEN,2026-08-24 12:30:00-04:00,3.52,3.52,3.485,3.495,3153098
OPEN,2026-08-24 13:30:00-04:00,3.5,3.5,3.46,3.48,2694290
OPEN,2026-08-24 14:30:00-04:00,3.49,3.49,3.45,3.475,10532791
OPEN,2026-08-24 15:30:00-04:00,3.48,3.48,3.41,3.415,2243132
OPEN,2026-08-25 09:30:00-04:00,3.45,3.57,3.44,3.552,6138486
OPEN,2026-08-25 10:30:00-04:00,3.56,3.56,3.52,3.54,3480029
OPEN,2026-08-25 11:30:00-04:00,3.53,3.61,3.53,3.55,3774511
OPEN,2026-08-25 12:30:00-04:00,3.5572,3.56,3.53,3.56,3989212
OPEN,2026-08-25 13:30:00-04:00,3.56,3.57,3.43,3.54,2002769
OPEN,2026-08-25 14:30:00-04:00,3.5488,3.58,3.54,3.57,3082795
OPEN,2026-08-25 15:30:00-04:00,3.57,3.6,3.56,3.595,2631077
OPEN,2026-08-26 09:30:00-04:00,3.58,3.58,3.46,3.48,4529616
OPEN,2026-08-26 10:30:00-04:00,3.47,3.48,3.42,3.43,3638017
OPEN,2026-08-26 11:30:00-04:00,3.425,3.445,3.41,3.42,2986158
OPEN,2026-08-26 12:30:00-04:00,3.42,3.44,3.41,3.44,2319558
OPEN,2026-08-26 13:30:00-04:00,3.43,3.47,3.43,3.45,2212238
OPEN,2026-08-26 14:30:00-04:00,3.455,3.48,3.45,3.45,2344780
OPEN,2026-08-26 15:30:00-04:00,3.45,3.465,3.41,3.42,4388357
OPEN,2026-08-27 09:30:00-04:00,3.455,3.46,3.4,3.425,4351895
OPEN,2026-08-27 10:30:00-04:00,3.425,3.44,3.39,3.42,4904243
OPEN,2026-08-27 11:30:00-04:00,3.42,3.45,3.4,3.44,2447819
OPEN,2026-08-27 12:30:00-04:00,3.43,3.44,3.405,3.41,1239086
OPEN,2026-08-27 13:30:00-04:00,3.42,3.42,3.355,3.36,2851062
OPEN,2026-08-27 14:30:00-04:00,3.37,3.4,3.36,3.4,1958202
OPEN,2026-08-27 15:30:00-04:00,3.4,3.42,3.37,3.375,2023133
OPEN,2026-08-28 09:30:00-04:00,3.37,3.43,3.32,3.34,5865356
OPEN,2026-08-28 10:30:00-04:00,3.335,3.4,3.33,3.4,3535253
OPEN,2026-08-28 11:30:00-04:00,3.4,3.4,3.3,3.3,3932341
OPEN,2026-08-28 12:30:00-04:00,3.3,3.335,3.3,3.32,2383668
OPEN,2026-08-28 13:30:00-04:00,3.325,3.34,3.31,3.32,1602640
OPEN,2026-08-28 14:30:00-04:00,3.31,3.33,3.29,3.33,2702654
OPEN,2026-08-28 15:30:00-04:00,3.33,3.33,3.29,3.295,2059803
OPEN,2026-08-31 09:30:00-04:00,3.25,3.27,3.15,3.18,8447759
OPEN,2026-08-31 10:30:00-04:00,3.175,3.22,3.17,3.1901,3063809
OPEN,2026-08-31 11:30:00-04:00,3.19,3.2,3.17,3.1701,2133805
OPEN,2026-08-31 12:30:00-04:00,3.17,3.2,3.17,3.18,2586346
OPEN,2026-08-31 13:30:00-04:00,3.18,3.19,3.17,3.185,2710980
OPEN,2026-08-31 14:30:00-04:00,3.1857,3.22,3.17,3.205,4502310
OPEN,2026-08-31 15:30:00-04:00,3.205,3.23,3.19,3.205,5206806
OPEN,2026-09-01 09:30:00-04:00,3.072,3.13,3.04,3.125,10204916
OPEN,2026-09-01 10:30:00-04:00,3.1299,3.14,3.09,3.1188,2847124
OPEN,2026-09-01 11:30:00-04:00,3.115,3.12,3.07,3.08,2632863
OPEN,2026-09-01 12:30:00-04:00,3.08,3.08,3.05,3.0581,2199384
OPEN,2026-09-01 13:30:00-04:00,3.06,3.08,3.05,3.05,2589307
OPEN,2026-09-01 14:30:00-04:00,3.055,3.06,3.03,3.055,3106362
OPEN,2026-09-01 15:30:00-04:00,3.055,3.06,3.04,3.055,3884540
OPEN,2026-09-02 09:30:00-04:00,3.04,3.11,3.01,3.09,6754987
OPEN,2026-09-02 10:30:00-04:00,3.095,3.125,3.08,3.12,2915244
OPEN,2026-09-02 11:30:00-04:00,3.12,3.12,3.07,3.085,1937213
OPEN,2026-09-02 12:30:00-04:00,3.085,3.1,3.07,3.075,1516785
OPEN,2026-09-02 13:30:00-04:00,3.075,3.1,3.07,3.07,1782240
OPEN,2026-09-02 14:30:00-04:00,3.074,3.09,3.07,3.075,2234771
OPEN,2026-09-02 15:30:00-04:00,3.08,3.1,3.05,3.095,2906843
OPEN,2026-09-03 09:30:00-04:00,3.21,3.24,3.11,3.12,6419559
OPEN,2026-09-03 10:30:00-04:00,3.1299,3.1499,3.1,3.14,4029495
OPEN,2026-09-03 11:30:00-04:00,3.1415,3.15,3.105,3.125,2301005
OPEN,2026-09-03 12:30:00-04:00,3.125,3.14,3.11,3.13,1727483
OPEN,2026-09-03 13:30:00-04:00,3.13,3.15,3.13,3.13,1401840
OPEN,2026-09-03 14:30:00-04:00,3.135,3.165,3.12,3.13,2401458
OPEN,2026-09-03 15:30:00-04:00,3.135,3.14,3.12,3.125,2017299
RDW,2026-07-06 09:30:00-04:00,11.12,11.62,11.09,11.36,4754753
RDW,2026-07-06 10:30:00-04:00,11.365,11.495,11.15,11.41,1982844
RDW,2026-07-06 11:30:00-04:00,11.4,11.56,11.295,11.48,1518231
RDW,2026-07-06 12:30:00-04:00,11.475,11.5,11.3,11.315,981836
RDW,2026-07-06 13:30:00-04:00,11.31,11.34,11.15,11.2183,1402575
RDW,2026-07-06 14:30:00-04:00,11.21,11.29,11.18,11.28,1270727
RDW,2026-07-06 15:30:00-04:00,11.28,11.365,11.18,11.345,2775917
RDW,2026-07-07 09:30:00-04:00,11.1,11.18,10.18,10.315,5175869
RDW,2026-07-07 10:30:00-04:00,10.31,10.39,10.125,10.255,2602897
RDW,2026-07-07 11:30:00-04:00,10.26,10.42,10.17,10.405,1457152
RDW,2026-07-07 12:30:00-04:00,10.405,10.44,10.32,10.39,1104535
RDW,2026-07-07 13:30:00-04:00,10.3954,10.515,10.3801,10.39,1173413
RDW,2026-07-07 14:30:00-04:00,10.395,10.3951,10.1901,10.22,1644705
RDW,2026-07-07 15:30:00-04:00,10.225,10.27,10.18,10.205,1496363
RDW,2026-07-08 09:30:00-04:00,10.23,10.97,10.1868,10.77,5732856
RDW,2026-07-08 10:30:00-04:00,10.765,10.795,10.32,10.355,1860918
RDW,2026-07-08 11:30:00-04:00,10.36,10.53,10.325,10.51,984538
RDW,2026-07-08 12:30:00-04:00,10.505,10.53,10.26,10.4055,1049584
RDW,2026-07-08 13:30:00-04:00,10.4099,10.54,10.35,10.4817,988560
RDW,2026-07-08 14:30:00-04:00,10.485,10.57,10.44,10.55,1010755
RDW,2026-07-08 15:30:00-04:00,10.545,10.63,10.5,10.57,1656125
RDW,2026-07-09 09:30:00-04:00,10.55,10.72,10.3401,10.555,3404378
RDW,2026-07-09 10:30:00-04:00,10.555,10.71,10.46,10.65,1761487
RDW,2026-07-09 11:30:00-04:00,10.65,10.74,10.54,10.565,1440124
RDW,2026-07-09 12:30:00-04:00,10.565,10.63,10.53,10.62,1033617
RDW,2026-07-09 13:30:00-04:00,10.618,10.695,10.545,10.655,1129404
RDW,2026-07-09 14:30:00-04:00,10.655,10.765,10.58,10.585,999752
RDW,2026-07-09 15:30:00-04:00,10.5821,10.61,10.465,10.49,1612748
RDW,2026-07-10 09:30:00-04:00,10.44,10.46,10.08,10.225,3166593
RDW,2026-07-10 10:30:00-04:00,10.2281,10.32,10.02,10.175,1458743
RDW,2026-07-10 11:30:00-04:00,10.17,10.24,10.07,10.2351,867356
RDW,2026-07-10 12:30:00-04:00,10.24,10.35,10.2386,10.289,739779
RDW,2026-07-10 13:30:00-04:00,10.285,10.3,10.17,10.195,798367
RDW,2026-07-10 14:30:00-04:00,10.2,10.27,10.16,10.18,1132381
RDW,2026-07-10 15:30:00-04:00,10.185,10.225,10.13,10.19,1629060
RDW,2026-07-13 09:30:00-04:00,10.03,10.1399,9.62,9.84,3846815
RDW,2026-07-13 10:30:00-04:00,9.83,9.92,9.72,9.855,1322623
RDW,2026-07-13 11:30:00-04:00,9.855,9.88,9.56,9.6001,1808062
RDW,2026-07-13 12:30:00-04:00,9.61,9.6821,9.5,9.51,2225750
RDW,2026-07-13 13:30:00-04:00,9.51,9.6198,9.47,9.49,2275724
RDW,2026-07-13 14:30:00-04:00,9.4901,9.52,9.415,9.435,2047891
RDW,2026-07-13 15:30:00-04:00,9.435,9.6,9.4,9.59,2104314
RDW,2026-07-14 09:30:00-04:00,9.9,10.2,9.52,9.93,4061005
RDW,2026-07-14 10:30:00-04:00,9.93,10.07,9.85,10.045,1759853
RDW,2026-07-14 11:30:00-04:00,10.045,10.0599,9.9,9.99,1019329
RDW,2026-07-14 12:30:00-04:00,9.9963,10.0101,9.765,9.8897,903143
RDW,2026-07-14 13:30:00-04:00,9.89,9.93,9.82,9.84,661325
RDW,2026-07-14 14:30:00-04:00,9.835,9.87,9.77,9.775,1725677
RDW,2026-07-14 15:30:00-04:00,9.775,9.855,9.72,9.75,1989880
RDW,2026-07-15 09:30:00-04:00,9.91,10.3,9.6,9.795,5947415
RDW,2026-07-15 10:30:00-04:00,9.795,9.905,9.55,9.595,1810294
RDW,2026-07-15 11:30:00-04:00,9.598,9.6299,9.31,9.335,1754498
RDW,2026-07-15 12:30:00-04:00,9.335,9.54,9.29,9.505,1374754
RDW,2026-07-15 13:30:00-04:00,9.505,9.81,9.495,9.615,3855640
RDW,2026-07-15 14:30:00-04:00,9.615,9.64,9.3201,9.36,1480164
RDW,2026-07-15 15:30:00-04:00,9.365,9.45,9.32,9.37,1775098
RDW,2026-07-16 09:30:00-04:00,9.11,9.115,8.71,8.8399,4915145
RDW,2026-07-16 10:30:00-04:00,8.83,8.83,8.66,8.75,2265061
RDW,2026-07-16 11:30:00-04:00,8.7501,8.7501,8.52,8.61,2397937
RDW,2026-07-16 12:30:00-04:00,8.61,8.635,8.51,8.545,1487150
RDW,2026-07-16 13:30:00-04:00,8.545,8.545,8.45,8.5136,2073660
RDW,2026-07-16 14:30:00-04:00,8.515,8.52,8.42,8.495,1917770
RDW,2026-07-16 15:30:00-04:00,8.495,8.52,8.36,8.46,2070784
RDW,2026-07-17 09:30:00-04:00,8.29,8.59,8.06,8.445,5141240
RDW,2026-07-17 10:30:00-04:00,8.44,8.53,8.37,8.465,1300399
RDW,2026-07-17 11:30:00-04:00,8.465,8.64,8.39,8.565,2317331
RDW,2026-07-17 12:30:00-04:00,8.56,8.75,8.53,8.745,1155062
RDW,2026-07-17 13:30:00-04:00,8.745,8.76,8.57,8.6,927197
RDW,2026-07-17 14:30:00-04:00,8.6,8.64,8.43,8.445,964614
RDW,2026-07-17 15:30:00-04:00,8.45,8.485,8.4001,8.4499,1219835
RDW,2026-07-20 09:30:00-04:00,8.5,8.74,8.42,8.605,3422034
RDW,2026-07-20 10:30:00-04:00,8.6056,8.61,8.44,8.525,1425102
RDW,2026-07-20 11:30:00-04:00,8.525,8.875,8.465,8.805,3419981
RDW,2026-07-20 12:30:00-04:00,8.805,8.855,8.69,8.725,2073676
RDW,2026-07-20 13:30:00-04:00,8.725,8.87,8.695,8.77,1624473
RDW,2026-07-20 14:30:00-04:00,8.7655,8.7655,8.58,8.65,1797934
RDW,2026-07-20 15:30:00-04:00,8.64,8.72,8.59,8.615,1840058
RDW,2026-07-21 09:30:00-04:00,8.74,9.21,8.66,9.19,4857953
RDW,2026-07-21 10:30:00-04:00,9.19,9.35,9.11,9.335,2664876
RDW,2026-07-21 11:30:00-04:00,9.335,9.4299,9.26,9.375,2305593
RDW,2026-07-21 12:30:00-04:00,9.375,9.535,9.36,9.425,2260356
RDW,2026-07-21 13:30:00-04:00,9.42,9.475,9.34,9.355,1994867
RDW,2026-07-21 14:30:00-04:00,9.35,9.36,9.21,9.275,1675181
RDW,2026-07-21 15:30:00-04:00,9.28,9.43,9.265,9.41,1965656
RDW,2026-07-22 09:30:00-04:00,9.25,9.5,9.15,9.35,3139622
RDW,2026-07-22 10:30:00-04:00,9.36,9.4499,9.21,9.385,1527673
RDW,2026-07-22 11:30:00-04:00,9.385,9.41,9.265,9.305,962714
RDW,2026-07-22 12:30:00-04:00,9.3,9.31,9.18,9.23,1253468
RDW,2026-07-22 13:30:00-04:00,9.2251,9.2299,9.01,9.02,993313
RDW,2026-07-22 14:30:00-04:00,9.015,9.015,8.925,8.975,1090487
RDW,2026-07-22 15:30:00-04:00,8.975,9.0,8.9,8.97,1043458
RDW,2026-07-23 09:30:00-04:00,8.87,9.49,8.835,9.365,3584211
RDW,2026-07-23 10:30:00-04:00,9.365,9.38,8.99,9.055,1665622
RDW,2026-07-23 11:30:00-04:00,9.0501,9.39,9.045,9.3723,1945454
RDW,2026-07-23 12:30:00-04:00,9.375,9.38,9.195,9.295,2641707
RDW,2026-07-23 13:30:00-04:00,9.29,9.29,9.19,9.2464,1586711
RDW,2026-07-23 14:30:00-04:00,9.245,9.31,9.1324,9.23,1115077
RDW,2026-07-23 15:30:00-04:00,9.235,9.285,9.165,9.27,1344359
RDW,2026-07-24 09:30:00-04:00,9.19,9.23,8.75,8.86,2565616
RDW,2026-07-24 10:30:00-04:00,8.86,9.01,8.67,8.93,2028328
RDW,2026-07-24 11:30:00-04:00,8.933,8.97,8.85,8.915,1860809
RDW,2026-07-24 12:30:00-04:00,8.9109,8.9109,8.765,8.865,1503602
RDW,2026-07-24 13:30:00-04:00,8.865,8.92,8.775,8.8,1151114
RDW,2026-07-24 14:30:00-04:00,8.805,8.81,8.705,8.745,1056823
RDW,2026-07-24 15:30:00-04:00,8.75,8.8,8.65,8.69,1758627
RDW,2026-07-27 09:30:00-04:00,8.8,9.2299,8.7,8.795,3526818
RDW,2026-07-27 10:30:00-04:00,8.8,8.84,8.58,8.75,1538765
RDW,2026-07-27 11:30:00-04:00,8.75,8.775,8.63,8.76,1091267
RDW,2026-07-27 12:30:00-04:00,8.77,8.835,8.6303,8.635,1105890
RDW,2026-07-27 13:30:00-04:00,8.635,8.74,8.62,8.705,1051771
RDW,2026-07-27 14:30:00-04:00,8.7,8.93,8.645,8.93,885875
RDW,2026-07-27 15:30:00-04:00,8.935,8.97,8.81,8.81,1867249
RDW,2026-07-28 09:30:00-04:00,8.5,8.51,8.02,8.13,3996529
RDW,2026-07-28 10:30:00-04:00,8.1261,8.6,8.095,8.5901,2444343
RDW,2026-07-28 11:30:00-04:00,8.595,8.635,8.5,8.53,866832
RDW,2026-07-28 12:30:00-04:00,8.525,8.65,8.48,8.545,638493
RDW,2026-07-28 13:30:00-04:00,8.54,8.56,8.38,8.3901,629623
RDW,2026-07-28 14:30:00-04:00,8.4,8.5,8.39,8.495,974570
RDW,2026-07-28 15:30:00-04:00,8.5,8.61,8.4638,8.56,1378031
RDW,2026-07-29 09:30:00-04:00,8.58,8.64,8.08,8.095,2088201
RDW,2026-07-29 10:30:00-04:00,8.1,8.175,8.02,8.02,1806453
RDW,2026-07-29 11:30:00-04:00,8.025,8.055,7.88,7.955,2579201
RDW,2026-07-29 12:30:00-04:00,7.95,8.0751,7.92,7.98,1111208
RDW,2026-07-29 13:30:00-04:00,7.9805,8.175,7.965,8.055,1603523
RDW,2026-07-29 14:30:00-04:00,8.06,8.38,8.0,8.045,2291392
RDW,2026-07-29 15:30:00-04:00,8.045,8.06,7.76,7.78,2565866
RDW,2026-07-30 09:30:00-04:00,8.1,8.49,7.96,8.315,3877928
RDW,2026-07-30 10:30:00-04:00,8.315,8.39,8.18,8.22,1832693
RDW,2026-07-30 11:30:00-04:00,8.215,8.34,8.2,8.315,1023058
RDW,2026-07-30 12:30:00-04:00,8.315,8.37,8.23,8.345,1131342
RDW,2026-07-30 13:30:00-04:00,8.35,8.4099,8.275,8.3201,2161597
RDW,2026-07-30 14:30:00-04:00,8.325,8.52,8.29,8.455,3184199
RDW,2026-07-30 15:30:00-04:00,8.455,8.52,8.43,8.465,2245831
RDW,2026-07-31 09:30:00-04:00,8.82,8.92,8.2,8.31,3839343
RDW,2026-07-31 10:30:00-04:00,8.315,8.45,8.275,8.305,1664812
RDW,2026-07-31 11:30:00-04:00,8.305,8.39,8.26,8.38,3192625
RDW,2026-07-31 12:30:00-04:00,8.39,8.46,8.345,8.455,2959112
RDW,2026-07-31 13:30:00-04:00,8.455,8.5,8.42,8.485,1186166
RDW,2026-07-31 14:30:00-04:00,8.485,8.625,8.4501,8.58,2974119
RDW,2026-07-31 15:30:00-04:00,8.585,8.66,8.515,8.615,2193944
RDW,2026-08-03 09:30:00-04:00,8.39,9.19,8.36,9.17,3831898
RDW,2026-08-03 10:30:00-04:00,9.17,9.43,9.14,9.335,3900233
RDW,2026-08-03 11:30:00-04:00,9.335,9.615,9.325,9.535,2294787
RDW,2026-08-03 12:30:00-04:00,9.54,9.62,9.39,9.565,1449562
RDW,2026-08-03 13:30:00-04:00,9.565,9.685,9.56,9.58,1751363
RDW,2026-08-03 14:30:00-04:00,9.5899,9.735,9.53,9.685,1566329
RDW,2026-08-03 15:30:00-04:00,9.685,9.74,9.62,9.64,2297750
RDW,2026-08-04 09:30:00-04:00,9.9,10.5,9.9,10.365,5926053
RDW,2026-08-04 10:30:00-04:00,10.368,10.405,10.26,10.295,2280252
RDW,2026-08-04 11:30:00-04:00,10.295,10.495,10.27,10.445,1748206
RDW,2026-08-04 12:30:00-04:00,10.4478,10.525,10.4,10.485,1547279
RDW,2026-08-04 13:30:00-04:00,10.482,10.56,10.4,10.535,1298143
RDW,2026-08-04 14:30:00-04:00,10.535,10.65,10.43,10.595,1926983
RDW,2026-08-04 15:30:00-04:00,10.595,10.705,10.53,10.64,2962584
RDW,2026-08-05 09:30:00-04:00,10.65,10.79,10.31,10.5734,4047258
RDW,2026-08-05 10:30:00-04:00,10.57,10.57,10.35,10.4612,1550349
RDW,2026-08-05 11:30:00-04:00,10.4605,10.545,10.4,10.535,1428714
RDW,2026-08-05 12:30:00-04:00,10.54,10.545,10.445,10.48,930663
RDW,2026-08-05 13:30:00-04:00,10.485,10.58,10.46,10.515,1071749
RDW,2026-08-05 14:30:00-04:00,10.52,10.75,10.46,10.72,2348782
RDW,2026-08-05 15:30:00-04:00,10.72,10.74,10.595,10.735,2930679
RDW,2026-08-06 09:30:00-04:00,12.24,12.75,11.3102,12.295,15511893
RDW,2026-08-06 10:30:00-04:00,12.3,12.42,11.9,11.97,5540271
RDW,2026-08-06 11:30:00-04:00,11.9747,12.01,11.63,11.6427,2275198
RDW,2026-08-06 12:30:00-04:00,11.64,12.045,11.635,11.92,2066122
RDW,2026-08-06 13:30:00-04:00,11.91,11.965,11.73,11.83,1467910
RDW,2026-08-06 14:30:00-04:00,11.825,11.9,11.7501,11.85,1664115
RDW,2026-08-06 15:30:00-04:00,11.855,11.92,11.67,11.825,2668082
RDW,2026-08-07 09:30:00-04:00,12.42,13.41,12.42,13.05,10831774
RDW,2026-08-07 10:30:00-04:00,13.0499,13.17,12.72,13.135,3169547
RDW,2026-08-07 11:30:00-04:00,13.135,13.67,13.12,13.475,5860282
RDW,2026-08-07 12:30:00-04:00,13.48,13.6,13.29,13.445,2708018
RDW,2026-08-07 13:30:00-04:00,13.4496,13.605,13.355,13.53,2154984
RDW,2026-08-07 14:30:00-04:00,13.53,13.6787,13.4001,13.56,2494599
RDW,2026-08-07 15:30:00-04:00,13.55,13.65,13.355,13.59,3141179
RDW,2026-08-10 09:30:00-04:00,13.39,13.86,13.11,13.38,6171458
RDW,2026-08-10 10:30:00-04:00,13.3899,13.57,13.205,13.21,2403681
RDW,2026-08-10 11:30:00-04:00,13.205,13.49,13.18,13.245,2051838
RDW,2026-08-10 12:30:00-04:00,13.245,13.37,13.14,13.2498,1538715
RDW,2026-08-10 13:30:00-04:00,13.2414,13.29,13.21,13.225,980694
RDW,2026-08-10 14:30:00-04:00,13.22,13.29,13.12,13.185,1715091
RDW,2026-08-10 15:30:00-04:00,13.19,13.26,13.12,13.135,2077807
RDW,2026-08-11 09:30:00-04:00,13.27,13.35,12.57,13.095,4829180
RDW,2026-08-11 10:30:00-04:00,13.095,13.328,12.985,13.19,2209731
RDW,2026-08-11 11:30:00-04:00,13.18,13.4799,13.17,13.28,2041684
RDW,2026-08-11 12:30:00-04:00,13.285,13.465,13.26,13.405,1594535
RDW,2026-08-11 13:30:00-04:00,13.405,13.49,13.3,13.355,1211356
RDW,2026-08-11 14:30:00-04:00,13.359,13.6699,13.34,13.575,1995746
RDW,2026-08-11 15:30:00-04:00,13.58,13.5995,13.48,13.525,2096516
RDW,2026-08-12 09:30:00-04:00,13.65,13.795,13.205,13.6206,3675061
RDW,2026-08-12 10:30:00-04:00,13.62,13.64,13.43,13.435,1530818
RDW,2026-08-12 11:30:00-04:00,13.44,13.5474,13.11,13.16,4302318
RDW,2026-08-12 12:30:00-04:00,13.17,13.55,13.11,13.545,2345993
RDW,2026-08-12 13:30:00-04:00,13.545,13.64,13.49,13.625,1075265
RDW,2026-08-12 14:30:00-04:00,13.625,13.66,13.49,13.61,1100175
RDW,2026-08-12 15:30:00-04:00,13.605,13.65,13.465,13.49,1523479
RDW,2026-08-13 09:30:00-04:00,12.95,13.91,12.87,13.76,4910415
RDW,2026-08-13 10:30:00-04:00,13.76,13.76,13.37,13.465,2270767
RDW,2026-08-13 11:30:00-04:00,13.4689,13.62,13.255,13.405,1497290
RDW,2026-08-13 12:30:00-04:00,13.4,13.5,13.36,13.4114,1048571
RDW,2026-08-13 13:30:00-04:00,13.415,13.48,13.39,13.415,650532
RDW,2026-08-13 14:30:00-04:00,13.4151,13.55,13.365,13.37,1487128
RDW,2026-08-13 15:30:00-04:00,13.37,13.41,13.16,13.185,2732069
RDW,2026-08-14 09:30:00-04:00,13.4,14.02,13.165,13.66,5171175
RDW,2026-08-14 10:30:00-04:00,13.665,13.69,13.36,13.41,1691120
RDW,2026-08-14 11:30:00-04:00,13.41,13.66,13.3,13.6122,1359650
RDW,2026-08-14 12:30:00-04:00,13.615,13.72,13.475,13.705,1113839
RDW,2026-08-14 13:30:00-04:00,13.71,13.75,13.49,13.4901,895115
RDW,2026-08-14 14:30:00-04:00,13.495,13.72,13.42,13.67,1207405
RDW,2026-08-14 15:30:00-04:00,13.68,13.715,13.555,13.58,1632408
RDW,2026-08-17 09:30:00-04:00,13.515,14.19,13.45,14.075,5989479
RDW,2026-08-17 10:30:00-04:00,14.075,14.08,13.59,13.69,2254099
RDW,2026-08-17 11:30:00-04:00,13.6874,13.885,13.62,13.775,1265227
RDW,2026-08-17 12:30:00-04:00,13.775,13.87,13.605,13.605,1069966
RDW,2026-08-17 13:30:00-04:00,13.61,13.665,13.415,13.4895,2061330
RDW,2026-08-17 14:30:00-04:00,13.49,13.62,13.455,13.495,1249904
RDW,2026-08-17 15:30:00-04:00,13.5,13.51,13.375,13.4,2051174
RDW,2026-08-18 09:30:00-04:00,12.6,13.3999,12.3,12.8179,4911738
RDW,2026-08-18 10:30:00-04:00,12.82,12.955,12.61,12.915,1821844
RDW,2026-08-18 11:30:00-04:00,12.915,13.09,12.865,13.05,1541404
RDW,2026-08-18 12:30:00-04:00,13.04,13.33,13.03,13.175,1389421
RDW,2026-08-18 13:30:00-04:00,13.17,13.19,12.9801,13.0051,903569
RDW,2026-08-18 14:30:00-04:00,13.01,13.03,12.8301,12.925,980037
RDW,2026-08-18 15:30:00-04:00,12.92,12.975,12.81,12.94,1569100
RDW,2026-08-19 09:30:00-04:00,12.57,12.645,11.94,12.38,4435008
RDW,2026-08-19 10:30:00-04:00,12.385,12.5999,12.295,12.425,1556073
RDW,2026-08-19 11:30:00-04:00,12.4299,12.56,12.335,12.49,1142401
RDW,2026-08-19 12:30:00-04:00,12.495,12.53,12.395,12.465,1011459
RDW,2026-08-19 13:30:00-04:00,12.47,12.52,12.33,12.345,1045764
RDW,2026-08-19 14:30:00-04:00,12.345,12.515,12.25,12.445,1545900
RDW,2026-08-19 15:30:00-04:00,12.45,12.49,12.32,12.385,2024867
RDW,2026-08-20 09:30:00-04:00,12.29,12.37,11.8,11.9101,3024921
RDW,2026-08-20 10:30:00-04:00,11.91,11.97,11.65,11.675,2309018
RDW,2026-08-20 11:30:00-04:00,11.6799,11.69,11.45,11.46,2133582
RDW,2026-08-20 12:30:00-04:00,11.45,11.53,11.38,11.4457,1932271
RDW,2026-08-20 13:30:00-04:00,11.4423,11.6599,11.425,11.5399,1199820
RDW,2026-08-20 14:30:00-04:00,11.53,11.639,11.4901,11.62,1312418
RDW,2026-08-20 15:30:00-04:00,11.615,11.79,11.61,11.77,1748147
RDW,2026-08-21 09:30:00-04:00,12.0,12.24,11.79,11.935,2514510
RDW,2026-08-21 10:30:00-04:00,11.9301,12.14,11.8,12.015,1499517
RDW,2026-08-21 11:30:00-04:00,12.02,12.3239,12.005,12.275,1613573
RDW,2026-08-21 12:30:00-04:00,12.28,12.325,12.08,12.205,1217014
RDW,2026-08-21 13:30:00-04:00,12.21,12.325,12.11,12.135,1125338
RDW,2026-08-21 14:30:00-04:00,12.135,12.195,12.055,12.155,960424
RDW,2026-08-21 15:30:00-04:00,12.155,12.175,11.94,12.02,1523641
RDW,2026-08-24 09:30:00-04:00,11.75,11.7625,11.4241,11.54,2854111
RDW,2026-08-24 10:30:00-04:00,11.535,11.63,11.51,11.59,1207104
RDW,2026-08-24 11:30:00-04:00,11.595,11.64,11.52,11.5701,1196118
RDW,2026-08-24 12:30:00-04:00,11.5799,11.58,11.455,11.5,952658
RDW,2026-08-24 13:30:00-04:00,11.505,11.56,11.42,11.5399,714818
RDW,2026-08-24 14:30:00-04:00,11.54,11.555,11.42,11.5,950744
RDW,2026-08-24 15:30:00-04:00,11.5,11.515,11.38,11.38,1586245
RDW,2026-08-25 09:30:00-04:00,11.48,11.85,11.2,11.335,3366524
RDW,2026-08-25 10:30:00-04:00,11.335,11.56,11.24,11.545,1535579
RDW,2026-08-25 11:30:00-04:00,11.545,11.645,11.45,11.57,1340114
RDW,2026-08-25 12:30:00-04:00,11.56,11.6888,11.53,11.64,705561
RDW,2026-08-25 13:30:00-04:00,11.639,11.69,11.58,11.655,761112
RDW,2026-08-25 14:30:00-04:00,11.65,11.66,11.42,11.48,1184690
RDW,2026-08-25 15:30:00-04:00,11.485,11.5192,11.41,11.48,1014144
RDW,2026-08-26 09:30:00-04:00,11.65,11.88,11.365,11.38,2372219
RDW,2026-08-26 10:30:00-04:00,11.375,11.53,11.3,11.345,1084189
RDW,2026-08-26 11:30:00-04:00,11.345,11.3999,11.28,11.3599,758940
RDW,2026-08-26 12:30:00-04:00,11.35,11.4,11.3,11.4,573191
RDW,2026-08-26 13:30:00-04:00,11.395,11.41,11.26,11.2601,653929
RDW,2026-08-26 14:30:00-04:00,11.265,11.315,11.22,11.29,668682
RDW,2026-08-26 15:30:00-04:00,11.295,11.31,11.23,11.27,1089067
RDW,2026-08-27 09:30:00-04:00,11.37,11.4407,11.139,11.34,2104888
RDW,2026-08-27 10:30:00-04:00,11.345,11.36,11.18,11.335,1060596
RDW,2026-08-27 11:30:00-04:00,11.335,11.34,11.26,11.275,590609
RDW,2026-08-27 12:30:00-04:00,11.27,11.385,11.24,11.248,585733
RDW,2026-08-27 13:30:00-04:00,11.245,11.285,11.18,11.195,700958
RDW,2026-08-27 14:30:00-04:00,11.195,11.245,11.1619,11.22,845738
RDW,2026-08-27 15:30:00-04:00,11.215,11.3,11.2,11.275,1116523
RDW,2026-08-28 09:30:00-04:00,11.165,11.1819,10.83,10.975,2185605
RDW,2026-08-28 10:30:00-04:00,10.975,11.125,10.935,11.045,899410
RDW,2026-08-28 11:30:00-04:00,11.04,11.04,10.68,10.705,1458211
RDW,2026-08-28 12:30:00-04:00,10.7091,10.905,10.705,10.81,1344312
RDW,2026-08-28 13:30:00-04:00,10.805,10.84,10.77,10.78,722926
RDW,2026-08-28 14:30:00-04:00,10.77,10.895,10.72,10.895,925997
RDW,2026-08-28 15:30:00-04:00,10.89,10.9168,10.815,10.88,1257894
RDW,2026-08-31 09:30:00-04:00,10.73,11.01,10.67,10.71,1638333
RDW,2026-08-31 10:30:00-04:00,10.71,10.745,10.5801,10.64,1012984
RDW,2026-08-31 11:30:00-04:00,10.63,10.67,10.53,10.6201,887407
RDW,2026-08-31 12:30:00-04:00,10.63,10.675,10.59,10.605,947440
RDW,2026-08-31 13:30:00-04:00,10.6019,10.66,10.6,10.625,699634
RDW,2026-08-31 14:30:00-04:00,10.625,10.68,10.6,10.675,894394
RDW,2026-08-31 15:30:00-04:00,10.675,10.75,10.63,10.69,1729945
RDW,2026-09-01 09:30:00-04:00,10.42,10.62,10.21,10.2899,1956448
RDW,2026-09-01 10:30:00-04:00,10.29,10.36,10.2514,10.32,608834
RDW,2026-09-01 11:30:00-04:00,10.33,10.3562,10.25,10.2884,664584
RDW,2026-09-01 12:30:00-04:00,10.29,10.335,10.2201,10.3337,1007504
RDW,2026-09-01 13:30:00-04:00,10.335,10.3351,10.19,10.225,633083
RDW,2026-09-01 14:30:00-04:00,10.2201,10.32,10.1941,10.295,812921
RDW,2026-09-01 15:30:00-04:00,10.2999,10.3,10.2,10.26,1243332
RDW,2026-09-02 09:30:00-04:00,10.26,10.475,10.14,10.475,2026496
RDW,2026-09-02 10:30:00-04:00,10.47,10.48,10.19,10.21,1430929
RDW,2026-09-02 11:30:00-04:00,10.215,10.27,10.16,10.205,802291
RDW,2026-09-02 12:30:00-04:00,10.205,10.2397,10.165,10.185,625954
RDW,2026-09-02 13:30:00-04:00,10.18,10.355,10.17,10.325,1236891
RDW,2026-09-02 14:30:00-04:00,10.325,10.43,10.282,10.375,1458198
RDW,2026-09-02 15:30:00-04:00,10.375,10.41,10.3,10.33,1731906
RDW,2026-09-03 09:30:00-04:00,10.55,10.685,10.26,10.295,2634116
RDW,2026-09-03 10:30:00-04:00,10.295,10.3297,10.185,10.3044,1900548
RDW,2026-09-03 11:30:00-04:00,10.31,10.38,10.2,10.2883,1454687
RDW,2026-09-03 12:30:00-04:00,10.29,10.355,10.275,10.35,695111
RDW,2026-09-03 13:30:00-04:00,10.35,10.43,10.27,10.295,1276357
RDW,2026-09-03 14:30:00-04:00,10.295,10.3,10.19,10.285,1334191
RDW,2026-09-03 15:30:00-04:00,10.29,10.38,10.25,10.375,1570866
BBAI,2026-07-06 09:30:00-04:00,3.5,3.6068,3.48,3.59,4468672
BBAI,2026-07-06 10:30:00-04:00,3.585,3.64,3.57,3.635,3899624
BBAI,2026-07-06 11:30:00-04:00,3.635,3.7,3.61,3.665,5424006
BBAI,2026-07-06 12:30:00-04:00,3.6653,3.6853,3.62,3.625,2968171
BBAI,2026-07-06 13:30:00-04:00,3.63,3.63,3.58,3.603,3513542
BBAI,2026-07-06 14:30:00-04:00,3.6,3.64,3.59,3.625,2610810
BBAI,2026-07-06 15:30:00-04:00,3.6234,3.63,3.58,3.58,2213576
BBAI,2026-07-07 09:30:00-04:00,3.56,3.58,3.38,3.42,6113759
BBAI,2026-07-07 10:30:00-04:00,3.425,3.49,3.39,3.48,4425686
BBAI,2026-07-07 11:30:00-04:00,3.48,3.5686,3.465,3.555,5827640
BBAI,2026-07-07 12:30:00-04:00,3.5556,3.61,3.5401,3.565,4797533
BBAI,2026-07-07 13:30:00-04:00,3.57,3.59,3.54,3.5451,3855969
BBAI,2026-07-07 14:30:00-04:00,3.545,3.5451,3.465,3.4723,3809694
BBAI,2026-07-07 15:30:00-04:00,3.475,3.48,3.41,3.43,3215485
BBAI,2026-07-08 09:30:00-04:00,3.365,3.45,3.35,3.3851,4127083
BBAI,2026-07-08 10:30:00-04:00,3.385,3.4,3.31,3.3201,3815696
BBAI,2026-07-08 11:30:00-04:00,3.33,3.33,3.29,3.32,3666820
BBAI,2026-07-08 12:30:00-04:00,3.325,3.34,3.27,3.335,4365573
BBAI,2026-07-08 13:30:00-04:00,3.33,3.35,3.29,3.325,1919371
BBAI,2026-07-08 14:30:00-04:00,3.325,3.35,3.31,3.3326,1836780
BBAI,2026-07-08 15:30:00-04:00,3.335,3.34,3.31,3.315,1984630
BBAI,2026-07-09 09:30:00-04:00,3.29,3.32,3.24,3.265,4201622
BBAI,2026-07-09 10:30:00-04:00,3.2699,3.32,3.25,3.315,2772694
BBAI,2026-07-09 11:30:00-04:00,3.315,3.37,3.29,3.295,5407000
BBAI,2026-07-09 12:30:00-04:00,3.2964,3.32,3.29,3.315,1917278
BBAI,2026-07-09 13:30:00-04:00,3.315,3.32,3.29,3.305,1827571
BBAI,2026-07-09 14:30:00-04:00,3.305,3.31,3.29,3.305,1369939
BBAI,2026-07-09 15:30:00-04:00,3.305,3.33,3.28,3.315,2049588
BBAI,2026-07-10 09:30:00-04:00,3.39,3.4299,3.29,3.305,5302990
BBAI,2026-07-10 10:30:00-04:00,3.305,3.3399,3.27,3.2976,4153617
BBAI,2026-07-10 11:30:00-04:00,3.295,3.3099,3.26,3.2915,3226040
BBAI,2026-07-10 12:30:00-04:00,3.2971,3.365,3.29,3.3205,2752341
BBAI,2026-07-10 13:30:00-04:00,3.325,3.33,3.275,3.285,1769351
BBAI,2026-07-10 14:30:00-04:00,3.285,3.29,3.25,3.25,2392261
BBAI,2026-07-10 15:30:00-04:00,3.25,3.28,3.24,3.275,2688347
BBAI,2026-07-13 09:30:00-04:00,3.27,3.29,3.12,3.175,6366076
BBAI,2026-07-13 10:30:00-04:00,3.175,3.1999,3.15,3.165,3619336
BBAI,2026-07-13 11:30:00-04:00,3.1698,3.17,3.1,3.11,3084350
BBAI,2026-07-13 12:30:00-04:00,3.105,3.12,3.07,3.07,3741303
BBAI,2026-07-13 13:30:00-04:00,3.07,3.11,3.06,3.095,3165834
BBAI,2026-07-13 14:30:00-04:00,3.095,3.12,3.07,3.075,5321511
BBAI,2026-07-13 15:30:00-04:00,3.075,3.09,3.05,3.08,5928232
BBAI,2026-07-14 09:30:00-04:00,3.07,3.17,3.04,3.0949,5622866
BBAI,2026-07-14 10:30:00-04:00,3.09,3.14,3.0802,3.115,3092549
BBAI,2026-07-14 11:30:00-04:00,3.12,3.13,3.1,3.125,2413910
BBAI,2026-07-14 12:30:00-04:00,3.125,3.13,3.09,3.1,2523989
BBAI,2026-07-14 13:30:00-04:00,3.11,3.145,3.1,3.125,2990835
BBAI,2026-07-14 14:30:00-04:00,3.125,3.13,3.09,3.095,1790970
BBAI,2026-07-14 15:30:00-04:00,3.095,3.12,3.08,3.1,1805981
BBAI,2026-07-15 09:30:00-04:00,3.16,3.28,3.13,3.215,6368116
BBAI,2026-07-15 10:30:00-04:00,3.21,3.25,3.17,3.1899,4401483
BBAI,2026-07-15 11:30:00-04:00,3.185,3.2,3.1,3.125,3083345
BBAI,2026-07-15 12:30:00-04:00,3.125,3.17,3.1,3.1687,2805404
BBAI,2026-07-15 13:30:00-04:00,3.1619,3.19,3.1501,3.185,1206282
BBAI,2026-07-15 14:30:00-04:00,3.185,3.19,3.11,3.12,2193913
BBAI,2026-07-15 15:30:00-04:00,3.125,3.15,3.12,3.145,2753580
BBAI,2026-07-16 09:30:00-04:00,3.11,3.13,3.02,3.0498,6040696
BBAI,2026-07-16 10:30:00-04:00,3.04,3.04,2.99,3.0271,7199347
BBAI,2026-07-16 11:30:00-04:00,3.0201,3.03,2.96,2.9839,4298145
BBAI,2026-07-16 12:30:00-04:00,2.9872,3.0,2.935,2.9599,3656372
BBAI,2026-07-16 13:30:00-04:00,2.96,2.96,2.92,2.94,4056401
BBAI,2026-07-16 14:30:00-04:00,2.935,2.97,2.915,2.95,5513820
BBAI,2026-07-16 15:30:00-04:00,2.9509,2.9599,2.91,2.925,3487139
BBAI,2026-07-17 09:30:00-04:00,2.83,2.89,2.79,2.8271,6278634
BBAI,2026-07-17 10:30:00-04:00,2.825,2.83,2.79,2.825,3909978
BBAI,2026-07-17 11:30:00-04:00,2.82,2.88,2.805,2.875,4114131
BBAI,2026-07-17 12:30:00-04:00,2.875,2.92,2.86,2.91,2664648
BBAI,2026-07-17 13:30:00-04:00,2.9199,2.92,2.86,2.8658,2640794
BBAI,2026-07-17 14:30:00-04:00,2.865,2.88,2.84,2.8605,3722746
BBAI,2026-07-17 15:30:00-04:00,2.865,2.88,2.83,2.8396,2978141
BBAI,2026-07-20 09:30:00-04:00,2.85,2.89,2.77,2.815,4301551
BBAI,2026-07-20 10:30:00-04:00,2.815,2.825,2.77,2.7989,2626883
BBAI,2026-07-20 11:30:00-04:00,2.7953,2.84,2.77,2.825,3327711
BBAI,2026-07-20 12:30:00-04:00,2.825,2.84,2.81,2.8299,3250245
BBAI,2026-07-20 13:30:00-04:00,2.83,2.87,2.82,2.845,2632319
BBAI,2026-07-20 14:30:00-04:00,2.845,2.8451,2.81,2.825,2472442
BBAI,2026-07-20 15:30:00-04:00,2.83,2.84,2.81,2.825,2795719
BBAI,2026-07-21 09:30:00-04:00,2.86,2.99,2.855,2.965,4965244
BBAI,2026-07-21 10:30:00-04:00,2.96,2.98,2.93,2.94,2348003
BBAI,2026-07-21 11:30:00-04:00,2.935,2.95,2.9201,2.935,1623437
BBAI,2026-07-21 12:30:00-04:00,2.935,2.96,2.93,2.9401,1457802
BBAI,2026-07-21 13:30:00-04:00,2.945,2.96,2.94,2.9474,1570838
BBAI,2026-07-21 14:30:00-04:00,2.945,2.96,2.91,2.9198,1436049
BBAI,2026-07-21 15:30:00-04:00,2.92,2.96,2.91,2.945,2170707
BBAI,2026-07-22 09:30:00-04:00,2.93,2.99,2.87,2.92,4347589
BBAI,2026-07-22 10:30:00-04:00,2.9201,2.95,2.9,2.9382,2823235
BBAI,2026-07-22 11:30:00-04:00,2.9335,2.94,2.88,2.8887,2750754
BBAI,2026-07-22 12:30:00-04:00,2.885,2.9,2.86,2.8862,2338301
BBAI,2026-07-22 13:30:00-04:00,2.8899,2.89,2.84,2.855,3152221
BBAI,2026-07-22 14:30:00-04:00,2.85,2.87,2.84,2.86,2259847
BBAI,2026-07-22 15:30:00-04:00,2.865,2.88,2.85,2.875,2890693
BBAI,2026-07-23 09:30:00-04:00,2.84,2.98,2.83,2.93,4523889
BBAI,2026-07-23 10:30:00-04:00,2.9299,2.93,2.83,2.855,2560215
BBAI,2026-07-23 11:30:00-04:00,2.855,2.889,2.845,2.875,3600794
BBAI,2026-07-23 12:30:00-04:00,2.875,2.88,2.84,2.86,1898001
BBAI,2026-07-23 13:30:00-04:00,2.86,2.87,2.825,2.8378,1857273
BBAI,2026-07-23 14:30:00-04:00,2.83,2.85,2.82,2.85,1723962
BBAI,2026-07-23 15:30:00-04:00,2.8442,2.875,2.84,2.85,3166230
BBAI,2026-07-24 09:30:00-04:00,2.85,2.87,2.73,2.775,3984391
BBAI,2026-07-24 10:30:00-04:00,2.77,2.85,2.73,2.84,4687971
BBAI,2026-07-24 11:30:00-04:00,2.84,2.87,2.83,2.8439,2667305
BBAI,2026-07-24 12:30:00-04:00,2.84,2.85,2.81,2.8379,1564024
BBAI,2026-07-24 13:30:00-04:00,2.835,2.85,2.81,2.81,1284683
BBAI,2026-07-24 14:30:00-04:00,2.815,2.82,2.79,2.795,2006190
BBAI,2026-07-24 15:30:00-04:00,2.8,2.81,2.76,2.76,2205677
BBAI,2026-07-27 09:30:00-04:00,2.86,2.91,2.8113,2.825,4065219
BBAI,2026-07-27 10:30:00-04:00,2.825,2.88,2.78,2.86,4460353
BBAI,2026-07-27 11:30:00-04:00,2.87,2.875,2.8,2.8541,4766318
BBAI,2026-07-27 12:30:00-04:00,2.855,2.87,2.81,2.82,3818063
BBAI,2026-07-27 13:30:00-04:00,2.82,2.85,2.8,2.8,2088072
BBAI,2026-07-27 14:30:00-04:00,2.8,2.84,2.7923,2.84,3099557
BBAI,2026-07-27 15:30:00-04:00,2.8319,2.86,2.83,2.85,3100013
BBAI,2026-07-28 09:30:00-04:00,2.78,2.8,2.67,2.695,4414368
BBAI,2026-07-28 10:30:00-04:00,2.695,2.87,2.69,2.865,5703238
BBAI,2026-07-28 11:30:00-04:00,2.8688,2.87,2.79,2.805,3821642
BBAI,2026-07-28 12:30:00-04:00,2.805,2.835,2.7901,2.82,2230462
BBAI,2026-07-28 13:30:00-04:00,2.8101,2.82,2.78,2.79,2670288
BBAI,2026-07-28 14:30:00-04:00,2.7919,2.8,2.78,2.795,1389643
BBAI,2026-07-28 15:30:00-04:00,2.8,2.8,2.76,2.77,2281611
BBAI,2026-07-29 09:30:00-04:00,2.75,2.775,2.65,2.658,3528181
BBAI,2026-07-29 10:30:00-04:00,2.655,2.68,2.62,2.63,3265899
BBAI,2026-07-29 11:30:00-04:00,2.64,2.66,2.62,2.65,2844782
BBAI,2026-07-29 12:30:00-04:00,2.6599,2.67,2.64,2.645,2875859
BBAI,2026-07-29 13:30:00-04:00,2.6483,2.7199,2.64,2.6799,2817479
BBAI,2026-07-29 14:30:00-04:00,2.675,2.75,2.66,2.67,4165782
BBAI,2026-07-29 15:30:00-04:00,2.665,2.68,2.6,2.605,3143004
BBAI,2026-07-30 09:30:00-04:00,2.61,2.75,2.61,2.745,4815115
BBAI,2026-07-30 10:30:00-04:00,2.745,2.77,2.71,2.74,3820559
BBAI,2026-07-30 11:30:00-04:00,2.74,2.8,2.74,2.8,2847238
BBAI,2026-07-30 12:30:00-04:00,2.7978,2.81,2.77,2.795,3458843
BBAI,2026-07-30 13:30:00-04:00,2.795,2.835,2.78,2.79,3438723
BBAI,2026-07-30 14:30:00-04:00,2.79,2.81,2.77,2.805,3848196
BBAI,2026-07-30 15:30:00-04:00,2.8,2.85,2.79,2.845,4849308
BBAI,2026-07-31 09:30:00-04:00,2.8,3.0,2.73,2.775,11090046
BBAI,2026-07-31 10:30:00-04:00,2.7723,2.79,2.7,2.7,4037767
BBAI,2026-07-31 11:30:00-04:00,2.7,2.76,2.67,2.76,4723448
BBAI,2026-07-31 12:30:00-04:00,2.7515,2.785,2.73,2.78,4445379
BBAI,2026-07-31 13:30:00-04:00,2.785,2.81,2.75,2.775,3574902
BBAI,2026-07-31 14:30:00-04:00,2.7708,2.78,2.74,2.76,5768048
BBAI,2026-07-31 15:30:00-04:00,2.75,2.8,2.75,2.786,4097221
BBAI,2026-08-03 09:30:00-04:00,2.74,2.85,2.68,2.8301,5593331
BBAI,2026-08-03 10:30:00-04:00,2.835,2.88,2.81,2.82,3055663
BBAI,2026-08-03 11:30:00-04:00,2.82,2.89,2.82,2.88,3207310
BBAI,2026-08-03 12:30:00-04:00,2.89,2.89,2.855,2.8897,2363551
BBAI,2026-08-03 13:30:00-04:00,2.88,2.905,2.87,2.87,3540692
BBAI,2026-08-03 14:30:00-04:00,2.88,2.89,2.85,2.865,2839883
BBAI,2026-08-03 15:30:00-04:00,2.865,2.88,2.84,2.875,2910273
BBAI,2026-08-04 09:30:00-04:00,2.92,3.03,2.8952,2.99,6538136
BBAI,2026-08-04 10:30:00-04:00,3.0,3.07,2.99,3.07,4950993
BBAI,2026-08-04 11:30:00-04:00,3.06,3.11,3.06,3.09,5371313
BBAI,2026-08-04 12:30:00-04:00,3.095,3.15,3.09,3.15,5767039
BBAI,2026-08-04 13:30:00-04:00,3.15,3.17,3.13,3.159,4924336
BBAI,2026-08-04 14:30:00-04:00,3.1595,3.195,3.14,3.18,5531226
BBAI,2026-08-04 15:30:00-04:00,3.17,3.18,3.13,3.15,6400084
BBAI,2026-08-05 09:30:00-04:00,3.14,3.15,3.0301,3.0585,4400613
BBAI,2026-08-05 10:30:00-04:00,3.056,3.056,2.985,3.015,3311999
BBAI,2026-08-05 11:30:00-04:00,3.01,3.03,2.98,3.0251,2222903
BBAI,2026-08-05 12:30:00-04:00,3.025,3.03,3.01,3.015,1429441
BBAI,2026-08-05 13:30:00-04:00,3.0193,3.04,3.01,3.0258,1685177
BBAI,2026-08-05 14:30:00-04:00,3.025,3.04,3.01,3.035,1574509
BBAI,2026-08-05 15:30:00-04:00,3.03,3.04,3.0,3.03,2720546
BBAI,2026-08-06 09:30:00-04:00,2.97,3.06,2.9505,3.04,3768313
BBAI,2026-08-06 10:30:00-04:00,3.0484,3.06,3.01,3.04,3236911
BBAI,2026-08-06 11:30:00-04:00,3.05,3.06,3.01,3.03,3567184
BBAI,2026-08-06 12:30:00-04:00,3.03,3.035,2.99,3.012,4938469
BBAI,2026-08-06 13:30:00-04:00,3.01,3.02,2.97,2.9899,1752342
BBAI,2026-08-06 14:30:00-04:00,2.9851,2.99,2.96,2.965,2302090
BBAI,2026-08-06 15:30:00-04:00,2.9601,3.02,2.96,3.01,2489171
BBAI,2026-08-07 09:30:00-04:00,3.09,3.16,3.05,3.1511,4816333
BBAI,2026-08-07 10:30:00-04:00,3.15,3.18,3.11,3.1701,3636450
BBAI,2026-08-07 11:30:00-04:00,3.1717,3.23,3.16,3.205,4553225
BBAI,2026-08-07 12:30:00-04:00,3.205,3.28,3.19,3.26,6425014
BBAI,2026-08-07 13:30:00-04:00,3.265,3.27,3.22,3.245,4344688
BBAI,2026-08-07 14:30:00-04:00,3.2409,3.27,3.22,3.265,3426370
BBAI,2026-08-07 15:30:00-04:00,3.26,3.28,3.24,3.26,4517573
BBAI,2026-08-10 09:30:00-04:00,3.24,3.27,3.17,3.2,4399791
BBAI,2026-08-10 10:30:00-04:00,3.2,3.22,3.16,3.2,3157403
BBAI,2026-08-10 11:30:00-04:00,3.2,3.26,3.2,3.2201,1940613
BBAI,2026-08-10 12:30:00-04:00,3.2208,3.23,3.2,3.215,1287002
BBAI,2026-08-10 13:30:00-04:00,3.215,3.23,3.195,3.205,1395459
BBAI,2026-08-10 14:30:00-04:00,3.205,3.23,3.1987,3.22,1240120
BBAI,2026-08-10 15:30:00-04:00,3.225,3.245,3.22,3.235,2598923
BBAI,2026-08-11 09:30:00-04:00,3.262,3.3,3.195,3.2614,3982844
BBAI,2026-08-11 10:30:00-04:00,3.265,3.31,3.24,3.26,2566101
BBAI,2026-08-11 11:30:00-04:00,3.26,3.28,3.24,3.24,1495108
BBAI,2026-08-11 12:30:00-04:00,3.24,3.26,3.235,3.255,1237969
BBAI,2026-08-11 13:30:00-04:00,3.255,3.28,3.24,3.25,1707941
BBAI,2026-08-11 14:30:00-04:00,3.25,3.35,3.25,3.325,2980708
BBAI,2026-08-11 15:30:00-04:00,3.325,3.35,3.32,3.3326,1672294
BBAI,2026-08-12 09:30:00-04:00,3.36,3.3777,3.25,3.27,3380274
BBAI,2026-08-12 10:30:00-04:00,3.275,3.2899,3.24,3.245,2702267
BBAI,2026-08-12 11:30:00-04:00,3.245,3.27,3.24,3.25,2144970
BBAI,2026-08-12 12:30:00-04:00,3.245,3.26,3.24,3.26,1416044
BBAI,2026-08-12 13:30:00-04:00,3.25,3.27,3.24,3.26,1247357
BBAI,2026-08-12 14:30:00-04:00,3.26,3.28,3.25,3.265,1377191
BBAI,2026-08-12 15:30:00-04:00,3.265,3.27,3.23,3.26,2266673
BBAI,2026-08-13 09:30:00-04:00,3.25,3.33,3.235,3.2909,2730420
BBAI,2026-08-13 10:30:00-04:00,3.295,3.3,3.23,3.235,2327101
BBAI,2026-08-13 11:30:00-04:00,3.235,3.27,3.21,3.24,2353892
BBAI,2026-08-13 12:30:00-04:00,3.24,3.29,3.24,3.285,2080989
BBAI,2026-08-13 13:30:00-04:00,3.2808,3.32,3.27,3.305,2203597
BBAI,2026-08-13 14:30:00-04:00,3.305,3.36,3.3,3.33,3396375
BBAI,2026-08-13 15:30:00-04:00,3.33,3.34,3.31,3.335,2483560
BBAI,2026-08-14 09:30:00-04:00,3.38,3.41,3.295,3.3301,3545173
BBAI,2026-08-14 10:30:00-04:00,3.33,3.34,3.28,3.28,2343784
BBAI,2026-08-14 11:30:00-04:00,3.2883,3.3,3.26,3.2951,2264414
BBAI,2026-08-14 12:30:00-04:00,3.295,3.3,3.26,3.275,1425763
BBAI,2026-08-14 13:30:00-04:00,3.27,3.28,3.26,3.265,1125087
BBAI,2026-08-14 14:30:00-04:00,3.2685,3.27,3.24,3.265,1649181
BBAI,2026-08-14 15:30:00-04:00,3.265,3.28,3.26,3.27,1203997
BBAI,2026-08-17 09:30:00-04:00,3.24,3.2571,3.17,3.2,3491968
BBAI,2026-08-17 10:30:00-04:00,3.2,3.22,3.17,3.2,2578208
BBAI,2026-08-17 11:30:00-04:00,3.2,3.22,3.18,3.185,2195325
BBAI,2026-08-17 12:30:00-04:00,3.185,3.22,3.18,3.185,2790271
BBAI,2026-08-17 13:30:00-04:00,3.18,3.2,3.16,3.1806,2077338
BBAI,2026-08-17 14:30:00-04:00,3.185,3.22,3.18,3.2068,2159963
BBAI,2026-08-17 15:30:00-04:00,3.2066,3.23,3.2,3.215,1522393
BBAI,2026-08-18 09:30:00-04:00,3.11,3.23,3.08,3.18,4305280
BBAI,2026-08-18 10:30:00-04:00,3.1795,3.18,3.14,3.17,2872168
BBAI,2026-08-18 11:30:00-04:00,3.1625,3.21,3.15,3.17,3282120
BBAI,2026-08-18 12:30:00-04:00,3.175,3.2099,3.17,3.175,2230478
BBAI,2026-08-18 13:30:00-04:00,3.175,3.19,3.15,3.16,2472427
BBAI,2026-08-18 14:30:00-04:00,3.17,3.17,3.14,3.155,1387831
BBAI,2026-08-18 15:30:00-04:00,3.155,3.17,3.13,3.13,1899175
BBAI,2026-08-19 09:30:00-04:00,3.14,3.2,3.05,3.12,4519357
BBAI,2026-08-19 10:30:00-04:00,3.11,3.2,3.11,3.185,3251695
BBAI,2026-08-19 11:30:00-04:00,3.18,3.1999,3.15,3.17,3372839
BBAI,2026-08-19 12:30:00-04:00,3.16,3.17,3.12,3.1351,1590415
BBAI,2026-08-19 13:30:00-04:00,3.13,3.15,3.11,3.12,1208491
BBAI,2026-08-19 14:30:00-04:00,3.115,3.15,3.11,3.145,1789920
BBAI,2026-08-19 15:30:00-04:00,3.145,3.185,3.14,3.17,3274778
BBAI,2026-08-20 09:30:00-04:00,3.16,3.18,3.06,3.0701,4129620
BBAI,2026-08-20 10:30:00-04:00,3.07,3.11,3.06,3.09,3046488
BBAI,2026-08-20 11:30:00-04:00,3.08,3.09,3.05,3.085,2741956
BBAI,2026-08-20 12:30:00-04:00,3.08,3.1,3.04,3.045,2575330
BBAI,2026-08-20 13:30:00-04:00,3.05,3.06,3.03,3.045,1410759
BBAI,2026-08-20 14:30:00-04:00,3.045,3.05,3.03,3.04,1459467
BBAI,2026-08-20 15:30:00-04:00,3.0497,3.09,3.045,3.09,1684120
BBAI,2026-08-21 09:30:00-04:00,3.15,3.245,3.13,3.1997,5260046
BBAI,2026-08-21 10:30:00-04:00,3.1903,3.205,3.155,3.175,3018267
BBAI,2026-08-21 11:30:00-04:00,3.175,3.24,3.17,3.22,3501830
BBAI,2026-08-21 12:30:00-04:00,3.21,3.22,3.19,3.215,2705077
BBAI,2026-08-21 13:30:00-04:00,3.2103,3.22,3.19,3.21,1389055
BBAI,2026-08-21 14:30:00-04:00,3.2114,3.24,3.2,3.235,1178495
BBAI,2026-08-21 15:30:00-04:00,3.235,3.245,3.22,3.22,2133519
BBAI,2026-08-24 09:30:00-04:00,3.15,3.16,3.07,3.095,3965629
BBAI,2026-08-24 10:30:00-04:00,3.09,3.15,3.09,3.15,2779513
BBAI,2026-08-24 11:30:00-04:00,3.145,3.15,3.11,3.12,2666055
BBAI,2026-08-24 12:30:00-04:00,3.12,3.13,3.1,3.1,1313540
BBAI,2026-08-24 13:30:00-04:00,3.1,3.11,3.07,3.0986,2056244
BBAI,2026-08-24 14:30:00-04:00,3.09,3.1,3.07,3.095,1725674
BBAI,2026-08-24 15:30:00-04:00,3.095,3.12,3.07,3.07,1481085
BBAI,2026-08-25 09:30:00-04:00,3.13,3.15,3.06,3.095,2960509
BBAI,2026-08-25 10:30:00-04:00,3.09,3.14,3.07,3.12,2129028
BBAI,2026-08-25 11:30:00-04:00,3.11,3.12,3.1,3.1,1447362
BBAI,2026-08-25 12:30:00-04:00,3.1008,3.11,3.08,3.085,1103141
BBAI,2026-08-25 13:30:00-04:00,3.085,3.115,3.08,3.09,878300
BBAI,2026-08-25 14:30:00-04:00,3.09,3.11,3.08,3.08,885726
BBAI,2026-08-25 15:30:00-04:00,3.085,3.1,3.07,3.09,1549677
BBAI,2026-08-26 09:30:00-04:00,3.06,3.15,3.05,3.075,3285952
BBAI,2026-08-26 10:30:00-04:00,3.0799,3.1,3.05,3.0585,1687452
BBAI,2026-08-26 11:30:00-04:00,3.06,3.06,3.03,3.045,1479185
BBAI,2026-08-26 12:30:00-04:00,3.045,3.07,3.03,3.065,983894
BBAI,2026-08-26 13:30:00-04:00,3.065,3.08,3.06,3.08,1131033
BBAI,2026-08-26 14:30:00-04:00,3.075,3.08,3.06,3.07,883887
BBAI,2026-08-26 15:30:00-04:00,3.0701,3.08,3.05,3.055,1714451
BBAI,2026-08-27 09:30:00-04:00,3.115,3.18,3.07,3.17,4084630
BBAI,2026-08-27 10:30:00-04:00,3.17,3.22,3.15,3.1853,3341385
BBAI,2026-08-27 11:30:00-04:00,3.1867,3.28,3.17,3.25,6247170
BBAI,2026-08-27 12:30:00-04:00,3.2401,3.26,3.19,3.19,2984063
BBAI,2026-08-27 13:30:00-04:00,3.2,3.2,3.12,3.135,2741048
BBAI,2026-08-27 14:30:00-04:00,3.135,3.17,3.12,3.165,2348744
BBAI,2026-08-27 15:30:00-04:00,3.16,3.21,3.16,3.18,2910128
BBAI,2026-08-28 09:30:00-04:00,3.15,3.22,3.11,3.13,2935969
BBAI,2026-08-28 10:30:00-04:00,3.125,3.16,3.11,3.12,2100940
BBAI,2026-08-28 11:30:00-04:00,3.125,3.13,3.04,3.055,2571360
BBAI,2026-08-28 12:30:00-04:00,3.06,3.08,3.05,3.05,2156451
BBAI,2026-08-28 13:30:00-04:00,3.0501,3.07,3.04,3.04,1808713
BBAI,2026-08-28 14:30:00-04:00,3.05,3.09,3.045,3.085,1368050
BBAI,2026-08-28 15:30:00-04:00,3.085,3.09,3.06,3.065,1954731
BBAI,2026-08-31 09:30:00-04:00,3.02,3.12,3.02,3.115,3653501
BBAI,2026-08-31 10:30:00-04:00,3.115,3.1299,3.07,3.09,2722381
BBAI,2026-08-31 11:30:00-04:00,3.1,3.1,3.0601,3.0899,1607246
BBAI,2026-08-31 12:30:00-04:00,3.0889,3.11,3.07,3.0799,2210504
BBAI,2026-08-31 13:30:00-04:00,3.07,3.1,3.06,3.1,2532514
BBAI,2026-08-31 14:30:00-04:00,3.095,3.125,3.09,3.105,2558240
BBAI,2026-08-31 15:30:00-04:00,3.1,3.14,3.1,3.135,2462402
BBAI,2026-09-01 09:30:00-04:00,3.04,3.04,2.95,2.9993,3996776
BBAI,2026-09-01 10:30:00-04:00,2.995,3.0098,2.94,2.96,2549853
BBAI,2026-09-01 11:30:00-04:00,2.95,2.99,2.95,2.96,2204777
BBAI,2026-09-01 12:30:00-04:00,2.9501,2.97,2.94,2.9683,1314517
BBAI,2026-09-01 13:30:00-04:00,2.965,2.98,2.95,2.9521,1515913
BBAI,2026-09-01 14:30:00-04:00,2.955,2.96,2.93,2.955,2178569
BBAI,2026-09-01 15:30:00-04:00,2.955,2.97,2.94,2.95,1750147
BBAI,2026-09-02 09:30:00-04:00,2.93,3.0199,2.93,2.98,3024606
BBAI,2026-09-02 10:30:00-04:00,2.985,3.0,2.96,2.9687,1981071
BBAI,2026-09-02 11:30:00-04:00,2.965,2.98,2.93,2.935,1371576
BBAI,2026-09-02 12:30:00-04:00,2.93,2.95,2.925,2.94,902532
BBAI,2026-09-02 13:30:00-04:00,2.9389,3.0,2.9385,2.9846,1563658
BBAI,2026-09-02 14:30:00-04:00,2.98,3.0,2.96,2.9885,2097584
BBAI,2026-09-02 15:30:00-04:00,2.985,2.99,2.94,2.945,2089674
BBAI,2026-09-03 09:30:00-04:00,3.01,3.06,2.96,2.98,3045388
BBAI,2026-09-03 10:30:00-04:00,2.98,2.99,2.95,2.96,1884477
BBAI,2026-09-03 11:30:00-04:00,2.965,2.98,2.955,2.96,1532182
BBAI,2026-09-03 12:30:00-04:00,2.965,2.9788,2.955,2.965,905133
BBAI,2026-09-03 13:30:00-04:00,2.9699,2.98,2.96,2.965,1054587
BBAI,2026-09-03 14:30:00-04:00,2.96,2.98,2.94,2.9788,1627582
BBAI,2026-09-03 15:30:00-04:00,2.975,3.0,2.97,2.985,1885843
IREN,2026-07-06 09:30:00-04:00,41.97,44.9699,41.86,44.655,19530283
IREN,2026-07-06 10:30:00-04:00,44.655,44.72,43.4001,43.9787,5712301
IREN,2026-07-06 11:30:00-04:00,43.97,44.955,43.905,44.55,4646411
IREN,2026-07-06 12:30:00-04:00,44.54,44.89,43.99,44.0,4765568
IREN,2026-07-06 13:30:00-04:00,44.0001,44.29,43.67,43.925,4108638
IREN,2026-07-06 14:30:00-04:00,43.92,43.92,43.33,43.86,3850899
IREN,2026-07-06 15:30:00-04:00,43.85,44.1654,43.505,43.87,5387261
IREN,2026-07-07 09:30:00-04:00,42.28,42.71,39.482,39.88,12422225
IREN,2026-07-07 10:30:00-04:00,39.88,40.82,39.195,40.5287,5880383
IREN,2026-07-07 11:30:00-04:00,40.52,41.51,40.01,41.365,3753506
IREN,2026-07-07 12:30:00-04:00,41.36,41.62,40.931,41.37,3017465
IREN,2026-07-07 13:30:00-04:00,41.365,41.995,41.165,41.215,3544863
IREN,2026-07-07 14:30:00-04:00,41.215,41.31,40.025,40.21,4852709
IREN,2026-07-07 15:30:00-04:00,40.18,40.5,39.8,39.815,3751968
IREN,2026-07-08 09:30:00-04:00,40.74,42.84,40.5,42.1899,11082066
IREN,2026-07-08 10:30:00-04:00,42.18,42.455,40.53,40.74,3950342
IREN,2026-07-08 11:30:00-04:00,40.73,41.16,40.63,41.0,2340149
IREN,2026-07-08 12:30:00-04:00,40.99,41.2101,40.28,40.9873,2465787
IREN,2026-07-08 13:30:00-04:00,40.99,41.4899,40.5802,41.28,2848156
IREN,2026-07-08 14:30:00-04:00,41.27,42.69,41.0101,42.66,4167526
IREN,2026-07-08 15:30:00-04:00,42.66,43.06,42.52,43.0,4334136
IREN,2026-07-09 09:30:00-04:00,44.495,45.54,42.145,42.81,12794192
IREN,2026-07-09 10:30:00-04:00,42.8,43.25,42.32,43.09,4823633
IREN,2026-07-09 11:30:00-04:00,43.0905,43.4802,42.59,42.8291,4482801
IREN,2026-07-09 12:30:00-04:00,42.81,42.98,42.44,42.865,3047611
IREN,2026-07-09 13:30:00-04:00,42.86,42.9553,42.405,42.81,2504206
IREN,2026-07-09 14:30:00-04:00,42.81,43.25,42.53,42.56,2570971
IREN,2026-07-09 15:30:00-04:00,42.56,42.573,41.58,41.725,4106878
IREN,2026-07-10 09:30:00-04:00,42.61,42.61,40.471,40.721,6997732
IREN,2026-07-10 10:30:00-04:00,40.7201,41.08,39.965,41.0717,4694757
IREN,2026-07-10 11:30:00-04:00,41.06,41.16,40.4,41.1,2606512
IREN,2026-07-10 12:30:00-04:00,41.11,42.52,41.11,42.31,6283914
IREN,2026-07-10 13:30:00-04:00,42.31,42.47,41.95,42.1096,2107385
IREN,2026-07-10 14:30:00-04:00,42.11,42.2503,41.47,41.585,2427028
IREN,2026-07-10 15:30:00-04:00,41.58,41.7,41.07,41.11,3015409
IREN,2026-07-13 09:30:00-04:00,40.302,42.17,39.88,41.43,9463145
IREN,2026-07-13 10:30:00-04:00,41.435,41.44,40.14,40.43,4285976
IREN,2026-07-13 11:30:00-04:00,40.43,40.54,38.94,39.115,5154787
IREN,2026-07-13 12:30:00-04:00,39.11,39.11,38.44,38.5928,4709885
IREN,2026-07-13 13:30:00-04:00,38.62,38.79,38.08,38.3344,3276848
IREN,2026-07-13 14:30:00-04:00,38.34,39.11,38.25,38.93,3337067
IREN,2026-07-13 15:30:00-04:00,38.94,39.065,38.68,39.03,2900683
IREN,2026-07-14 09:30:00-04:00,40.005,40.62,37.79,38.2,9678886
IREN,2026-07-14 10:30:00-04:00,38.1901,39.025,38.04,38.795,4338760
IREN,2026-07-14 11:30:00-04:00,38.79,38.87,38.07,38.2399,2732212
IREN,2026-07-14 12:30:00-04:00,38.24,38.26,37.04,37.71,4961280
IREN,2026-07-14 13:30:00-04:00,37.7101,38.79,37.6,38.55,3740762
IREN,2026-07-14 14:30:00-04:00,38.56,38.76,38.16,38.195,2704755
IREN,2026-07-14 15:30:00-04:00,38.195,38.685,38.12,38.605,3152298
IREN,2026-07-15 09:30:00-04:00,39.215,40.02,38.19,39.08,8241543
IREN,2026-07-15 10:30:00-04:00,39.1,39.6032,38.52,39.05,3508884
IREN,2026-07-15 11:30:00-04:00,39.08,39.08,37.9538,38.36,3495197
IREN,2026-07-15 12:30:00-04:00,38.36,40.31,38.12,39.69,3971555
IREN,2026-07-15 13:30:00-04:00,39.67,40.445,39.4,40.205,3927092
IREN,2026-07-15 14:30:00-04:00,40.21,40.34,38.28,38.44,5096168
IREN,2026-07-15 15:30:00-04:00,38.445,38.84,38.235,38.27,4229133
IREN,2026-07-16 09:30:00-04:00,37.0672,37.42,35.77,36.069,11318890
IREN,2026-07-16 10:30:00-04:00,36.065,36.1,35.2046,35.825,5683332
IREN,2026-07-16 11:30:00-04:00,35.8249,38.28,34.75,34.9427,5404989
IREN,2026-07-16 12:30:00-04:00,34.96,35.2,34.5901,34.74,3385566
IREN,2026-07-16 13:30:00-04:00,34.715,35.425,34.4401,35.225,4217551
IREN,2026-07-16 14:30:00-04:00,35.225,35.72,35.0501,35.37,3629976
IREN,2026-07-16 15:30:00-04:00,35.38,35.45,34.5775,34.825,3747002
IREN,2026-07-17 09:30:00-04:00,33.7563,34.5,32.22,33.865,11650477
IREN,2026-07-17 10:30:00-04:00,33.88,34.02,33.11,33.5401,4473863
IREN,2026-07-17 11:30:00-04:00,33.545,34.4401,33.305,33.98,4455957
IREN,2026-07-17 12:30:00-04:00,33.98,34.9,33.81,34.8999,3923509
IREN,2026-07-17 13:30:00-04:00,34.8962,34.92,33.72,33.805,3574097
IREN,2026-07-17 14:30:00-04:00,33.8,34.01,33.185,33.435,4204225
IREN,2026-07-17 15:30:00-04:00,33.45,33.6564,33.1901,33.615,5252056
IREN,2026-07-20 09:30:00-04:00,36.392,39.9,36.335,38.98,29875849
IREN,2026-07-20 10:30:00-04:00,38.98,39.288,38.1,39.25,8786832
IREN,2026-07-20 11:30:00-04:00,39.26,40.335,39.01,39.95,9227539
IREN,2026-07-20 12:30:00-04:00,39.94,40.77,39.8,40.5996,8996148
IREN,2026-07-20 13:30:00-04:00,40.5995,41.095,40.42,40.79,6795548
IREN,2026-07-20 14:30:00-04:00,40.79,40.9397,39.52,39.875,8347180
IREN,2026-07-20 15:30:00-04:00,39.875,40.42,39.67,40.26,11242035
IREN,2026-07-21 09:30:00-04:00,40.913,42.25,40.435,41.915,15547537
IREN,2026-07-21 10:30:00-04:00,41.928,42.2898,41.28,41.95,6444683
IREN,2026-07-21 11:30:00-04:00,41.97,42.0467,41.63,41.8201,4465713
IREN,2026-07-21 12:30:00-04:00,41.8399,42.68,41.74,42.365,4967176
IREN,2026-07-21 13:30:00-04:00,42.36,42.45,40.8802,41.02,4728715
IREN,2026-07-21 14:30:00-04:00,41.01,41.0461,40.34,40.5301,6130841
IREN,2026-07-21 15:30:00-04:00,40.55,41.41,40.54,41.305,4252197
IREN,2026-07-22 09:30:00-04:00,40.3,43.72,40.28,43.055,11592782
IREN,2026-07-22 10:30:00-04:00,43.07,43.34,42.05,42.9422,7526865
IREN,2026-07-22 11:30:00-04:00,42.94,43.0,42.2,42.4033,3771725
IREN,2026-07-22 12:30:00-04:00,42.408,42.74,41.9,42.14,2868310
IREN,2026-07-22 13:30:00-04:00,42.16,42.21,41.46,41.5043,2379376
IREN,2026-07-22 14:30:00-04:00,41.5,41.76,41.28,41.5,2938919
IREN,2026-07-22 15:30:00-04:00,41.495,41.56,41.075,41.28,7699493
IREN,2026-07-23 09:30:00-04:00,40.55,43.429,40.41,42.69,10750953
IREN,2026-07-23 10:30:00-04:00,42.69,42.795,40.77,41.03,5888922
IREN,2026-07-23 11:30:00-04:00,41.0,42.0365,40.91,41.61,4607346
IREN,2026-07-23 12:30:00-04:00,41.61,41.63,40.49,41.2,3698613
IREN,2026-07-23 13:30:00-04:00,41.1837,41.5122,40.7,40.7189,2929635
IREN,2026-07-23 14:30:00-04:00,40.72,41.105,40.35,41.04,3542020
IREN,2026-07-23 15:30:00-04:00,41.08,41.27,40.38,40.59,3980022
IREN,2026-07-24 09:30:00-04:00,40.015,40.22,37.77,38.6925,8681627
IREN,2026-07-24 10:30:00-04:00,38.675,39.48,37.73,39.24,4396884
IREN,2026-07-24 11:30:00-04:00,39.205,39.88,39.02,39.08,2793115
IREN,2026-07-24 12:30:00-04:00,39.0895,39.11,38.18,38.54,2944240
IREN,2026-07-24 13:30:00-04:00,38.5301,38.85,37.89,37.9826,2652229
IREN,2026-07-24 14:30:00-04:00,37.99,38.0195,37.275,37.44,3627417
IREN,2026-07-24 15:30:00-04:00,37.46,37.69,37.02,37.06,4587805
IREN,2026-07-27 09:30:00-04:00,37.54,38.4992,35.68,35.71,9030479
IREN,2026-07-27 10:30:00-04:00,35.73,36.12,35.0706,35.48,5816400
IREN,2026-07-27 11:30:00-04:00,35.475,35.94,34.88,35.9238,5983461
IREN,2026-07-27 12:30:00-04:00,35.94,36.3294,35.4801,35.65,2788913
IREN,2026-07-27 13:30:00-04:00,35.65,36.055,35.54,35.6295,1603883
IREN,2026-07-27 14:30:00-04:00,35.62,36.39,35.26,36.36,2939793
IREN,2026-07-27 15:30:00-04:00,36.35,36.52,35.945,36.31,3070804
IREN,2026-07-28 09:30:00-04:00,35.01,35.09,32.54,32.91,14309305
IREN,2026-07-28 10:30:00-04:00,32.9,34.4898,32.7801,34.395,5845078
IREN,2026-07-28 11:30:00-04:00,34.395,34.93,34.03,34.165,4438017
IREN,2026-07-28 12:30:00-04:00,34.13,34.55,33.895,33.9336,2804999
IREN,2026-07-28 13:30:00-04:00,33.9305,33.99,33.42,33.49,2748141
IREN,2026-07-28 14:30:00-04:00,33.49,34.18,33.4105,34.175,3440952
IREN,2026-07-28 15:30:00-04:00,34.18,34.42,33.75,33.9164,4231084
IREN,2026-07-29 09:30:00-04:00,34.075,34.24,30.9301,30.965,13980690
IREN,2026-07-29 10:30:00-04:00,30.965,31.41,30.6401,30.72,7915940
IREN,2026-07-29 11:30:00-04:00,30.705,31.03,30.06,30.635,7211284
IREN,2026-07-29 12:30:00-04:00,30.635,31.045,30.21,30.695,5203844
IREN,2026-07-29 13:30:00-04:00,30.68,31.85,30.635,30.82,9768274
IREN,2026-07-29 14:30:00-04:00,30.83,32.0799,30.1443,30.375,8724366
IREN,2026-07-29 15:30:00-04:00,30.375,30.445,28.93,29.33,11889161
IREN,2026-07-30 09:30:00-04:00,32.505,37.66,32.32,37.305,28769858
IREN,2026-07-30 10:30:00-04:00,37.3083,37.5,36.48,37.03,10430346
IREN,2026-07-30 11:30:00-04:00,37.03,37.87,36.95,37.54,6660994
IREN,2026-07-30 12:30:00-04:00,37.54,37.56,36.77,37.16,4582755
IREN,2026-07-30 13:30:00-04:00,37.155,37.44,36.81,36.91,3456570
IREN,2026-07-30 14:30:00-04:00,36.92,37.575,36.745,37.18,3907948
IREN,2026-07-30 15:30:00-04:00,37.17,38.335,37.11,38.26,12958180
IREN,2026-07-31 09:30:00-04:00,40.815,40.815,35.6131,36.6683,23581473
IREN,2026-07-31 10:30:00-04:00,36.67,37.22,35.71,35.92,7816608
IREN,2026-07-31 11:30:00-04:00,35.92,36.19,35.16,35.85,6544194
IREN,2026-07-31 12:30:00-04:00,35.86,37.1199,35.735,37.005,5524887
IREN,2026-07-31 13:30:00-04:00,37.005,37.94,36.91,37.3788,7040440
IREN,2026-07-31 14:30:00-04:00,37.38,37.55,36.95,37.205,3861003
IREN,2026-07-31 15:30:00-04:00,37.22,37.26,36.63,36.82,4404796
IREN,2026-08-03 09:30:00-04:00,35.5,39.1,35.46,39.015,13574926
IREN,2026-08-03 10:30:00-04:00,39.03,39.5898,38.56,38.703,7052616
IREN,2026-08-03 11:30:00-04:00,38.7,39.71,38.675,39.44,3549356
IREN,2026-08-03 12:30:00-04:00,39.46,39.91,38.98,39.84,3265944
IREN,2026-08-03 13:30:00-04:00,39.835,40.21,39.66,39.71,3376654
IREN,2026-08-03 14:30:00-04:00,39.71,39.99,39.47,39.935,2862384
IREN,2026-08-03 15:30:00-04:00,39.95,40.03,39.48,39.76,4345742
IREN,2026-08-04 09:30:00-04:00,39.215,41.69,39.2,41.1014,12523838
IREN,2026-08-04 10:30:00-04:00,41.11,42.24,40.83,41.48,5684236
IREN,2026-08-04 11:30:00-04:00,41.48,41.83,41.03,41.03,3947920
IREN,2026-08-04 12:30:00-04:00,41.015,41.36,40.66,41.33,3806128
IREN,2026-08-04 13:30:00-04:00,41.33,41.41,40.94,41.256,2497033
IREN,2026-08-04 14:30:00-04:00,41.27,41.3,40.83,40.97,3108108
IREN,2026-08-04 15:30:00-04:00,40.98,40.99,40.56,40.85,3603023
IREN,2026-08-05 09:30:00-04:00,40.05,41.16,39.33,40.405,9176532
IREN,2026-08-05 10:30:00-04:00,40.38,40.53,39.7,39.935,5475882
IREN,2026-08-05 11:30:00-04:00,39.93,40.67,39.92,40.59,3471299
IREN,2026-08-05 12:30:00-04:00,40.59,40.63,39.7,39.77,2034215
IREN,2026-08-05 13:30:00-04:00,39.78,39.93,39.07,39.24,3501702
IREN,2026-08-05 14:30:00-04:00,39.245,39.4196,38.93,39.35,3435387
IREN,2026-08-05 15:30:00-04:00,39.34,39.43,38.92,38.96,3674215
IREN,2026-08-06 09:30:00-04:00,37.216,40.12,37.11,39.45,8091524
IREN,2026-08-06 10:30:00-04:00,39.44,40.45,39.1,40.28,4182732
IREN,2026-08-06 11:30:00-04:00,40.3,40.4695,39.07,39.25,3779757
IREN,2026-08-06 12:30:00-04:00,39.24,39.56,38.92,38.92,2570011
IREN,2026-08-06 13:30:00-04:00,38.915,39.3,38.39,38.94,2949988
IREN,2026-08-06 14:30:00-04:00,38.925,38.96,38.3,38.54,2946933
IREN,2026-08-06 15:30:00-04:00,38.54,38.59,37.885,37.915,3643669
IREN,2026-08-07 09:30:00-04:00,39.5,39.98,37.3,39.0639,9343489
IREN,2026-08-07 10:30:00-04:00,39.05,39.07,38.29,38.87,4210690
IREN,2026-08-07 11:30:00-04:00,38.875,39.645,38.875,39.2999,2980027
IREN,2026-08-07 12:30:00-04:00,39.29,39.54,38.86,39.1501,1905473
IREN,2026-08-07 13:30:00-04:00,39.13,39.845,39.13,39.68,1957205
IREN,2026-08-07 14:30:00-04:00,39.665,40.85,39.42,40.73,3246447
IREN,2026-08-07 15:30:00-04:00,40.735,41.3,40.13,41.24,4766063
IREN,2026-08-10 09:30:00-04:00,41.27,41.27,39.36,39.98,9502413
IREN,2026-08-10 10:30:00-04:00,39.99,40.1595,39.28,39.405,3956299
IREN,2026-08-10 11:30:00-04:00,39.39,39.775,39.14,39.49,2556849
IREN,2026-08-10 12:30:00-04:00,39.48,39.96,39.285,39.85,2497998
IREN,2026-08-10 13:30:00-04:00,39.82,39.98,38.94,38.965,2681523
IREN,2026-08-10 14:30:00-04:00,38.97,39.48,38.91,39.4,2632866
IREN,2026-08-10 15:30:00-04:00,39.4,39.42,38.7,38.71,3739638
IREN,2026-08-11 09:30:00-04:00,40.2,40.9562,39.58,40.0,14251439
IREN,2026-08-11 10:30:00-04:00,40.0,40.1098,39.41,39.78,4414338
IREN,2026-08-11 11:30:00-04:00,39.79,40.13,39.35,39.465,2079090
IREN,2026-08-11 12:30:00-04:00,39.46,40.1351,39.3808,40.115,1760467
IREN,2026-08-11 13:30:00-04:00,40.11,40.35,39.885,39.95,2283370
IREN,2026-08-11 14:30:00-04:00,39.985,40.2518,39.805,40.0,2260266
IREN,2026-08-11 15:30:00-04:00,40.01,40.225,39.71,39.735,3443109
IREN,2026-08-12 09:30:00-04:00,43.535,44.67,42.572,42.981,18191610
IREN,2026-08-12 10:30:00-04:00,42.98,43.09,42.06,42.32,6902014
IREN,2026-08-12 11:30:00-04:00,42.33,42.8199,42.1101,42.685,3423653
IREN,2026-08-12 12:30:00-04:00,42.685,43.115,42.56,43.075,3065960
IREN,2026-08-12 13:30:00-04:00,43.07,44.28,43.05,44.005,5382846
IREN,2026-08-12 14:30:00-04:00,44.009,44.19,43.68,43.87,3608302
IREN,2026-08-12 15:30:00-04:00,43.89,43.995,43.35,43.66,4128240
IREN,2026-08-13 09:30:00-04:00,45.975,49.185,45.38,48.225,29607862
IREN,2026-08-13 10:30:00-04:00,48.22,48.22,45.78,46.48,13002626
IREN,2026-08-13 11:30:00-04:00,46.47,46.71,44.665,45.0045,7329214
IREN,2026-08-13 12:30:00-04:00,45.01,45.5,44.75,45.05,5756510
IREN,2026-08-13 13:30:00-04:00,45.03,45.1,44.36,45.0,3931806
IREN,2026-08-13 14:30:00-04:00,45.01,45.06,44.275,44.481,4341639
IREN,2026-08-13 15:30:00-04:00,44.48,45.0,43.99,44.76,4243651
IREN,2026-08-14 09:30:00-04:00,44.03,46.43,43.992,44.91,12860445
IREN,2026-08-14 10:30:00-04:00,44.9,45.48,43.81,44.04,5568773
IREN,2026-08-14 11:30:00-04:00,44.05,44.54,43.69,44.28,3520283
IREN,2026-08-14 12:30:00-04:00,44.29,45.25,43.92,44.8302,4216933
IREN,2026-08-14 13:30:00-04:00,44.835,45.13,44.1,44.175,2893320
IREN,2026-08-14 14:30:00-04:00,44.175,44.44,43.92,44.31,2811044
IREN,2026-08-14 15:30:00-04:00,44.32,44.55,43.98,44.04,3642166
IREN,2026-08-17 09:30:00-04:00,45.22,45.35,43.8651,44.68,11143123
IREN,2026-08-17 10:30:00-04:00,44.7,45.5599,44.32,45.552,5576474
IREN,2026-08-17 11:30:00-04:00,45.56,46.405,45.02,46.345,5330737
IREN,2026-08-17 12:30:00-04:00,46.34,46.5899,45.72,45.72,4196962
IREN,2026-08-17 13:30:00-04:00,45.715,46.08,45.41,45.92,3613771
IREN,2026-08-17 14:30:00-04:00,45.92,46.148,44.82,45.165,3720527
IREN,2026-08-17 15:30:00-04:00,45.165,45.28,44.77,44.93,3537415
IREN,2026-08-18 09:30:00-04:00,43.536,45.28,43.12,43.64,11982567
IREN,2026-08-18 10:30:00-04:00,43.62,43.75,42.1606,42.555,7058253
IREN,2026-08-18 11:30:00-04:00,42.57,43.04,42.32,42.7,3201730
IREN,2026-08-18 12:30:00-04:00,42.68,42.8602,42.26,42.355,2655013
IREN,2026-08-18 13:30:00-04:00,42.325,42.385,41.87,41.8939,3066174
IREN,2026-08-18 14:30:00-04:00,41.9,42.21,41.63,41.76,3267356
IREN,2026-08-18 15:30:00-04:00,41.73,42.398,41.5801,41.9715,5089716
IREN,2026-08-19 09:30:00-04:00,41.35,41.955,39.48,40.5802,13610296
IREN,2026-08-19 10:30:00-04:00,40.59,42.3,40.505,42.22,6738191
IREN,2026-08-19 11:30:00-04:00,42.23,43.4764,41.8501,43.295,6134438
IREN,2026-08-19 12:30:00-04:00,43.31,43.49,42.07,42.257,3922881
IREN,2026-08-19 13:30:00-04:00,42.25,42.73,42.09,42.4363,3528082
IREN,2026-08-19 14:30:00-04:00,42.415,42.58,41.8,41.995,3480212
IREN,2026-08-19 15:30:00-04:00,42.0,42.88,41.98,42.79,4138217
IREN,2026-08-20 09:30:00-04:00,42.512,43.58,41.475,41.71,10073866
IREN,2026-08-20 10:30:00-04:00,41.68,42.84,41.57,42.17,4204525
IREN,2026-08-20 11:30:00-04:00,42.16,42.25,41.1105,41.62,3834128
IREN,2026-08-20 12:30:00-04:00,41.66,42.0881,41.435,41.75,3362077
IREN,2026-08-20 13:30:00-04:00,41.745,41.75,41.345,41.6599,2703630
IREN,2026-08-20 14:30:00-04:00,41.635,42.2993,41.17,42.2993,2687794
IREN,2026-08-20 15:30:00-04:00,42.2937,42.785,42.06,42.605,4192147
IREN,2026-08-21 09:30:00-04:00,44.04,45.93,41.95,42.205,15614009
IREN,2026-08-21 10:30:00-04:00,42.215,42.425,40.86,41.1895,7509674
IREN,2026-08-21 11:30:00-04:00,41.185,42.1,41.021,41.69,3785713
IREN,2026-08-21 12:30:00-04:00,41.69,41.7,40.94,41.18,4021014
IREN,2026-08-21 13:30:00-04:00,41.19,41.74,41.14,41.69,2424027
IREN,2026-08-21 14:30:00-04:00,41.68,41.74,41.1,41.4,3034031
IREN,2026-08-21 15:30:00-04:00,41.39,41.92,41.14,41.875,4844746
IREN,2026-08-24 09:30:00-04:00,40.835,41.25,39.6,40.2006,10212080
IREN,2026-08-24 10:30:00-04:00,40.215,41.05,40.16,41.0148,3635107
IREN,2026-08-24 11:30:00-04:00,41.03,41.25,40.58,40.98,3206533
IREN,2026-08-24 12:30:00-04:00,40.97,41.03,40.555,40.78,1926295
IREN,2026-08-24 13:30:00-04:00,40.76,41.1,40.41,40.8492,3103497
IREN,2026-08-24 14:30:00-04:00,40.845,40.98,40.29,40.35,2376946
IREN,2026-08-24 15:30:00-04:00,40.36,40.485,39.77,39.83,4284096
IREN,2026-08-25 09:30:00-04:00,40.165,41.74,40.03,41.42,9428985
IREN,2026-08-25 10:30:00-04:00,41.41,42.255,41.05,42.155,5062221
IREN,2026-08-25 11:30:00-04:00,42.1574,42.3072,41.94,42.08,2384923
IREN,2026-08-25 12:30:00-04:00,42.075,42.329,41.87,42.31,1970169
IREN,2026-08-25 13:30:00-04:00,42.3,42.405,39.81,42.08,1947771
IREN,2026-08-25 14:30:00-04:00,42.08,42.365,41.775,42.0646,2165745
IREN,2026-08-25 15:30:00-04:00,42.07,42.33,41.89,42.22,3341604
IREN,2026-08-26 09:30:00-04:00,41.235,41.57,40.1401,40.36,8554600
IREN,2026-08-26 10:30:00-04:00,40.35,40.54,39.9713,40.24,6420763
IREN,2026-08-26 11:30:00-04:00,40.23,40.2599,39.75,39.8595,3919840
IREN,2026-08-26 12:30:00-04:00,39.845,40.1185,39.51,40.055,3215880
IREN,2026-08-26 13:30:00-04:00,40.06,40.12,39.62,39.62,2063281
IREN,2026-08-26 14:30:00-04:00,39.6286,39.89,39.56,39.86,2685247
IREN,2026-08-26 15:30:00-04:00,39.86,39.995,39.36,39.59,3852702
IREN,2026-08-27 09:30:00-04:00,40.612,41.32,40.31,41.2843,9714907
IREN,2026-08-27 10:30:00-04:00,41.28,41.51,40.815,41.04,4508996
IREN,2026-08-27 11:30:00-04:00,41.04,41.28,40.825,41.064,3096925
IREN,2026-08-27 12:30:00-04:00,41.06,41.425,40.945,41.19,2566054
IREN,2026-08-27 13:30:00-04:00,41.195,41.275,40.79,40.8694,3015518
IREN,2026-08-27 14:30:00-04:00,40.87,41.255,40.53,40.7399,4408617
IREN,2026-08-27 15:30:00-04:00,40.73,40.755,40.36,40.54,5735583
IREN,2026-08-28 09:30:00-04:00,37.59,38.048,36.46,37.05,23775589
IREN,2026-08-28 10:30:00-04:00,37.045,37.38,36.0801,36.325,11028975
IREN,2026-08-28 11:30:00-04:00,36.325,36.34,35.13,35.27,13103140
IREN,2026-08-28 12:30:00-04:00,35.265,35.555,34.94,34.955,8594724
IREN,2026-08-28 13:30:00-04:00,34.955,35.16,34.81,35.105,6370563
IREN,2026-08-28 14:30:00-04:00,35.105,35.58,34.93,35.555,6475697
IREN,2026-08-28 15:30:00-04:00,35.55,35.925,35.12,35.425,8302190
IREN,2026-08-31 09:30:00-04:00,35.82,36.59,35.5105,35.7399,11258280
IREN,2026-08-31 10:30:00-04:00,35.73,36.1599,35.585,36.07,3903373
IREN,2026-08-31 11:30:00-04:00,36.065,36.67,36.0044,36.38,3833353
IREN,2026-08-31 12:30:00-04:00,36.38,36.86,36.38,36.675,3550317
IREN,2026-08-31 13:30:00-04:00,36.68,36.72,36.33,36.59,2947584
IREN,2026-08-31 14:30:00-04:00,36.58,36.73,36.44,36.55,2663777
IREN,2026-08-31 15:30:00-04:00,36.55,37.3155,36.4,37.1158,5217461
IREN,2026-09-01 09:30:00-04:00,36.075,36.69,35.14,35.575,9807830
IREN,2026-09-01 10:30:00-04:00,35.57,37.035,35.49,37.02,5071660
IREN,2026-09-01 11:30:00-04:00,37.02,37.17,36.5401,36.76,3751907
IREN,2026-09-01 12:30:00-04:00,36.7459,37.035,36.51,37.0247,2536742
IREN,2026-09-01 13:30:00-04:00,37.02,37.26,36.77,36.875,2749652
IREN,2026-09-01 14:30:00-04:00,36.86,37.1,36.4605,37.02,3803906
IREN,2026-09-01 15:30:00-04:00,37.02,37.1481,36.79,36.825,2921132
IREN,2026-09-02 09:30:00-04:00,35.795,37.83,35.76,37.67,10304668
IREN,2026-09-02 10:30:00-04:00,37.66,37.685,37.1036,37.58,3899018
IREN,2026-09-02 11:30:00-04:00,37.586,37.94,37.42,37.73,3031611
IREN,2026-09-02 12:30:00-04:00,37.734,37.93,37.561,37.93,2344277
IREN,2026-09-02 13:30:00-04:00,37.935,39.1,37.88,38.975,7168049
IREN,2026-09-02 14:30:00-04:00,38.98,39.485,38.84,39.395,4370307
IREN,2026-09-02 15:30:00-04:00,39.395,39.7099,39.3201,39.585,4510275
IREN,2026-09-03 09:30:00-04:00,39.28,40.195,39.03,40.085,9777987
IREN,2026-09-03 10:30:00-04:00,40.085,41.44,39.93,41.305,8782034
IREN,2026-09-03 11:30:00-04:00,41.3,41.57,40.78,40.8,5393855
IREN,2026-09-03 12:30:00-04:00,40.825,41.2899,40.77,41.035,3337123
IREN,2026-09-03 13:30:00-04:00,41.035,41.245,40.85,40.875,2692726
IREN,2026-09-03 14:30:00-04:00,40.86,41.66,40.8332,41.62,5881132
IREN,2026-09-03 15:30:00-04:00,41.6202,41.82,41.34,41.65,4914083
CIFR,2026-07-06 09:30:00-04:00,21.47,22.6,21.37,22.19,8087791
CIFR,2026-07-06 10:30:00-04:00,22.205,22.405,22.075,22.18,2471463
CIFR,2026-07-06 11:30:00-04:00,22.175,22.4665,22.0943,22.295,1714949
CIFR,2026-07-06 12:30:00-04:00,22.3,22.39,21.89,21.925,2356446
CIFR,2026-07-06 13:30:00-04:00,21.92,21.92,21.425,21.445,3595909
CIFR,2026-07-06 14:30:00-04:00,21.445,21.5671,21.24,21.435,4385749
CIFR,2026-07-06 15:30:00-04:00,21.425,21.79,21.05,21.725,4493595
CIFR,2026-07-07 09:30:00-04:00,20.77,21.11,19.81,19.89,8193027
CIFR,2026-07-07 10:30:00-04:00,19.89,20.29,19.505,20.29,3693823
CIFR,2026-07-07 11:30:00-04:00,20.295,21.2,20.12,21.12,2508806
CIFR,2026-07-07 12:30:00-04:00,21.12,21.12,20.66,20.895,1758675
CIFR,2026-07-07 13:30:00-04:00,20.895,21.045,20.74,20.78,1193825
CIFR,2026-07-07 14:30:00-04:00,20.78,20.815,20.14,20.4199,2658816
CIFR,2026-07-07 15:30:00-04:00,20.42,20.58,20.325,20.575,3773433
CIFR,2026-07-08 09:30:00-04:00,20.335,21.6699,20.14,21.18,6645914
CIFR,2026-07-08 10:30:00-04:00,21.17,21.37,20.4648,20.5293,3050296
CIFR,2026-07-08 11:30:00-04:00,20.52,20.8573,20.43,20.81,1926968
CIFR,2026-07-08 12:30:00-04:00,20.8,20.945,20.54,20.92,1680376
CIFR,2026-07-08 13:30:00-04:00,20.925,21.225,20.805,21.15,1320017
CIFR,2026-07-08 14:30:00-04:00,21.14,21.485,20.98,21.47,2559614
CIFR,2026-07-08 15:30:00-04:00,21.47,21.865,21.4,21.84,4141340
CIFR,2026-07-09 09:30:00-04:00,22.665,23.47,22.42,22.825,7082374
CIFR,2026-07-09 10:30:00-04:00,22.82,23.51,22.5,23.47,4241014
CIFR,2026-07-09 11:30:00-04:00,23.479,24.09,23.35,23.4328,3753628
CIFR,2026-07-09 12:30:00-04:00,23.43,23.595,23.2846,23.595,1607473
CIFR,2026-07-09 13:30:00-04:00,23.595,23.63,23.34,23.5195,1926898
CIFR,2026-07-09 14:30:00-04:00,23.515,23.935,23.48,23.535,3800824
CIFR,2026-07-09 15:30:00-04:00,23.54,23.54,22.965,23.27,4720692
CIFR,2026-07-10 09:30:00-04:00,23.34,23.53,22.05,22.205,4079365
CIFR,2026-07-10 10:30:00-04:00,22.22,22.54,21.8,22.52,2914793
CIFR,2026-07-10 11:30:00-04:00,22.525,22.54,22.09,22.28,1320766
CIFR,2026-07-10 12:30:00-04:00,22.29,22.87,22.28,22.8565,1789720
CIFR,2026-07-10 13:30:00-04:00,22.85,22.94,22.535,22.59,1381005
CIFR,2026-07-10 14:30:00-04:00,22.59,22.655,22.03,22.12,1698312
CIFR,2026-07-10 15:30:00-04:00,22.12,22.395,22.06,22.11,2130687
CIFR,2026-07-13 09:30:00-04:00,21.5,22.1779,21.14,21.49,4112595
CIFR,2026-07-13 10:30:00-04:00,21.48,21.62,20.88,20.94,1942093
CIFR,2026-07-13 11:30:00-04:00,20.9399,20.965,20.355,20.39,2001617
CIFR,2026-07-13 12:30:00-04:00,20.38,20.38,19.86,20.11,2633430
CIFR,2026-07-13 13:30:00-04:00,20.11,20.22,19.652,19.985,2340111
CIFR,2026-07-13 14:30:00-04:00,19.98,20.26,19.875,20.13,1802468
CIFR,2026-07-13 15:30:00-04:00,20.13,20.18,19.875,20.0899,2870147
CIFR,2026-07-14 09:30:00-04:00,20.82,21.22,19.04,19.3,6319342
CIFR,2026-07-14 10:30:00-04:00,19.3,20.33,19.185,20.26,3187880
CIFR,2026-07-14 11:30:00-04:00,20.27,20.33,19.933,20.0,1619077
CIFR,2026-07-14 12:30:00-04:00,20.0,20.06,19.5201,19.72,1942805
CIFR,2026-07-14 13:30:00-04:00,19.72,20.02,19.6,19.825,1180084
CIFR,2026-07-14 14:30:00-04:00,19.825,19.9697,19.68,19.69,1597584
CIFR,2026-07-14 15:30:00-04:00,19.685,20.09,19.505,19.855,2431414
CIFR,2026-07-15 09:30:00-04:00,19.91,20.35,18.92,19.38,4564467
CIFR,2026-07-15 10:30:00-04:00,19.385,19.64,19.09,19.54,2310553
CIFR,2026-07-15 11:30:00-04:00,19.54,19.63,18.6913,18.915,2745173
CIFR,2026-07-15 12:30:00-04:00,18.91,20.08,18.775,19.995,2552248
CIFR,2026-07-15 13:30:00-04:00,19.995,20.65,19.95,20.64,2976459
CIFR,2026-07-15 14:30:00-04:00,20.645,20.74,19.66,19.82,3872864
CIFR,2026-07-15 15:30:00-04:00,19.83,20.045,19.785,19.865,1683826
CIFR,2026-07-16 09:30:00-04:00,18.992,19.27,18.38,18.63,5138428
CIFR,2026-07-16 10:30:00-04:00,18.62,18.685,18.14,18.365,3249222
CIFR,2026-07-16 11:30:00-04:00,18.3699,19.87,17.85,17.975,2846767
CIFR,2026-07-16 12:30:00-04:00,17.975,18.025,17.7301,17.93,1481338
CIFR,2026-07-16 13:30:00-04:00,17.92,18.03,17.6201,17.975,1830323
CIFR,2026-07-16 14:30:00-04:00,17.975,18.105,17.7801,18.03,1409696
CIFR,2026-07-16 15:30:00-04:00,18.03,18.065,17.6,17.7,2196080
CIFR,2026-07-17 09:30:00-04:00,17.0,17.45,16.13,17.045,6845184
CIFR,2026-07-17 10:30:00-04:00,17.04,17.17,16.66,16.88,2696410
CIFR,2026-07-17 11:30:00-04:00,16.87,17.73,16.8,17.22,3461949
CIFR,2026-07-17 12:30:00-04:00,17.22,17.8299,17.165,17.79,2591715
CIFR,2026-07-17 13:30:00-04:00,17.785,17.79,17.345,17.43,2272648
CIFR,2026-07-17 14:30:00-04:00,17.425,17.54,17.28,17.4299,2207249
CIFR,2026-07-17 15:30:00-04:00,17.43,17.56,17.315,17.545,2267383
CIFR,2026-07-20 09:30:00-04:00,18.81,20.15,18.78,20.07,11956648
CIFR,2026-07-20 10:30:00-04:00,20.06,20.25,19.64,20.185,5411191
CIFR,2026-07-20 11:30:00-04:00,20.185,20.455,20.025,20.19,2619185
CIFR,2026-07-20 12:30:00-04:00,20.205,20.77,20.16,20.625,3954798
CIFR,2026-07-20 13:30:00-04:00,20.63,21.01,20.49,20.9,3691435
CIFR,2026-07-20 14:30:00-04:00,20.905,21.015,20.54,20.785,5447149
CIFR,2026-07-20 15:30:00-04:00,20.78,20.85,20.45,20.53,6014854
CIFR,2026-07-21 09:30:00-04:00,21.02,22.56,20.98,22.44,11458505
CIFR,2026-07-21 10:30:00-04:00,22.45,23.725,22.39,23.6649,8173109
CIFR,2026-07-21 11:30:00-04:00,23.665,24.365,23.54,24.235,5411840
CIFR,2026-07-21 12:30:00-04:00,24.24,24.49,24.0,24.1301,5258887
CIFR,2026-07-21 13:30:00-04:00,24.135,24.275,23.52,23.555,3949607
CIFR,2026-07-21 14:30:00-04:00,23.55,23.59,22.62,22.66,5033632
CIFR,2026-07-21 15:30:00-04:00,22.67,22.935,22.5801,22.895,5058444
CIFR,2026-07-22 09:30:00-04:00,22.45,23.84,22.31,23.49,4728784
CIFR,2026-07-22 10:30:00-04:00,23.48,24.11,23.44,23.905,2764885
CIFR,2026-07-22 11:30:00-04:00,23.9,23.935,23.56,23.72,1490884
CIFR,2026-07-22 12:30:00-04:00,23.71,23.9699,23.57,23.835,1521614
CIFR,2026-07-22 13:30:00-04:00,23.84,23.96,23.63,23.815,1931573
CIFR,2026-07-22 14:30:00-04:00,23.8,24.32,23.642,23.985,4303172
CIFR,2026-07-22 15:30:00-04:00,23.98,24.63,23.9,24.43,5191356
CIFR,2026-07-23 09:30:00-04:00,24.165,26.84,24.01,26.34,12334882
CIFR,2026-07-23 10:30:00-04:00,26.35,26.39,25.04,25.195,5216041
CIFR,2026-07-23 11:30:00-04:00,25.19,25.76,25.14,25.74,2713910
CIFR,2026-07-23 12:30:00-04:00,25.75,26.2803,25.5,26.265,3200542
CIFR,2026-07-23 13:30:00-04:00,26.26,26.37,25.74,25.795,2135096
CIFR,2026-07-23 14:30:00-04:00,25.8,26.119,25.52,25.95,2038801
CIFR,2026-07-23 15:30:00-04:00,25.96,26.07,25.515,25.8096,2780205
CIFR,2026-07-24 09:30:00-04:00,25.39,25.8,24.26,24.84,5621309
CIFR,2026-07-24 10:30:00-04:00,24.83,24.9154,24.07,24.84,2655846
CIFR,2026-07-24 11:30:00-04:00,24.83,25.25,24.81,24.95,1616431
CIFR,2026-07-24 12:30:00-04:00,24.95,24.99,24.3,24.65,1726189
CIFR,2026-07-24 13:30:00-04:00,24.645,24.83,23.97,24.005,1373416
CIFR,2026-07-24 14:30:00-04:00,24.025,24.025,23.06,23.16,3340924
CIFR,2026-07-24 15:30:00-04:00,23.17,23.23,22.89,23.145,3609757
CIFR,2026-07-27 09:30:00-04:00,23.82,23.91,21.76,21.836,5702275
CIFR,2026-07-27 10:30:00-04:00,21.84,21.87,21.16,21.37,4833139
CIFR,2026-07-27 11:30:00-04:00,21.36,21.66,21.075,21.66,2788791
CIFR,2026-07-27 12:30:00-04:00,21.66,21.98,21.0305,21.11,2876110
CIFR,2026-07-27 13:30:00-04:00,21.105,21.31,20.89,20.99,2045157
CIFR,2026-07-27 14:30:00-04:00,20.99,21.495,20.762,21.415,2594986
CIFR,2026-07-27 15:30:00-04:00,21.42,21.725,21.18,21.65,3174123
CIFR,2026-07-28 09:30:00-04:00,20.68,20.735,18.84,19.35,7327245
CIFR,2026-07-28 10:30:00-04:00,19.38,20.48,19.345,20.27,4612534
CIFR,2026-07-28 11:30:00-04:00,20.27,20.8,20.14,20.415,2975606
CIFR,2026-07-28 12:30:00-04:00,20.4,20.6499,20.2,20.27,1473703
CIFR,2026-07-28 13:30:00-04:00,20.27,20.27,19.9201,19.955,1754639
CIFR,2026-07-28 14:30:00-04:00,19.955,20.45,19.9304,20.43,1796220
CIFR,2026-07-28 15:30:00-04:00,20.44,20.5,20.18,20.41,2606215
CIFR,2026-07-29 09:30:00-04:00,20.58,20.68,18.3,18.36,9918655
CIFR,2026-07-29 10:30:00-04:00,18.38,18.59,17.96,18.01,4833924
CIFR,2026-07-29 11:30:00-04:00,18.0,18.14,17.5601,18.005,4919476
CIFR,2026-07-29 12:30:00-04:00,18.005,18.64,17.805,18.49,3153684
CIFR,2026-07-29 13:30:00-04:00,18.485,19.12,18.34,18.42,3676442
CIFR,2026-07-29 14:30:00-04:00,18.43,19.265,18.01,18.2,5953355
CIFR,2026-07-29 15:30:00-04:00,18.2,18.31,17.442,17.71,4536451
CIFR,2026-07-30 09:30:00-04:00,19.755,22.6,19.53,22.4201,14947081
CIFR,2026-07-30 10:30:00-04:00,22.42,22.48,21.82,22.22,4493141
CIFR,2026-07-30 11:30:00-04:00,22.22,22.74,22.02,22.67,3126307
CIFR,2026-07-30 12:30:00-04:00,22.65,22.735,22.25,22.565,2701776
CIFR,2026-07-30 13:30:00-04:00,22.57,22.815,22.36,22.57,2080592
CIFR,2026-07-30 14:30:00-04:00,22.6,22.96,22.48,22.62,2114219
CIFR,2026-07-30 15:30:00-04:00,22.61,22.76,22.5112,22.655,3192291
CIFR,2026-07-31 09:30:00-04:00,24.08,24.53,21.98,22.59,10990736
CIFR,2026-07-31 10:30:00-04:00,22.6,22.9344,22.29,22.45,2988518
CIFR,2026-07-31 11:30:00-04:00,22.46,22.5,21.8101,22.26,1973326
CIFR,2026-07-31 12:30:00-04:00,22.28,22.4151,22.06,22.3425,1361313
CIFR,2026-07-31 13:30:00-04:00,22.335,23.19,22.29,23.0133,2400538
CIFR,2026-07-31 14:30:00-04:00,23.02,23.1699,22.765,22.88,2416864
CIFR,2026-07-31 15:30:00-04:00,22.88,22.905,22.305,22.33,3530708
CIFR,2026-08-03 09:30:00-04:00,21.81,24.2,21.3,24.2,6677914
CIFR,2026-08-03 10:30:00-04:00,24.21,24.43,23.95,24.19,3457643
CIFR,2026-08-03 11:30:00-04:00,24.2,25.04,24.16,24.81,2951090
CIFR,2026-08-03 12:30:00-04:00,24.82,24.89,24.09,24.7893,4431147
CIFR,2026-08-03 13:30:00-04:00,24.79,25.21,24.79,24.95,2599922
CIFR,2026-08-03 14:30:00-04:00,24.94,25.08,24.73,25.01,3324521
CIFR,2026-08-03 15:30:00-04:00,25.02,25.11,24.035,24.16,11193385
CIFR,2026-08-04 09:30:00-04:00,22.32,22.38,20.805,21.57,22754007
CIFR,2026-08-04 10:30:00-04:00,21.57,22.3395,21.32,21.69,7591171
CIFR,2026-08-04 11:30:00-04:00,21.7,22.245,21.3157,21.3201,5431896
CIFR,2026-08-04 12:30:00-04:00,21.33,21.7599,21.14,21.47,4641136
CIFR,2026-08-04 13:30:00-04:00,21.47,21.82,21.295,21.785,4450843
CIFR,2026-08-04 14:30:00-04:00,21.785,21.82,20.875,20.96,4400005
CIFR,2026-08-04 15:30:00-04:00,20.96,20.98,20.2,20.39,7785167
CIFR,2026-08-05 09:30:00-04:00,20.34,21.12,19.83,20.04,9228307
CIFR,2026-08-05 10:30:00-04:00,20.04,20.19,19.265,19.43,7299312
CIFR,2026-08-05 11:30:00-04:00,19.4399,19.77,19.39,19.66,3435189
CIFR,2026-08-05 12:30:00-04:00,19.66,19.69,19.32,19.345,2408680
CIFR,2026-08-05 13:30:00-04:00,19.34,19.34,19.085,19.155,2628645
CIFR,2026-08-05 14:30:00-04:00,19.16,19.33,19.025,19.29,2328864
CIFR,2026-08-05 15:30:00-04:00,19.285,19.3274,18.68,18.705,5552404
CIFR,2026-08-06 09:30:00-04:00,18.015,18.91,17.7,18.68,7674630
CIFR,2026-08-06 10:30:00-04:00,18.69,19.595,18.495,19.4805,5867120
CIFR,2026-08-06 11:30:00-04:00,19.48,19.57,18.705,18.82,3573477
CIFR,2026-08-06 12:30:00-04:00,18.81,19.15,18.74,19.0541,2163941
CIFR,2026-08-06 13:30:00-04:00,19.055,19.2,18.72,19.025,2572022
CIFR,2026-08-06 14:30:00-04:00,19.025,19.12,18.805,18.925,2387835
CIFR,2026-08-06 15:30:00-04:00,18.925,18.955,18.17,18.2,4263503
CIFR,2026-08-07 09:30:00-04:00,19.0,19.05,16.945,17.52,13536033
CIFR,2026-08-07 10:30:00-04:00,17.52,17.655,17.2401,17.57,3908020
CIFR,2026-08-07 11:30:00-04:00,17.58,17.74,17.47,17.62,4391541
CIFR,2026-08-07 12:30:00-04:00,17.63,17.635,17.31,17.34,2023918
CIFR,2026-08-07 13:30:00-04:00,17.345,17.425,17.115,17.1201,2895949
CIFR,2026-08-07 14:30:00-04:00,17.12,17.24,17.07,17.095,7409651
CIFR,2026-08-07 15:30:00-04:00,17.095,17.22,17.02,17.18,8002417
CIFR,2026-08-10 09:30:00-04:00,17.455,17.455,16.415,16.641,10046187
CIFR,2026-08-10 10:30:00-04:00,16.64,16.75,16.27,16.365,4139426
CIFR,2026-08-10 11:30:00-04:00,16.36,16.46,16.2,16.365,3911159
CIFR,2026-08-10 12:30:00-04:00,16.36,16.55,16.265,16.52,2461755
CIFR,2026-08-10 13:30:00-04:00,16.525,16.758,16.3811,16.475,2989843
CIFR,2026-08-10 14:30:00-04:00,16.47,16.93,16.45,16.805,3489384
CIFR,2026-08-10 15:30:00-04:00,16.805,16.81,16.31,16.31,3839405
CIFR,2026-08-11 09:30:00-04:00,17.19,18.245,16.9743,17.65,10529433
CIFR,2026-08-11 10:30:00-04:00,17.65,17.67,17.11,17.46,3917320
CIFR,2026-08-11 11:30:00-04:00,17.455,17.5799,17.325,17.4686,3066595
CIFR,2026-08-11 12:30:00-04:00,17.46,17.6556,17.42,17.58,2482403
CIFR,2026-08-11 13:30:00-04:00,17.575,17.785,17.21,17.24,3805565
CIFR,2026-08-11 14:30:00-04:00,17.25,17.455,17.08,17.25,2883890
CIFR,2026-08-11 15:30:00-04:00,17.25,17.305,17.13,17.205,2803781
CIFR,2026-08-12 09:30:00-04:00,18.57,19.12,18.07,18.27,12216395
CIFR,2026-08-12 10:30:00-04:00,18.275,18.28,17.48,17.755,5652025
CIFR,2026-08-12 11:30:00-04:00,17.755,18.01,17.6726,17.875,2799403
CIFR,2026-08-12 12:30:00-04:00,17.875,17.93,17.59,17.745,2671907
CIFR,2026-08-12 13:30:00-04:00,17.745,18.03,17.735,17.9595,2338715
CIFR,2026-08-12 14:30:00-04:00,17.955,18.15,17.79,17.915,3156436
CIFR,2026-08-12 15:30:00-04:00,17.92,17.985,17.8,17.87,3275768
CIFR,2026-08-13 09:30:00-04:00,17.42,18.075,17.28,17.5,6023662
CIFR,2026-08-13 10:30:00-04:00,17.48,17.51,16.76,17.1,6650945
CIFR,2026-08-13 11:30:00-04:00,17.09,17.18,16.6435,16.725,4747435
CIFR,2026-08-13 12:30:00-04:00,16.725,16.88,16.63,16.785,3116042
CIFR,2026-08-13 13:30:00-04:00,16.78,16.81,16.4801,16.605,5445094
CIFR,2026-08-13 14:30:00-04:00,16.605,16.645,16.445,16.555,3524958
CIFR,2026-08-13 15:30:00-04:00,16.55,16.6798,16.385,16.625,4096899
CIFR,2026-08-14 09:30:00-04:00,16.435,16.85,16.23,16.47,6560282
CIFR,2026-08-14 10:30:00-04:00,16.47,16.72,16.23,16.306,3592224
CIFR,2026-08-14 11:30:00-04:00,16.305,16.75,16.26,16.75,2834798
CIFR,2026-08-14 12:30:00-04:00,16.745,18.005,16.5701,17.785,9219925
CIFR,2026-08-14 13:30:00-04:00,17.785,18.14,17.715,17.835,6752469
CIFR,2026-08-14 14:30:00-04:00,17.84,17.935,17.66,17.72,3328785
CIFR,2026-08-14 15:30:00-04:00,17.73,17.91,17.66,17.855,3947792
CIFR,2026-08-17 09:30:00-04:00,17.746,18.665,17.72,18.37,9273239
CIFR,2026-08-17 10:30:00-04:00,18.385,18.395,18.083,18.25,2906671
CIFR,2026-08-17 11:30:00-04:00,18.255,18.49,18.055,18.385,2648987
CIFR,2026-08-17 12:30:00-04:00,18.37,18.485,18.225,18.225,1694838
CIFR,2026-08-17 13:30:00-04:00,18.22,18.61,18.14,18.6034,2338189
CIFR,2026-08-17 14:30:00-04:00,18.605,18.735,18.13,18.485,3714013
CIFR,2026-08-17 15:30:00-04:00,18.49,18.55,18.38,18.495,2991398
CIFR,2026-08-18 09:30:00-04:00,17.5001,17.9,17.16,17.35,8122858
CIFR,2026-08-18 10:30:00-04:00,17.3516,17.4269,16.6,16.685,7740796
CIFR,2026-08-18 11:30:00-04:00,16.685,16.98,16.55,16.8816,5069046
CIFR,2026-08-18 12:30:00-04:00,16.885,16.925,16.515,16.545,3472309
CIFR,2026-08-18 13:30:00-04:00,16.54,16.6,16.155,16.175,9679439
CIFR,2026-08-18 14:30:00-04:00,16.175,16.32,15.77,15.885,8703511
CIFR,2026-08-18 15:30:00-04:00,15.88,16.265,15.81,16.095,7722124
CIFR,2026-08-19 09:30:00-04:00,16.03,16.05,14.89,15.285,14107698
CIFR,2026-08-19 10:30:00-04:00,15.285,15.93,15.23,15.8761,6787233
CIFR,2026-08-19 11:30:00-04:00,15.87,16.225,15.7805,16.195,4896725
CIFR,2026-08-19 12:30:00-04:00,16.195,16.325,15.7801,15.87,4050655
CIFR,2026-08-19 13:30:00-04:00,15.87,16.01,15.8,15.935,2102446
CIFR,2026-08-19 14:30:00-04:00,15.93,15.95,15.53,15.655,4273852
CIFR,2026-08-19 15:30:00-04:00,15.66,15.96,15.64,15.89,6588089
CIFR,2026-08-20 09:30:00-04:00,16.2,16.45,15.58,15.75,8518084
CIFR,2026-08-20 10:30:00-04:00,15.7401,16.23,15.67,16.1501,6069807
CIFR,2026-08-20 11:30:00-04:00,16.165,16.2,15.855,16.07,3161885
CIFR,2026-08-20 12:30:00-04:00,16.065,16.48,15.975,16.355,3368009
CIFR,2026-08-20 13:30:00-04:00,16.355,16.365,16.145,16.28,1870587
CIFR,2026-08-20 14:30:00-04:00,16.275,16.7,16.075,16.6864,3050633
CIFR,2026-08-20 15:30:00-04:00,16.68,17.24,16.62,17.24,7547309
CIFR,2026-08-21 09:30:00-04:00,17.52,18.23,16.155,16.24,16816710
CIFR,2026-08-21 10:30:00-04:00,16.235,16.28,15.4802,15.735,13230955
CIFR,2026-08-21 11:30:00-04:00,15.735,16.16,15.665,15.845,5934046
CIFR,2026-08-21 12:30:00-04:00,15.845,15.8516,15.49,15.57,4885034
CIFR,2026-08-21 13:30:00-04:00,15.575,16.085,15.55,16.055,4344213
CIFR,2026-08-21 14:30:00-04:00,16.055,16.075,15.58,15.77,3849094
CIFR,2026-08-21 15:30:00-04:00,15.77,15.98,15.65,15.76,4508725
CIFR,2026-08-24 09:30:00-04:00,15.43,15.87,14.96,15.17,9316722
CIFR,2026-08-24 10:30:00-04:00,15.15,15.415,15.08,15.4,3840784
CIFR,2026-08-24 11:30:00-04:00,15.41,15.8,15.33,15.765,3843161
CIFR,2026-08-24 12:30:00-04:00,15.77,15.83,15.4,15.47,3368442
CIFR,2026-08-24 13:30:00-04:00,15.475,15.715,15.325,15.545,2915236
CIFR,2026-08-24 14:30:00-04:00,15.545,15.6299,15.4,15.425,4533278
CIFR,2026-08-24 15:30:00-04:00,15.425,15.47,15.27,15.335,3045389
CIFR,2026-08-25 09:30:00-04:00,15.55,16.01,15.4,15.97,7616800
CIFR,2026-08-25 10:30:00-04:00,15.96,16.25,15.8091,16.185,7786324
CIFR,2026-08-25 11:30:00-04:00,16.1813,16.28,16.07,16.12,2710969
CIFR,2026-08-25 12:30:00-04:00,16.115,16.23,16.06,16.205,1456434
CIFR,2026-08-25 13:30:00-04:00,16.205,16.26,15.36,16.175,2286541
CIFR,2026-08-25 14:30:00-04:00,16.17,16.36,16.1544,16.27,2317540
CIFR,2026-08-25 15:30:00-04:00,16.265,16.38,16.2,16.32,3265765
CIFR,2026-08-26 09:30:00-04:00,15.97,16.42,15.721,15.985,5714926
CIFR,2026-08-26 10:30:00-04:00,15.97,16.2487,15.87,16.22,4211753
CIFR,2026-08-26 11:30:00-04:00,16.21,16.24,16.0,16.045,2134081
CIFR,2026-08-26 12:30:00-04:00,16.04,16.16,15.93,16.1,1956203
CIFR,2026-08-26 13:30:00-04:00,16.105,16.17,15.91,15.9199,2209995
CIFR,2026-08-26 14:30:00-04:00,15.9133,16.04,15.79,16.025,2511364
CIFR,2026-08-26 15:30:00-04:00,16.025,16.075,15.93,16.0099,2943111
CIFR,2026-08-27 09:30:00-04:00,16.53,17.34,16.38,17.1,11668772
CIFR,2026-08-27 10:30:00-04:00,17.12,17.465,16.81,16.8399,4816105
CIFR,2026-08-27 11:30:00-04:00,16.8358,16.88,16.5501,16.655,2634797
CIFR,2026-08-27 12:30:00-04:00,16.655,16.84,16.57,16.815,2191656
CIFR,2026-08-27 13:30:00-04:00,16.805,16.905,16.6336,16.6599,1688791
CIFR,2026-08-27 14:30:00-04:00,16.66,16.84,16.6101,16.74,1917199
CIFR,2026-08-27 15:30:00-04:00,16.74,16.89,16.55,16.75,3641617
CIFR,2026-08-28 09:30:00-04:00,16.2,16.47,15.78,16.175,6852367
CIFR,2026-08-28 10:30:00-04:00,16.18,16.3511,15.71,15.775,4431168
CIFR,2026-08-28 11:30:00-04:00,15.77,15.77,15.13,15.36,5637706
CIFR,2026-08-28 12:30:00-04:00,15.37,15.6094,15.185,15.26,3962141
CIFR,2026-08-28 13:30:00-04:00,15.255,15.335,15.195,15.225,2263754
CIFR,2026-08-28 14:30:00-04:00,15.225,15.365,15.12,15.3,2579159
CIFR,2026-08-28 15:30:00-04:00,15.295,15.315,15.11,15.18,3147729
CIFR,2026-08-31 09:30:00-04:00,15.16,15.2,14.79,14.8699,3958086
CIFR,2026-08-31 10:30:00-04:00,14.865,15.05,14.855,14.96,1883624
CIFR,2026-08-31 11:30:00-04:00,14.95,14.98,14.82,14.9773,1694060
CIFR,2026-08-31 12:30:00-04:00,14.98,15.2773,14.98,15.21,2051796
CIFR,2026-08-31 13:30:00-04:00,15.21,15.38,15.155,15.295,1678402
CIFR,2026-08-31 14:30:00-04:00,15.2941,15.34,15.23,15.305,2441600
CIFR,2026-08-31 15:30:00-04:00,15.31,15.59,15.255,15.5,3284376
CIFR,2026-09-01 09:30:00-04:00,14.885,15.1,14.47,14.625,5498294
CIFR,2026-09-01 10:30:00-04:00,14.63,15.08,14.62,15.0399,2780463
CIFR,2026-09-01 11:30:00-04:00,15.035,15.035,14.75,14.825,1454780
CIFR,2026-09-01 12:30:00-04:00,14.82,14.88,14.72,14.795,1269886
CIFR,2026-09-01 13:30:00-04:00,14.795,14.88,14.7,14.7317,1341907
CIFR,2026-09-01 14:30:00-04:00,14.735,14.79,14.58,14.705,2373072
CIFR,2026-09-01 15:30:00-04:00,14.71,14.72,14.55,14.605,2621811
CIFR,2026-09-02 09:30:00-04:00,14.302,14.7891,14.18,14.55,4980061
CIFR,2026-09-02 10:30:00-04:00,14.555,14.65,14.425,14.56,3634225
CIFR,2026-09-02 11:30:00-04:00,14.556,14.66,14.5,14.6088,1264552
CIFR,2026-09-02 12:30:00-04:00,14.6101,14.675,14.515,14.675,1264020
CIFR,2026-09-02 13:30:00-04:00,14.675,15.16,14.645,15.11,3295025
CIFR,2026-09-02 14:30:00-04:00,15.115,15.33,15.062,15.175,2973091
CIFR,2026-09-02 15:30:00-04:00,15.17,15.215,15.09,15.17,2494100
CIFR,2026-09-03 09:30:00-04:00,15.075,16.33,15.02,16.305,8390032
CIFR,2026-09-03 10:30:00-04:00,16.31,17.05,16.21,17.015,7261318
CIFR,2026-09-03 11:30:00-04:00,17.0199,17.1,16.74,16.755,4176589
CIFR,2026-09-03 12:30:00-04:00,16.755,17.095,16.751,17.05,3201228
CIFR,2026-09-03 13:30:00-04:00,17.045,17.08,16.965,16.99,2807851
CIFR,2026-09-03 14:30:00-04:00,16.9911,17.33,16.92,17.33,3495858
CIFR,2026-09-03 15:30:00-04:00,17.325,17.57,17.27,17.365,5663409
NXDR,2026-07-06 09:30:00-04:00,2.28,2.305,2.25,2.3,256281
NXDR,2026-07-06 10:30:00-04:00,2.305,2.33,2.3,2.325,209222
NXDR,2026-07-06 11:30:00-04:00,2.325,2.34,2.305,2.305,302551
NXDR,2026-07-06 12:30:00-04:00,2.305,2.345,2.305,2.335,331964
NXDR,2026-07-06 13:30:00-04:00,2.335,2.335,2.315,2.325,138108
NXDR,2026-07-06 14:30:00-04:00,2.325,2.33,2.31,2.315,70795
NXDR,2026-07-06 15:30:00-04:00,2.31,2.32,2.29,2.3,214886
NXDR,2026-07-07 09:30:00-04:00,2.32,2.36,2.28,2.295,426235
NXDR,2026-07-07 10:30:00-04:00,2.2901,2.31,2.29,2.295,136998
NXDR,2026-07-07 11:30:00-04:00,2.295,2.3,2.275,2.285,165880
NXDR,2026-07-07 12:30:00-04:00,2.285,2.29,2.28,2.285,77132
NXDR,2026-07-07 13:30:00-04:00,2.285,2.3,2.28,2.295,107430
NXDR,2026-07-07 14:30:00-04:00,2.295,2.3,2.25,2.255,149759
NXDR,2026-07-07 15:30:00-04:00,2.2546,2.258,2.22,2.225,440097
NXDR,2026-07-08 09:30:00-04:00,2.22,2.22,2.18,2.205,466508
NXDR,2026-07-08 10:30:00-04:00,2.205,2.2188,2.195,2.205,353867
NXDR,2026-07-08 11:30:00-04:00,2.209,2.215,2.19,2.215,267118
NXDR,2026-07-08 12:30:00-04:00,2.22,2.235,2.215,2.235,253192
NXDR,2026-07-08 13:30:00-04:00,2.235,2.24,2.22,2.225,208330
NXDR,2026-07-08 14:30:00-04:00,2.225,2.24,2.22,2.24,179665
NXDR,2026-07-08 15:30:00-04:00,2.24,2.27,2.2347,2.265,386252
NXDR,2026-07-09 09:30:00-04:00,2.24,2.3066,2.21,2.3,241103
NXDR,2026-07-09 10:30:00-04:00,2.3,2.35,2.295,2.335,286485
NXDR,2026-07-09 11:30:00-04:00,2.3393,2.3393,2.3,2.31,251303
NXDR,2026-07-09 12:30:00-04:00,2.31,2.34,2.3,2.34,369271
NXDR,2026-07-09 13:30:00-04:00,2.34,2.35,2.33,2.34,185801
NXDR,2026-07-09 14:30:00-04:00,2.345,2.37,2.34,2.345,244498
NXDR,2026-07-09 15:30:00-04:00,2.345,2.38,2.34,2.375,299164
NXDR,2026-07-10 09:30:00-04:00,2.38,2.4353,2.38,2.4,411377
NXDR,2026-07-10 10:30:00-04:00,2.4,2.405,2.37,2.39,216589
NXDR,2026-07-10 11:30:00-04:00,2.39,2.41,2.385,2.4,456354
NXDR,2026-07-10 12:30:00-04:00,2.405,2.41,2.37,2.39,474300
NXDR,2026-07-10 13:30:00-04:00,2.39,2.41,2.385,2.39,237408
NXDR,2026-07-10 14:30:00-04:00,2.39,2.4,2.38,2.385,110168
NXDR,2026-07-10 15:30:00-04:00,2.385,2.39,2.37,2.38,183489
NXDR,2026-07-13 09:30:00-04:00,2.38,2.384,2.33,2.35,300166
NXDR,2026-07-13 10:30:00-04:00,2.35,2.37,2.35,2.37,163302
NXDR,2026-07-13 11:30:00-04:00,2.375,2.39,2.36,2.385,179061
NXDR,2026-07-13 12:30:00-04:00,2.385,2.4,2.38,2.395,282441
NXDR,2026-07-13 13:30:00-04:00,2.39,2.4,2.38,2.385,178510
NXDR,2026-07-13 14:30:00-04:00,2.385,2.39,2.355,2.355,120039
NXDR,2026-07-13 15:30:00-04:00,2.355,2.39,2.35,2.385,304126
NXDR,2026-07-14 09:30:00-04:00,2.36,2.39,2.3501,2.37,104066
NXDR,2026-07-14 10:30:00-04:00,2.37,2.41,2.365,2.405,239508
NXDR,2026-07-14 11:30:00-04:00,2.405,2.46,2.3918,2.46,407072
NXDR,2026-07-14 12:30:00-04:00,2.46,2.48,2.45,2.47,567970
NXDR,2026-07-14 13:30:00-04:00,2.47,2.49,2.46,2.49,496302
NXDR,2026-07-14 14:30:00-04:00,2.48,2.49,2.445,2.455,994135
NXDR,2026-07-14 15:30:00-04:00,2.455,2.51,2.455,2.51,1167396
NXDR,2026-07-15 09:30:00-04:00,2.5,2.55,2.47,2.52,316885
NXDR,2026-07-15 10:30:00-04:00,2.52,2.545,2.51,2.535,202748
NXDR,2026-07-15 11:30:00-04:00,2.53,2.54,2.51,2.525,321028
NXDR,2026-07-15 12:30:00-04:00,2.525,2.53,2.49,2.51,346942
NXDR,2026-07-15 13:30:00-04:00,2.505,2.54,2.505,2.525,343814
NXDR,2026-07-15 14:30:00-04:00,2.525,2.53,2.505,2.515,176724
NXDR,2026-07-15 15:30:00-04:00,2.51,2.54,2.505,2.525,360685
NXDR,2026-07-16 09:30:00-04:00,2.53,2.53,2.48,2.5,300296
NXDR,2026-07-16 10:30:00-04:00,2.495,2.51,2.47,2.495,318592
NXDR,2026-07-16 11:30:00-04:00,2.49,2.49,2.47,2.485,178864
NXDR,2026-07-16 12:30:00-04:00,2.49,2.51,2.48,2.505,130225
NXDR,2026-07-16 13:30:00-04:00,2.505,2.51,2.5,2.5,97694
NXDR,2026-07-16 14:30:00-04:00,2.5,2.51,2.46,2.465,174345
NXDR,2026-07-16 15:30:00-04:00,2.465,2.4899,2.46,2.48,246228
NXDR,2026-07-17 09:30:00-04:00,2.425,2.46,2.38,2.45,600400
NXDR,2026-07-17 10:30:00-04:00,2.445,2.45,2.33,2.345,393929
NXDR,2026-07-17 11:30:00-04:00,2.345,2.375,2.34,2.365,247708
NXDR,2026-07-17 12:30:00-04:00,2.365,2.38,2.355,2.375,87231
NXDR,2026-07-17 13:30:00-04:00,2.375,2.385,2.34,2.345,163600
NXDR,2026-07-17 14:30:00-04:00,2.345,2.385,2.33,2.375,304104
NXDR,2026-07-17 15:30:00-04:00,2.375,2.41,2.375,2.395,439177
NXDR,2026-07-20 09:30:00-04:00,2.4,2.43,2.34,2.43,373421
NXDR,2026-07-20 10:30:00-04:00,2.425,2.44,2.405,2.44,319474
NXDR,2026-07-20 11:30:00-04:00,2.435,2.44,2.41,2.42,331259
NXDR,2026-07-20 12:30:00-04:00,2.425,2.44,2.405,2.41,286351
NXDR,2026-07-20 13:30:00-04:00,2.415,2.42,2.4,2.405,153298
NXDR,2026-07-20 14:30:00-04:00,2.4,2.52,2.4,2.455,2971220
NXDR,2026-07-20 15:30:00-04:00,2.45,2.4692,2.42,2.42,595725
NXDR,2026-07-21 09:30:00-04:00,2.42,2.44,2.38,2.385,287404
NXDR,2026-07-21 10:30:00-04:00,2.385,2.41,2.365,2.385,349546
NXDR,2026-07-21 11:30:00-04:00,2.385,2.395,2.35,2.35,114086
NXDR,2026-07-21 12:30:00-04:00,2.355,2.37,2.345,2.355,477189
NXDR,2026-07-21 13:30:00-04:00,2.36,2.38,2.3523,2.37,177447
NXDR,2026-07-21 14:30:00-04:00,2.375,2.385,2.365,2.375,184327
NXDR,2026-07-21 15:30:00-04:00,2.38,2.395,2.375,2.39,466433
NXDR,2026-07-22 09:30:00-04:00,2.35,2.36,2.265,2.305,813207
NXDR,2026-07-22 10:30:00-04:00,2.305,2.33,2.295,2.33,378277
NXDR,2026-07-22 11:30:00-04:00,2.33,2.33,2.305,2.33,199822
NXDR,2026-07-22 12:30:00-04:00,2.33,2.33,2.3,2.32,155949
NXDR,2026-07-22 13:30:00-04:00,2.315,2.32,2.29,2.309,197833
NXDR,2026-07-22 14:30:00-04:00,2.31,2.315,2.29,2.3,179954
NXDR,2026-07-22 15:30:00-04:00,2.295,2.335,2.285,2.31,382471
NXDR,2026-07-23 09:30:00-04:00,2.295,2.295,2.24,2.2455,333188
NXDR,2026-07-23 10:30:00-04:00,2.245,2.245,2.18,2.185,430734
NXDR,2026-07-23 11:30:00-04:00,2.185,2.21,2.18,2.205,238547
NXDR,2026-07-23 12:30:00-04:00,2.205,2.23,2.185,2.225,277919
NXDR,2026-07-23 13:30:00-04:00,2.2298,2.23,2.215,2.225,193054
NXDR,2026-07-23 14:30:00-04:00,2.225,2.23,2.19,2.205,636073
NXDR,2026-07-23 15:30:00-04:00,2.205,2.22,2.2,2.21,590884
NXDR,2026-07-24 09:30:00-04:00,2.24,2.25,2.19,2.195,223671
NXDR,2026-07-24 10:30:00-04:00,2.195,2.25,2.16,2.245,470715
NXDR,2026-07-24 11:30:00-04:00,2.245,2.25,2.22,2.225,190360
NXDR,2026-07-24 12:30:00-04:00,2.225,2.23,2.21,2.215,160071
NXDR,2026-07-24 13:30:00-04:00,2.215,2.225,2.21,2.21,146592
NXDR,2026-07-24 14:30:00-04:00,2.21,2.22,2.19,2.19,305225
NXDR,2026-07-24 15:30:00-04:00,2.195,2.1973,2.175,2.18,205254
NXDR,2026-07-27 09:30:00-04:00,2.24,2.28,2.22,2.255,276228
NXDR,2026-07-27 10:30:00-04:00,2.255,2.29,2.24,2.29,192231
NXDR,2026-07-27 11:30:00-04:00,2.285,2.29,2.255,2.28,312932
NXDR,2026-07-27 12:30:00-04:00,2.285,2.29,2.26,2.265,256720
NXDR,2026-07-27 13:30:00-04:00,2.27,2.29,2.26,2.265,386656
NXDR,2026-07-27 14:30:00-04:00,2.265,2.29,2.265,2.275,437996
NXDR,2026-07-27 15:30:00-04:00,2.27,2.28,2.26,2.28,391118
NXDR,2026-07-28 09:30:00-04:00,2.28,2.305,2.24,2.265,218526
NXDR,2026-07-28 10:30:00-04:00,2.26,2.33,2.26,2.33,166013
NXDR,2026-07-28 11:30:00-04:00,2.33,2.35,2.32,2.33,302783
NXDR,2026-07-28 12:30:00-04:00,2.325,2.33,2.31,2.315,80012
NXDR,2026-07-28 13:30:00-04:00,2.315,2.33,2.31,2.32,158614
NXDR,2026-07-28 14:30:00-04:00,2.32,2.32,2.31,2.315,176403
NXDR,2026-07-28 15:30:00-04:00,2.315,2.32,2.29,2.3,543133
NXDR,2026-07-29 09:30:00-04:00,2.28,2.38,2.28,2.32,454117
NXDR,2026-07-29 10:30:00-04:00,2.315,2.34,2.31,2.33,181412
NXDR,2026-07-29 11:30:00-04:00,2.32,2.33,2.31,2.32,194804
NXDR,2026-07-29 12:30:00-04:00,2.315,2.33,2.31,2.32,183670
NXDR,2026-07-29 13:30:00-04:00,2.33,2.3591,2.31,2.33,235754
NXDR,2026-07-29 14:30:00-04:00,2.33,2.38,2.33,2.35,390427
NXDR,2026-07-29 15:30:00-04:00,2.36,2.36,2.31,2.31,400222
NXDR,2026-07-30 09:30:00-04:00,2.33,2.35,2.19,2.2,272792
NXDR,2026-07-30 10:30:00-04:00,2.195,2.25,2.195,2.235,384821
NXDR,2026-07-30 11:30:00-04:00,2.24,2.26,2.24,2.25,109764
NXDR,2026-07-30 12:30:00-04:00,2.2414,2.25,2.24,2.24,65784
NXDR,2026-07-30 13:30:00-04:00,2.24,2.25,2.23,2.23,90888
NXDR,2026-07-30 14:30:00-04:00,2.24,2.24,2.23,2.235,82082
NXDR,2026-07-30 15:30:00-04:00,2.235,2.25,2.23,2.25,350145
NXDR,2026-07-31 09:30:00-04:00,2.23,2.27,2.21,2.215,280784
NXDR,2026-07-31 10:30:00-04:00,2.2188,2.22,2.19,2.19,188698
NXDR,2026-07-31 11:30:00-04:00,2.19,2.21,2.19,2.195,113959
NXDR,2026-07-31 12:30:00-04:00,2.2,2.205,2.18,2.2,247038
NXDR,2026-07-31 13:30:00-04:00,2.19,2.21,2.19,2.2,141339
NXDR,2026-07-31 14:30:00-04:00,2.21,2.22,2.2,2.215,129181
NXDR,2026-07-31 15:30:00-04:00,2.215,2.22,2.2001,2.22,212614
NXDR,2026-08-03 09:30:00-04:00,2.22,2.31,2.22,2.255,332453
NXDR,2026-08-03 10:30:00-04:00,2.26,2.28,2.245,2.275,151522
NXDR,2026-08-03 11:30:00-04:00,2.275,2.29,2.27,2.29,111620
NXDR,2026-08-03 12:30:00-04:00,2.28,2.29,2.26,2.29,411899
NXDR,2026-08-03 13:30:00-04:00,2.28,2.295,2.27,2.28,567036
NXDR,2026-08-03 14:30:00-04:00,2.29,2.32,2.28,2.3,487915
NXDR,2026-08-03 15:30:00-04:00,2.29,2.3,2.26,2.265,295642
NXDR,2026-08-04 09:30:00-04:00,2.3,2.34,2.29,2.3201,548427
NXDR,2026-08-04 10:30:00-04:00,2.32,2.34,2.315,2.34,213235
NXDR,2026-08-04 11:30:00-04:00,2.33,2.34,2.32,2.3335,171747
NXDR,2026-08-04 12:30:00-04:00,2.34,2.34,2.3,2.3111,195959
NXDR,2026-08-04 13:30:00-04:00,2.3125,2.33,2.3001,2.32,256779
NXDR,2026-08-04 14:30:00-04:00,2.315,2.32,2.3,2.31,279568
NXDR,2026-08-04 15:30:00-04:00,2.31,2.32,2.3,2.305,505445
NXDR,2026-08-05 09:30:00-04:00,2.52,2.7,2.48,2.6,2124335
NXDR,2026-08-05 10:30:00-04:00,2.6,2.625,2.5501,2.56,681655
NXDR,2026-08-05 11:30:00-04:00,2.555,2.56,2.485,2.53,651993
NXDR,2026-08-05 12:30:00-04:00,2.53,2.54,2.45,2.45,496647
NXDR,2026-08-05 13:30:00-04:00,2.45,2.51,2.43,2.445,630286
NXDR,2026-08-05 14:30:00-04:00,2.445,2.46,2.39,2.43,459496
NXDR,2026-08-05 15:30:00-04:00,2.425,2.49,2.41,2.445,1177160
NXDR,2026-08-06 09:30:00-04:00,2.47,2.529,2.415,2.455,1038862
NXDR,2026-08-06 10:30:00-04:00,2.455,2.54,2.45,2.525,488376
NXDR,2026-08-06 11:30:00-04:00,2.525,2.605,2.52,2.57,552753
NXDR,2026-08-06 12:30:00-04:00,2.58,2.585,2.55,2.565,230063
NXDR,2026-08-06 13:30:00-04:00,2.5641,2.575,2.525,2.535,303444
NXDR,2026-08-06 14:30:00-04:00,2.535,2.545,2.52,2.52,197382
NXDR,2026-08-06 15:30:00-04:00,2.52,2.55,2.52,2.535,442340
NXDR,2026-08-07 09:30:00-04:00,2.57,2.58,2.535,2.5511,382043
NXDR,2026-08-07 10:30:00-04:00,2.56,2.56,2.515,2.538,363094
NXDR,2026-08-07 11:30:00-04:00,2.535,2.55,2.5,2.505,345447
NXDR,2026-08-07 12:30:00-04:00,2.5,2.51,2.49,2.495,392293
NXDR,2026-08-07 13:30:00-04:00,2.49,2.5,2.48,2.4801,227104
NXDR,2026-08-07 14:30:00-04:00,2.485,2.51,2.47,2.505,457023
NXDR,2026-08-07 15:30:00-04:00,2.505,2.55,2.5,2.545,634149
NXDR,2026-08-10 09:30:00-04:00,2.56,2.6288,2.542,2.615,546036
NXDR,2026-08-10 10:30:00-04:00,2.61,2.67,2.59,2.635,423575
NXDR,2026-08-10 11:30:00-04:00,2.6301,2.68,2.63,2.67,474543
NXDR,2026-08-10 12:30:00-04:00,2.669,2.67,2.65,2.655,218999
NXDR,2026-08-10 13:30:00-04:00,2.655,2.68,2.65,2.68,390553
NXDR,2026-08-10 14:30:00-04:00,2.675,2.695,2.67,2.685,359413
NXDR,2026-08-10 15:30:00-04:00,2.685,2.71,2.67,2.68,725492
NXDR,2026-08-11 09:30:00-04:00,2.68,2.699,2.63,2.66,288268
NXDR,2026-08-11 10:30:00-04:00,2.655,2.69,2.645,2.685,169303
NXDR,2026-08-11 11:30:00-04:00,2.685,2.685,2.655,2.67,225398
NXDR,2026-08-11 12:30:00-04:00,2.675,2.68,2.67,2.675,90494
NXDR,2026-08-11 13:30:00-04:00,2.675,2.68,2.665,2.67,165159
NXDR,2026-08-11 14:30:00-04:00,2.675,2.69,2.67,2.685,127621
NXDR,2026-08-11 15:30:00-04:00,2.685,2.69,2.65,2.665,349090
NXDR,2026-08-12 09:30:00-04:00,2.68,2.69,2.575,2.58,395587
NXDR,2026-08-12 10:30:00-04:00,2.575,2.59,2.57,2.585,163857
NXDR,2026-08-12 11:30:00-04:00,2.58,2.585,2.565,2.575,161925
NXDR,2026-08-12 12:30:00-04:00,2.575,2.59,2.56,2.575,192436
NXDR,2026-08-12 13:30:00-04:00,2.57,2.585,2.55,2.555,148528
NXDR,2026-08-12 14:30:00-04:00,2.55,2.56,2.54,2.55,368175
NXDR,2026-08-12 15:30:00-04:00,2.555,2.58,2.55,2.555,287629
NXDR,2026-08-13 09:30:00-04:00,2.59,2.605,2.535,2.595,110931
NXDR,2026-08-13 10:30:00-04:00,2.595,2.6077,2.565,2.565,288200
NXDR,2026-08-13 11:30:00-04:00,2.56,2.5791,2.56,2.575,87387
NXDR,2026-08-13 12:30:00-04:00,2.575,2.59,2.571,2.585,89712
NXDR,2026-08-13 13:30:00-04:00,2.585,2.585,2.57,2.575,51658
NXDR,2026-08-13 14:30:00-04:00,2.5787,2.61,2.565,2.605,180390
NXDR,2026-08-13 15:30:00-04:00,2.605,2.61,2.58,2.585,218317
NXDR,2026-08-14 09:30:00-04:00,2.61,2.65,2.575,2.575,240805
NXDR,2026-08-14 10:30:00-04:00,2.5722,2.58,2.555,2.58,142937
NXDR,2026-08-14 11:30:00-04:00,2.575,2.61,2.575,2.605,76602
NXDR,2026-08-14 12:30:00-04:00,2.605,2.61,2.58,2.595,99337
NXDR,2026-08-14 13:30:00-04:00,2.595,2.595,2.58,2.59,103802
NXDR,2026-08-14 14:30:00-04:00,2.585,2.595,2.57,2.575,82546
NXDR,2026-08-14 15:30:00-04:00,2.575,2.59,2.57,2.585,166060
NXDR,2026-08-17 09:30:00-04:00,2.56,2.57,2.515,2.535,143594
NXDR,2026-08-17 10:30:00-04:00,2.53,2.55,2.525,2.535,148318
NXDR,2026-08-17 11:30:00-04:00,2.53,2.535,2.51,2.515,116956
NXDR,2026-08-17 12:30:00-04:00,2.515,2.52,2.495,2.505,139552
NXDR,2026-08-17 13:30:00-04:00,2.505,2.52,2.5,2.515,61099
NXDR,2026-08-17 14:30:00-04:00,2.515,2.525,2.51,2.525,52069
NXDR,2026-08-17 15:30:00-04:00,2.525,2.53,2.51,2.52,232432
NXDR,2026-08-18 09:30:00-04:00,2.5,2.525,2.47,2.49,242855
NXDR,2026-08-18 10:30:00-04:00,2.49,2.505,2.48,2.495,247442
NXDR,2026-08-18 11:30:00-04:00,2.4999,2.5,2.48,2.495,98480
NXDR,2026-08-18 12:30:00-04:00,2.49,2.52,2.48,2.515,223632
NXDR,2026-08-18 13:30:00-04:00,2.515,2.52,2.48,2.485,316218
NXDR,2026-08-18 14:30:00-04:00,2.48,2.495,2.475,2.495,137202
NXDR,2026-08-18 15:30:00-04:00,2.495,2.495,2.47,2.47,309420
NXDR,2026-08-19 09:30:00-04:00,2.51,2.51,2.42,2.475,173530
NXDR,2026-08-19 10:30:00-04:00,2.47,2.49,2.4609,2.475,99238
NXDR,2026-08-19 11:30:00-04:00,2.475,2.49,2.47,2.485,126574
NXDR,2026-08-19 12:30:00-04:00,2.485,2.495,2.47,2.495,194125
NXDR,2026-08-19 13:30:00-04:00,2.495,2.4991,2.48,2.485,95602
NXDR,2026-08-19 14:30:00-04:00,2.485,2.49,2.46,2.465,165408
NXDR,2026-08-19 15:30:00-04:00,2.465,2.475,2.44,2.445,210507
NXDR,2026-08-20 09:30:00-04:00,2.42,2.45,2.39,2.3908,160270
NXDR,2026-08-20 10:30:00-04:00,2.395,2.4,2.36,2.37,105790
NXDR,2026-08-20 11:30:00-04:00,2.37,2.38,2.36,2.38,80266
NXDR,2026-08-20 12:30:00-04:00,2.38,2.39,2.37,2.38,75044
NXDR,2026-08-20 13:30:00-04:00,2.38,2.38,2.37,2.375,50441
NXDR,2026-08-20 14:30:00-04:00,2.375,2.4,2.37,2.395,101771
NXDR,2026-08-20 15:30:00-04:00,2.4,2.41,2.39,2.395,244707
NXDR,2026-08-21 09:30:00-04:00,2.39,2.4,2.345,2.365,242733
NXDR,2026-08-21 10:30:00-04:00,2.365,2.4,2.365,2.39,72978
NXDR,2026-08-21 11:30:00-04:00,2.39,2.405,2.39,2.39,60945
NXDR,2026-08-21 12:30:00-04:00,2.39,2.4,2.39,2.39,67658
NXDR,2026-08-21 13:30:00-04:00,2.395,2.3999,2.38,2.38,66344
NXDR,2026-08-21 14:30:00-04:00,2.38,2.4,2.38,2.385,185226
NXDR,2026-08-21 15:30:00-04:00,2.38,2.42,2.38,2.395,317854
NXDR,2026-08-24 09:30:00-04:00,2.37,2.4,2.32,2.385,277253
NXDR,2026-08-24 10:30:00-04:00,2.385,2.4,2.37,2.4,118362
NXDR,2026-08-24 11:30:00-04:00,2.39,2.4,2.38,2.39,109952
NXDR,2026-08-24 12:30:00-04:00,2.385,2.41,2.38,2.395,206008
NXDR,2026-08-24 13:30:00-04:00,2.395,2.4,2.36,2.3639,207750
NXDR,2026-08-24 14:30:00-04:00,2.36,2.37,2.35,2.355,139751
NXDR,2026-08-24 15:30:00-04:00,2.36,2.375,2.35,2.36,215979
NXDR,2026-08-25 09:30:00-04:00,2.39,2.435,2.375,2.425,195946
NXDR,2026-08-25 10:30:00-04:00,2.42,2.43,2.405,2.405,90940
NXDR,2026-08-25 11:30:00-04:00,2.405,2.42,2.39,2.4,111309
NXDR,2026-08-25 12:30:00-04:00,2.4,2.405,2.38,2.395,125840
NXDR,2026-08-25 13:30:00-04:00,2.3992,2.41,2.38,2.385,167789
NXDR,2026-08-25 14:30:00-04:00,2.385,2.39,2.375,2.385,323450
NXDR,2026-08-25 15:30:00-04:00,2.385,2.41,2.38,2.385,453515
NXDR,2026-08-26 09:30:00-04:00,2.37,2.385,2.305,2.321,309797
NXDR,2026-08-26 10:30:00-04:00,2.325,2.335,2.315,2.325,166513
NXDR,2026-08-26 11:30:00-04:00,2.32,2.33,2.31,2.31,148937
NXDR,2026-08-26 12:30:00-04:00,2.31,2.32,2.31,2.315,59091
NXDR,2026-08-26 13:30:00-04:00,2.315,2.33,2.31,2.31,203799
NXDR,2026-08-26 14:30:00-04:00,2.315,2.34,2.31,2.325,274913
NXDR,2026-08-26 15:30:00-04:00,2.325,2.33,2.285,2.29,419583
NXDR,2026-08-27 09:30:00-04:00,2.31,2.34,2.31,2.315,183354
NXDR,2026-08-27 10:30:00-04:00,2.315,2.34,2.3,2.33,275081
NXDR,2026-08-27 11:30:00-04:00,2.33,2.34,2.32,2.335,158008
NXDR,2026-08-27 12:30:00-04:00,2.335,2.34,2.32,2.32,125872
NXDR,2026-08-27 13:30:00-04:00,2.32,2.33,2.32,2.32,137126
NXDR,2026-08-27 14:30:00-04:00,2.32,2.34,2.32,2.33,215524
NXDR,2026-08-27 15:30:00-04:00,2.33,2.34,2.31,2.31,283048
NXDR,2026-08-28 09:30:00-04:00,2.31,2.335,2.305,2.315,272722
NXDR,2026-08-28 10:30:00-04:00,2.32,2.35,2.315,2.325,145077
NXDR,2026-08-28 11:30:00-04:00,2.325,2.34,2.2909,2.295,225960
NXDR,2026-08-28 12:30:00-04:00,2.295,2.31,2.29,2.305,149404
NXDR,2026-08-28 13:30:00-04:00,2.305,2.31,2.29,2.29,107827
NXDR,2026-08-28 14:30:00-04:00,2.29,2.3,2.29,2.29,114521
NXDR,2026-08-28 15:30:00-04:00,2.295,2.3,2.25,2.26,369269
NXDR,2026-08-31 09:30:00-04:00,2.27,2.32,2.27,2.295,213109
NXDR,2026-08-31 10:30:00-04:00,2.295,2.295,2.2501,2.265,178427
NXDR,2026-08-31 11:30:00-04:00,2.265,2.265,2.24,2.255,215202
NXDR,2026-08-31 12:30:00-04:00,2.255,2.26,2.24,2.245,133109
NXDR,2026-08-31 13:30:00-04:00,2.24,2.26,2.24,2.25,202313
NXDR,2026-08-31 14:30:00-04:00,2.25,2.26,2.25,2.25,185896
NXDR,2026-08-31 15:30:00-04:00,2.255,2.275,2.24,2.245,490716
NXDR,2026-09-01 09:30:00-04:00,2.23,2.25,2.205,2.24,248626
NXDR,2026-09-01 10:30:00-04:00,2.24,2.255,2.225,2.235,190577
NXDR,2026-09-01 11:30:00-04:00,2.235,2.245,2.2,2.215,271048
NXDR,2026-09-01 12:30:00-04:00,2.215,2.215,2.19,2.19,220311
NXDR,2026-09-01 13:30:00-04:00,2.195,2.1997,2.19,2.195,90653
NXDR,2026-09-01 14:30:00-04:00,2.195,2.205,2.185,2.205,242829
NXDR,2026-09-01 15:30:00-04:00,2.205,2.215,2.18,2.195,724678
NXDR,2026-09-02 09:30:00-04:00,2.19,2.22,2.18,2.201,504846
NXDR,2026-09-02 10:30:00-04:00,2.205,2.25,2.19,2.25,482805
NXDR,2026-09-02 11:30:00-04:00,2.245,2.27,2.24,2.27,467325
NXDR,2026-09-02 12:30:00-04:00,2.265,2.285,2.2601,2.275,207998
NXDR,2026-09-02 13:30:00-04:00,2.275,2.305,2.27,2.295,237761
NXDR,2026-09-02 14:30:00-04:00,2.29,2.305,2.28,2.295,393649
NXDR,2026-09-02 15:30:00-04:00,2.29,2.3,2.265,2.28,738080
NXDR,2026-09-03 09:30:00-04:00,2.31,2.335,2.285,2.305,824115
NXDR,2026-09-03 10:30:00-04:00,2.305,2.33,2.2942,2.325,238745
NXDR,2026-09-03 11:30:00-04:00,2.325,2.33,2.3,2.3,193167
NXDR,2026-09-03 12:30:00-04:00,2.3,2.305,2.29,2.295,197814
NXDR,2026-09-03 13:30:00-04:00,2.295,2.32,2.29,2.305,240547
NXDR,2026-09-03 14:30:00-04:00,2.3099,2.3099,2.28,2.28,139405
NXDR,2026-09-03 15:30:00-04:00,2.285,2.29,2.25,2.26,374304
FLNC,2026-07-06 09:30:00-04:00,17.31,18.325,17.215,17.94,1952209
FLNC,2026-07-06 10:30:00-04:00,17.99,18.18,17.83,18.1097,878286
FLNC,2026-07-06 11:30:00-04:00,18.0972,18.34,18.02,18.3386,639038
FLNC,2026-07-06 12:30:00-04:00,18.335,18.335,18.02,18.12,510028
FLNC,2026-07-06 13:30:00-04:00,18.12,18.125,17.755,17.76,537339
FLNC,2026-07-06 14:30:00-04:00,17.76,17.81,17.6401,17.74,546994
FLNC,2026-07-06 15:30:00-04:00,17.74,17.83,17.625,17.82,776180
FLNC,2026-07-07 09:30:00-04:00,17.29,17.92,16.0842,16.3008,2776356
FLNC,2026-07-07 10:30:00-04:00,16.295,16.47,16.02,16.25,1553385
FLNC,2026-07-07 11:30:00-04:00,16.25,16.6299,16.135,16.54,847259
FLNC,2026-07-07 12:30:00-04:00,16.5325,16.61,16.2901,16.41,644591
FLNC,2026-07-07 13:30:00-04:00,16.405,16.64,16.32,16.425,640198
FLNC,2026-07-07 14:30:00-04:00,16.41,16.47,15.945,16.0,1084335
FLNC,2026-07-07 15:30:00-04:00,15.995,16.26,15.97,16.21,1208728
FLNC,2026-07-08 09:30:00-04:00,14.785,15.74,14.785,15.47,4385388
FLNC,2026-07-08 10:30:00-04:00,15.46,15.52,14.75,14.785,2504980
FLNC,2026-07-08 11:30:00-04:00,14.785,14.88,14.48,14.62,2057147
FLNC,2026-07-08 12:30:00-04:00,14.62,14.75,14.42,14.705,1595730
FLNC,2026-07-08 13:30:00-04:00,14.705,14.93,14.65,14.775,1323332
FLNC,2026-07-08 14:30:00-04:00,14.775,15.21,14.68,15.155,1339348
FLNC,2026-07-08 15:30:00-04:00,15.145,15.34,15.06,15.34,1416073
FLNC,2026-07-09 09:30:00-04:00,16.43,16.5,15.54,16.44,3674049
FLNC,2026-07-09 10:30:00-04:00,16.4,16.93,16.3,16.8986,1326341
FLNC,2026-07-09 11:30:00-04:00,16.89,17.085,16.755,16.785,979159
FLNC,2026-07-09 12:30:00-04:00,16.79,17.01,16.7001,16.955,597524
FLNC,2026-07-09 13:30:00-04:00,16.955,17.15,16.8,16.94,929038
FLNC,2026-07-09 14:30:00-04:00,16.94,17.01,16.7701,16.885,788369
FLNC,2026-07-09 15:30:00-04:00,16.885,16.89,16.58,16.745,1225984
FLNC,2026-07-10 09:30:00-04:00,16.8028,17.1,15.585,15.8495,2554443
FLNC,2026-07-10 10:30:00-04:00,15.83,16.1768,15.6501,15.86,1922599
FLNC,2026-07-10 11:30:00-04:00,15.855,15.93,15.71,15.93,870806
FLNC,2026-07-10 12:30:00-04:00,15.925,16.25,15.88,16.105,747585
FLNC,2026-07-10 13:30:00-04:00,16.11,16.17,15.99,16.085,572276
FLNC,2026-07-10 14:30:00-04:00,16.1,16.13,15.88,16.01,420982
FLNC,2026-07-10 15:30:00-04:00,16.02,16.2,15.99,16.155,652317
FLNC,2026-07-13 09:30:00-04:00,15.7,15.91,15.1,15.54,1742639
FLNC,2026-07-13 10:30:00-04:00,15.54,15.6,15.33,15.5,1165799
FLNC,2026-07-13 11:30:00-04:00,15.49,15.52,15.2,15.265,692577
FLNC,2026-07-13 12:30:00-04:00,15.26,15.31,15.06,15.12,678788
FLNC,2026-07-13 13:30:00-04:00,15.12,15.355,15.05,15.19,680844
FLNC,2026-07-13 14:30:00-04:00,15.18,15.28,14.97,14.98,958896
FLNC,2026-07-13 15:30:00-04:00,14.99,15.19,14.96,15.165,1198123
FLNC,2026-07-14 09:30:00-04:00,15.535,16.17,15.3025,15.47,1957090
FLNC,2026-07-14 10:30:00-04:00,15.48,15.74,15.32,15.69,686503
FLNC,2026-07-14 11:30:00-04:00,15.69,15.835,15.62,15.75,416183
FLNC,2026-07-14 12:30:00-04:00,15.755,15.785,15.26,15.44,617803
FLNC,2026-07-14 13:30:00-04:00,15.435,15.56,15.38,15.4,536667
FLNC,2026-07-14 14:30:00-04:00,15.41,15.53,15.33,15.33,712537
FLNC,2026-07-14 15:30:00-04:00,15.34,15.63,15.27,15.6201,1075749
FLNC,2026-07-15 09:30:00-04:00,15.48,16.17,15.05,15.15,1113121
FLNC,2026-07-15 10:30:00-04:00,15.15,15.27,14.91,15.09,721180
FLNC,2026-07-15 11:30:00-04:00,15.095,15.185,14.745,14.8525,775784
FLNC,2026-07-15 12:30:00-04:00,14.84,15.2,14.74,15.16,655214
FLNC,2026-07-15 13:30:00-04:00,15.16,15.37,15.1258,15.31,726464
FLNC,2026-07-15 14:30:00-04:00,15.31,15.34,15.09,15.15,561307
FLNC,2026-07-15 15:30:00-04:00,15.155,15.45,15.155,15.38,804462
FLNC,2026-07-16 09:30:00-04:00,14.805,15.1,14.46,14.77,1141949
FLNC,2026-07-16 10:30:00-04:00,14.75,14.79,14.56,14.66,492337
FLNC,2026-07-16 11:30:00-04:00,14.64,15.37,14.23,14.31,650462
FLNC,2026-07-16 12:30:00-04:00,14.3,14.4,14.19,14.31,525225
FLNC,2026-07-16 13:30:00-04:00,14.31,14.325,13.97,14.11,784982
FLNC,2026-07-16 14:30:00-04:00,14.1,14.28,14.03,14.15,1192766
FLNC,2026-07-16 15:30:00-04:00,14.155,14.44,14.02,14.41,1292421
FLNC,2026-07-17 09:30:00-04:00,13.745,14.48,13.23,14.245,3021247
FLNC,2026-07-17 10:30:00-04:00,14.26,14.34,13.7703,14.01,1072842
FLNC,2026-07-17 11:30:00-04:00,14.0,14.47,13.93,14.2,1226765
FLNC,2026-07-17 12:30:00-04:00,14.195,14.54,14.17,14.4,735377
FLNC,2026-07-17 13:30:00-04:00,14.405,14.43,14.0,14.025,510870
FLNC,2026-07-17 14:30:00-04:00,14.02,14.11,13.84,13.97,716493
FLNC,2026-07-17 15:30:00-04:00,13.97,14.09,13.94,14.08,1052809
FLNC,2026-07-20 09:30:00-04:00,14.432,14.55,13.9001,14.135,965012
FLNC,2026-07-20 10:30:00-04:00,14.18,14.22,13.9,14.07,375785
FLNC,2026-07-20 11:30:00-04:00,14.07,14.25,13.98,14.17,283197
FLNC,2026-07-20 12:30:00-04:00,14.2,14.2,14.0,14.05,443174
FLNC,2026-07-20 13:30:00-04:00,14.05,14.48,14.01,14.255,634814
FLNC,2026-07-20 14:30:00-04:00,14.25,14.25,14.02,14.1425,467055
FLNC,2026-07-20 15:30:00-04:00,14.17,14.315,14.09,14.28,739664
FLNC,2026-07-21 09:30:00-04:00,15.045,15.43,14.7655,15.185,1771193
FLNC,2026-07-21 10:30:00-04:00,15.18,15.325,14.92,15.05,863818
FLNC,2026-07-21 11:30:00-04:00,15.04,15.29,14.942,15.15,662026
FLNC,2026-07-21 12:30:00-04:00,15.16,15.47,15.115,15.37,590692
FLNC,2026-07-21 13:30:00-04:00,15.36,15.47,15.27,15.33,618704
FLNC,2026-07-21 14:30:00-04:00,15.315,15.36,15.15,15.15,566391
FLNC,2026-07-21 15:30:00-04:00,15.16,15.34,15.16,15.28,653201
FLNC,2026-07-22 09:30:00-04:00,15.8899,16.0,15.02,15.18,2568806
FLNC,2026-07-22 10:30:00-04:00,15.185,15.29,14.93,15.1699,1408909
FLNC,2026-07-22 11:30:00-04:00,15.17,15.27,14.96,15.02,690393
FLNC,2026-07-22 12:30:00-04:00,15.025,15.045,14.72,14.79,791242
FLNC,2026-07-22 13:30:00-04:00,14.8,14.85,14.735,14.77,525922
FLNC,2026-07-22 14:30:00-04:00,14.7699,14.845,14.67,14.805,710012
FLNC,2026-07-22 15:30:00-04:00,14.81,14.88,14.63,14.64,994259
FLNC,2026-07-23 09:30:00-04:00,14.5,15.0,14.4432,14.8499,1463954
FLNC,2026-07-23 10:30:00-04:00,14.8501,14.88,14.22,14.295,880997
FLNC,2026-07-23 11:30:00-04:00,14.29,14.75,14.25,14.73,623949
FLNC,2026-07-23 12:30:00-04:00,14.73,14.73,14.53,14.65,439020
FLNC,2026-07-23 13:30:00-04:00,14.65,14.675,14.4,14.51,477467
FLNC,2026-07-23 14:30:00-04:00,14.52,14.595,14.42,14.58,443089
FLNC,2026-07-23 15:30:00-04:00,14.59,14.65,14.345,14.42,867534
FLNC,2026-07-24 09:30:00-04:00,14.26,14.275,13.67,13.85,995656
FLNC,2026-07-24 10:30:00-04:00,13.84,14.28,13.535,14.18,990063
FLNC,2026-07-24 11:30:00-04:00,14.19,14.215,13.855,13.93,742832
FLNC,2026-07-24 12:30:00-04:00,13.89,13.89,13.66,13.8,524037
FLNC,2026-07-24 13:30:00-04:00,13.81,13.83,13.53,13.575,531373
FLNC,2026-07-24 14:30:00-04:00,13.58,13.58,13.4,13.43,621434
FLNC,2026-07-24 15:30:00-04:00,13.45,13.54,13.385,13.45,846578
FLNC,2026-07-27 09:30:00-04:00,13.35,13.99,13.33,13.3528,1542163
FLNC,2026-07-27 10:30:00-04:00,13.35,13.45,12.92,13.27,1227187
FLNC,2026-07-27 11:30:00-04:00,13.265,13.315,12.985,13.205,1198479
FLNC,2026-07-27 12:30:00-04:00,13.24,13.36,12.94,13.0805,1443185
FLNC,2026-07-27 13:30:00-04:00,13.085,13.155,13.04,13.07,659580
FLNC,2026-07-27 14:30:00-04:00,13.06,13.4099,12.99,13.4,907533
FLNC,2026-07-27 15:30:00-04:00,13.4,13.525,13.28,13.52,1060957
FLNC,2026-07-28 09:30:00-04:00,12.816,12.88,12.07,12.145,1895745
FLNC,2026-07-28 10:30:00-04:00,12.145,12.44,12.0601,12.375,1475728
FLNC,2026-07-28 11:30:00-04:00,12.375,12.62,12.31,12.45,672867
FLNC,2026-07-28 12:30:00-04:00,12.45,12.675,12.38,12.655,374678
FLNC,2026-07-28 13:30:00-04:00,12.645,12.69,12.475,12.525,416439
FLNC,2026-07-28 14:30:00-04:00,12.53,12.73,12.48,12.71,535565
FLNC,2026-07-28 15:30:00-04:00,12.71,12.75,12.475,12.62,639924
FLNC,2026-07-29 09:30:00-04:00,13.25,13.26,12.46,12.4601,1327032
FLNC,2026-07-29 10:30:00-04:00,12.47,12.63,12.3202,12.45,667971
FLNC,2026-07-29 11:30:00-04:00,12.44,12.51,12.11,12.205,751206
FLNC,2026-07-29 12:30:00-04:00,12.2,12.42,12.15,12.265,379851
FLNC,2026-07-29 13:30:00-04:00,12.255,12.64,12.12,12.28,552358
FLNC,2026-07-29 14:30:00-04:00,12.29,12.6995,12.105,12.185,718190
FLNC,2026-07-29 15:30:00-04:00,12.185,12.22,11.84,11.88,1617096
FLNC,2026-07-30 09:30:00-04:00,12.79,13.55,12.66,13.4,1733950
FLNC,2026-07-30 10:30:00-04:00,13.4,13.46,13.16,13.19,685361
FLNC,2026-07-30 11:30:00-04:00,13.185,13.49,13.1828,13.42,362523
FLNC,2026-07-30 12:30:00-04:00,13.41,13.43,13.22,13.35,257431
FLNC,2026-07-30 13:30:00-04:00,13.36,13.41,13.3,13.325,221418
FLNC,2026-07-30 14:30:00-04:00,13.325,13.49,13.305,13.44,390062
FLNC,2026-07-30 15:30:00-04:00,13.45,13.615,13.44,13.48,728793
FLNC,2026-07-31 09:30:00-04:00,15.0,15.06,13.42,13.845,3386535
FLNC,2026-07-31 10:30:00-04:00,13.85,14.05,13.71,13.74,1051088
FLNC,2026-07-31 11:30:00-04:00,13.74,14.02,13.62,14.005,590931
FLNC,2026-07-31 12:30:00-04:00,14.01,14.13,13.9399,14.0799,500782
FLNC,2026-07-31 13:30:00-04:00,14.0799,14.22,14.0501,14.11,357793
FLNC,2026-07-31 14:30:00-04:00,14.1,14.15,13.98,14.03,310584
FLNC,2026-07-31 15:30:00-04:00,14.04,14.11,13.87,13.93,818740
FLNC,2026-08-03 09:30:00-04:00,13.58,14.52,13.25,14.485,1491951
FLNC,2026-08-03 10:30:00-04:00,14.48,14.7,14.28,14.3,1101593
FLNC,2026-08-03 11:30:00-04:00,14.3,14.6,14.3,14.54,628707
FLNC,2026-08-03 12:30:00-04:00,14.55,14.55,14.34,14.5282,525883
FLNC,2026-08-03 13:30:00-04:00,14.525,14.8,14.52,14.7,866054
FLNC,2026-08-03 14:30:00-04:00,14.69,14.7,14.47,14.485,510174
FLNC,2026-08-03 15:30:00-04:00,14.485,14.66,14.445,14.56,1088090
FLNC,2026-08-04 09:30:00-04:00,15.74,15.84,14.915,15.22,3204455
FLNC,2026-08-04 10:30:00-04:00,15.24,15.41,15.125,15.335,1007600
FLNC,2026-08-04 11:30:00-04:00,15.335,15.505,15.27,15.35,881532
FLNC,2026-08-04 12:30:00-04:00,15.358,15.59,15.32,15.54,590392
FLNC,2026-08-04 13:30:00-04:00,15.54,15.64,15.5,15.6099,614933
FLNC,2026-08-04 14:30:00-04:00,15.61,15.81,15.5,15.66,795810
FLNC,2026-08-04 15:30:00-04:00,15.66,15.7595,15.57,15.67,758902
FLNC,2026-08-05 09:30:00-04:00,15.166,15.4699,14.75,15.035,3566202
FLNC,2026-08-05 10:30:00-04:00,15.04,15.04,14.75,14.9295,1237062
FLNC,2026-08-05 11:30:00-04:00,14.92,15.0,14.6586,14.885,1275821
FLNC,2026-08-05 12:30:00-04:00,14.895,14.91,14.655,14.685,1090245
FLNC,2026-08-05 13:30:00-04:00,14.69,14.74,14.54,14.64,1047339
FLNC,2026-08-05 14:30:00-04:00,14.65,14.8,14.47,14.53,1890098
FLNC,2026-08-05 15:30:00-04:00,14.535,14.705,14.29,14.37,2355655
FLNC,2026-08-06 09:30:00-04:00,12.812,15.1,12.69,14.15,13764680
FLNC,2026-08-06 10:30:00-04:00,14.155,14.74,13.88,13.98,4123640
FLNC,2026-08-06 11:30:00-04:00,13.975,13.99,13.63,13.665,2188457
FLNC,2026-08-06 12:30:00-04:00,13.66,13.77,13.36,13.37,2819703
FLNC,2026-08-06 13:30:00-04:00,13.375,13.44,13.02,13.0805,1688495
FLNC,2026-08-06 14:30:00-04:00,13.085,13.64,13.0701,13.495,1572812
FLNC,2026-08-06 15:30:00-04:00,13.495,13.525,13.195,13.205,1846185
FLNC,2026-08-07 09:30:00-04:00,13.37,13.5357,12.59,12.985,2861364
FLNC,2026-08-07 10:30:00-04:00,12.98,13.175,12.845,13.175,994598
FLNC,2026-08-07 11:30:00-04:00,13.18,13.2401,13.085,13.135,927313
FLNC,2026-08-07 12:30:00-04:00,13.15,13.195,13.025,13.125,719922
FLNC,2026-08-07 13:30:00-04:00,13.125,13.26,13.065,13.1405,741716
FLNC,2026-08-07 14:30:00-04:00,13.1401,13.33,13.09,13.255,785506
FLNC,2026-08-07 15:30:00-04:00,13.25,13.32,13.09,13.19,1059837
FLNC,2026-08-10 09:30:00-04:00,13.265,13.39,12.865,12.9199,1168840
FLNC,2026-08-10 10:30:00-04:00,12.91,12.9351,12.71,12.71,837529
FLNC,2026-08-10 11:30:00-04:00,12.71,12.85,12.66,12.6999,572378
FLNC,2026-08-10 12:30:00-04:00,12.7,12.815,12.635,12.785,492210
FLNC,2026-08-10 13:30:00-04:00,12.785,12.81,12.665,12.68,366074
FLNC,2026-08-10 14:30:00-04:00,12.685,12.76,12.68,12.715,427297
FLNC,2026-08-10 15:30:00-04:00,12.72,12.795,12.64,12.65,739436
FLNC,2026-08-11 09:30:00-04:00,13.28,13.5195,12.99,13.32,1103470
FLNC,2026-08-11 10:30:00-04:00,13.315,13.3773,13.13,13.16,457246
FLNC,2026-08-11 11:30:00-04:00,13.16,13.21,13.095,13.1482,348483
FLNC,2026-08-11 12:30:00-04:00,13.14,13.19,13.0744,13.095,274404
FLNC,2026-08-11 13:30:00-04:00,13.09,13.09,12.942,12.95,321360
FLNC,2026-08-11 14:30:00-04:00,12.96,13.1,12.935,13.0389,256218
FLNC,2026-08-11 15:30:00-04:00,13.04,13.11,12.97,13.1,574444
FLNC,2026-08-12 09:30:00-04:00,13.5064,13.69,13.16,13.35,828190
FLNC,2026-08-12 10:30:00-04:00,13.34,13.4114,13.205,13.2106,420714
FLNC,2026-08-12 11:30:00-04:00,13.2177,13.24,13.08,13.199,421509
FLNC,2026-08-12 12:30:00-04:00,13.2,13.275,13.165,13.2028,381991
FLNC,2026-08-12 13:30:00-04:00,13.205,13.295,13.17,13.285,306521
FLNC,2026-08-12 14:30:00-04:00,13.285,13.3,13.215,13.255,379749
FLNC,2026-08-12 15:30:00-04:00,13.25,13.32,13.16,13.2,676175
FLNC,2026-08-13 09:30:00-04:00,12.97,13.58,12.92,13.475,979163
FLNC,2026-08-13 10:30:00-04:00,13.475,13.6086,13.38,13.49,944675
FLNC,2026-08-13 11:30:00-04:00,13.49,13.535,13.1823,13.325,624306
FLNC,2026-08-13 12:30:00-04:00,13.33,13.53,13.265,13.4699,565912
FLNC,2026-08-13 13:30:00-04:00,13.47,13.47,13.385,13.4,402604
FLNC,2026-08-13 14:30:00-04:00,13.41,13.58,13.38,13.39,643864
FLNC,2026-08-13 15:30:00-04:00,13.4,13.4,13.19,13.21,1079088
FLNC,2026-08-14 09:30:00-04:00,13.0,13.4201,13.0,13.3884,879576
FLNC,2026-08-14 10:30:00-04:00,13.385,13.6105,13.16,13.17,454383
FLNC,2026-08-14 11:30:00-04:00,13.19,13.355,13.11,13.3005,397193
FLNC,2026-08-14 12:30:00-04:00,13.31,13.34,13.171,13.27,215760
FLNC,2026-08-14 13:30:00-04:00,13.275,13.31,13.165,13.245,253916
FLNC,2026-08-14 14:30:00-04:00,13.24,13.27,13.14,13.16,441988
FLNC,2026-08-14 15:30:00-04:00,13.165,13.19,13.065,13.16,865605
FLNC,2026-08-17 09:30:00-04:00,13.13,13.175,12.81,12.85,1202989
FLNC,2026-08-17 10:30:00-04:00,12.855,12.8599,12.56,12.61,1890500
FLNC,2026-08-17 11:30:00-04:00,12.6099,12.6999,12.5413,12.575,698129
FLNC,2026-08-17 12:30:00-04:00,12.58,12.775,12.54,12.6736,398860
FLNC,2026-08-17 13:30:00-04:00,12.68,12.725,12.615,12.625,353612
FLNC,2026-08-17 14:30:00-04:00,12.625,12.625,12.48,12.565,695679
FLNC,2026-08-17 15:30:00-04:00,12.565,12.665,12.525,12.62,1097148
FLNC,2026-08-18 09:30:00-04:00,12.05,12.29,11.82,11.93,1291990
FLNC,2026-08-18 10:30:00-04:00,11.95,11.972,11.61,11.695,1175427
FLNC,2026-08-18 11:30:00-04:00,11.7,11.905,11.6995,11.815,901094
FLNC,2026-08-18 12:30:00-04:00,11.8233,11.925,11.7906,11.81,319127
FLNC,2026-08-18 13:30:00-04:00,11.8001,11.815,11.71,11.765,459445
FLNC,2026-08-18 14:30:00-04:00,11.76,11.85,11.705,11.8474,471536
FLNC,2026-08-18 15:30:00-04:00,11.8401,11.9,11.735,11.74,721456
FLNC,2026-08-19 09:30:00-04:00,11.79,12.05,11.56,11.72,1679103
FLNC,2026-08-19 10:30:00-04:00,11.725,11.95,11.71,11.85,845192
FLNC,2026-08-19 11:30:00-04:00,11.86,12.1399,11.81,12.135,633526
FLNC,2026-08-19 12:30:00-04:00,12.135,12.155,11.95,11.97,618672
FLNC,2026-08-19 13:30:00-04:00,11.97,12.01,11.885,11.93,363131
FLNC,2026-08-19 14:30:00-04:00,11.925,12.0,11.87,11.97,483497
FLNC,2026-08-19 15:30:00-04:00,11.975,12.13,11.96,12.07,891965
FLNC,2026-08-20 09:30:00-04:00,11.57,11.76,11.32,11.47,2257169
FLNC,2026-08-20 10:30:00-04:00,11.455,11.5,11.2179,11.27,1174756
FLNC,2026-08-20 11:30:00-04:00,11.2795,11.285,11.095,11.17,1607005
FLNC,2026-08-20 12:30:00-04:00,11.16,11.25,11.11,11.14,741864
FLNC,2026-08-20 13:30:00-04:00,11.145,11.21,11.1,11.195,588598
FLNC,2026-08-20 14:30:00-04:00,11.195,11.25,11.14,11.235,615068
FLNC,2026-08-20 15:30:00-04:00,11.235,11.45,11.225,11.385,1142982
FLNC,2026-08-21 09:30:00-04:00,11.34,11.685,11.27,11.395,1114182
FLNC,2026-08-21 10:30:00-04:00,11.39,11.42,11.23,11.375,558401
FLNC,2026-08-21 11:30:00-04:00,11.375,11.5,11.305,11.325,481141
FLNC,2026-08-21 12:30:00-04:00,11.32,11.35,11.21,11.245,504094
FLNC,2026-08-21 13:30:00-04:00,11.245,11.42,11.235,11.295,438596
FLNC,2026-08-21 14:30:00-04:00,11.29,11.435,11.205,11.425,650438
FLNC,2026-08-21 15:30:00-04:00,11.425,11.425,11.28,11.3209,864131
FLNC,2026-08-24 09:30:00-04:00,11.112,11.205,10.83,10.925,1904502
FLNC,2026-08-24 10:30:00-04:00,10.92,11.05,10.9,11.0414,893063
FLNC,2026-08-24 11:30:00-04:00,11.0405,11.105,10.99,11.02,563990
FLNC,2026-08-24 12:30:00-04:00,11.02,11.02,10.83,10.87,590468
FLNC,2026-08-24 13:30:00-04:00,10.865,10.985,10.855,10.975,391453
FLNC,2026-08-24 14:30:00-04:00,10.975,10.99,10.885,10.895,472607
FLNC,2026-08-24 15:30:00-04:00,10.8973,10.915,10.805,10.84,1471887
FLNC,2026-08-25 09:30:00-04:00,11.77,11.85,11.05,11.11,3018456
FLNC,2026-08-25 10:30:00-04:00,11.11,11.34,11.035,11.335,790650
FLNC,2026-08-25 11:30:00-04:00,11.33,11.34,11.2101,11.29,538097
FLNC,2026-08-25 12:30:00-04:00,11.295,11.47,11.295,11.41,535952
FLNC,2026-08-25 13:30:00-04:00,11.4,11.42,10.86,11.335,530867
FLNC,2026-08-25 14:30:00-04:00,11.335,11.36,11.175,11.175,488348
FLNC,2026-08-25 15:30:00-04:00,11.175,11.27,11.17,11.24,769626
FLNC,2026-08-26 09:30:00-04:00,11.12,11.29,10.8,10.895,1156168
FLNC,2026-08-26 10:30:00-04:00,10.895,10.95,10.815,10.8773,719180
FLNC,2026-08-26 11:30:00-04:00,10.88,10.94,10.845,10.85,511056
FLNC,2026-08-26 12:30:00-04:00,10.845,10.94,10.835,10.94,370777
FLNC,2026-08-26 13:30:00-04:00,10.935,10.975,10.9036,10.95,401151
FLNC,2026-08-26 14:30:00-04:00,10.95,11.07,10.93,11.055,435069
FLNC,2026-08-26 15:30:00-04:00,11.06,11.12,10.95,11.075,1059062
FLNC,2026-08-27 09:30:00-04:00,11.53,11.6002,11.33,11.395,1602365
FLNC,2026-08-27 10:30:00-04:00,11.395,11.405,11.28,11.3,715035
FLNC,2026-08-27 11:30:00-04:00,11.305,11.35,11.21,11.28,374948
FLNC,2026-08-27 12:30:00-04:00,11.28,11.3295,11.2539,11.2539,443728
FLNC,2026-08-27 13:30:00-04:00,11.255,11.27,11.19,11.2,431409
FLNC,2026-08-27 14:30:00-04:00,11.2,11.35,11.2,11.345,249733
FLNC,2026-08-27 15:30:00-04:00,11.34,11.47,11.325,11.42,529946
FLNC,2026-08-28 09:30:00-04:00,11.27,11.51,11.02,11.11,1029171
FLNC,2026-08-28 10:30:00-04:00,11.12,11.17,11.02,11.055,594893
FLNC,2026-08-28 11:30:00-04:00,11.0573,11.0573,10.81,10.97,829314
FLNC,2026-08-28 12:30:00-04:00,10.97,11.015,10.865,10.89,391696
FLNC,2026-08-28 13:30:00-04:00,10.885,10.9399,10.87,10.895,401735
FLNC,2026-08-28 14:30:00-04:00,10.895,10.96,10.85,10.945,480417
FLNC,2026-08-28 15:30:00-04:00,10.94,10.97,10.88,10.88,715118
FLNC,2026-08-31 09:30:00-04:00,10.78,11.0999,10.72,10.825,1017132
FLNC,2026-08-31 10:30:00-04:00,10.82,10.88,10.785,10.865,399993
FLNC,2026-08-31 11:30:00-04:00,10.8695,10.91,10.81,10.835,272350
FLNC,2026-08-31 12:30:00-04:00,10.8399,10.875,10.7999,10.805,299492
FLNC,2026-08-31 13:30:00-04:00,10.8099,10.83,10.76,10.78,275483
FLNC,2026-08-31 14:30:00-04:00,10.775,10.81,10.73,10.8005,534356
FLNC,2026-08-31 15:30:00-04:00,10.805,10.89,10.745,10.805,610857
FLNC,2026-09-01 09:30:00-04:00,10.582,10.6399,10.41,10.4751,1278192
FLNC,2026-09-01 10:30:00-04:00,10.475,10.54,10.4202,10.52,691473
FLNC,2026-09-01 11:30:00-04:00,10.53,10.61,10.4825,10.4825,374719
FLNC,2026-09-01 12:30:00-04:00,10.48,10.505,10.43,10.46,246091
FLNC,2026-09-01 13:30:00-04:00,10.465,10.48,10.395,10.405,276962
FLNC,2026-09-01 14:30:00-04:00,10.405,10.475,10.345,10.465,295115
FLNC,2026-09-01 15:30:00-04:00,10.465,10.475,10.4,10.405,569810
FLNC,2026-09-02 09:30:00-04:00,10.33,10.48,10.235,10.345,1454052
FLNC,2026-09-02 10:30:00-04:00,10.345,10.47,10.3125,10.465,578763
FLNC,2026-09-02 11:30:00-04:00,10.46,10.49,10.4,10.415,264375
FLNC,2026-09-02 12:30:00-04:00,10.415,10.44,10.38,10.405,259317
FLNC,2026-09-02 13:30:00-04:00,10.405,10.7172,10.395,10.675,467641
FLNC,2026-09-02 14:30:00-04:00,10.68,10.69,10.55,10.625,612091
FLNC,2026-09-02 15:30:00-04:00,10.625,10.645,10.55,10.57,712423
FLNC,2026-09-03 09:30:00-04:00,10.012,10.28,9.95,10.105,2964581
FLNC,2026-09-03 10:30:00-04:00,10.095,10.23,10.055,10.1655,582537
FLNC,2026-09-03 11:30:00-04:00,10.17,10.23,10.145,10.185,674330
FLNC,2026-09-03 12:30:00-04:00,10.185,10.35,10.174,10.33,637601
FLNC,2026-09-03 13:30:00-04:00,10.33,10.41,10.325,10.38,535696
FLNC,2026-09-03 14:30:00-04:00,10.38,10.41,10.1801,10.1994,887052
FLNC,2026-09-03 15:30:00-04:00,10.195,10.21,10.09,10.195,1702326
HURC,2026-07-06 09:30:00-04:00,22.7,22.91,22.675,22.725,4346
HURC,2026-07-06 10:30:00-04:00,22.8146,22.8146,22.8146,22.8146,395
HURC,2026-07-06 11:30:00-04:00,22.38,22.4,22.25,22.33,5446
HURC,2026-07-06 12:30:00-04:00,22.305,22.305,22.305,22.305,502
HURC,2026-07-06 13:30:00-04:00,22.2758,22.305,22.2758,22.305,459
HURC,2026-07-06 14:30:00-04:00,22.46,22.695,22.375,22.375,4847
HURC,2026-07-06 15:30:00-04:00,22.34,22.355,22.12,22.25,2057
HURC,2026-07-07 09:30:00-04:00,22.775,22.775,22.23,22.25,6523
HURC,2026-07-07 10:30:00-04:00,22.22,22.36,22.1,22.36,3074
HURC,2026-07-07 11:30:00-04:00,22.35,22.35,22.35,22.35,1320
HURC,2026-07-07 12:30:00-04:00,22.31,22.365,22.31,22.3225,1884
HURC,2026-07-07 13:30:00-04:00,22.1529,22.2201,22.14,22.14,7452
HURC,2026-07-07 14:30:00-04:00,22.17,22.29,21.835,22.11,16187
HURC,2026-07-07 15:30:00-04:00,21.93,22.35,21.93,22.245,13799
HURC,2026-07-08 09:30:00-04:00,21.99,22.67,21.99,22.39,7857
HURC,2026-07-08 10:30:00-04:00,22.14,22.415,21.88,22.415,2476
HURC,2026-07-08 11:30:00-04:00,22.14,22.25,21.85,21.9,5635
HURC,2026-07-08 12:30:00-04:00,22.0,22.06,21.81,21.93,3183
HURC,2026-07-08 13:30:00-04:00,21.97,22.09,21.9,21.9,3570
HURC,2026-07-08 14:30:00-04:00,22.035,22.1791,21.77,21.92,2502
HURC,2026-07-08 15:30:00-04:00,21.865,21.975,21.865,21.9,6530
HURC,2026-07-09 09:30:00-04:00,22.215,22.62,21.93,22.45,6510
HURC,2026-07-09 10:30:00-04:00,22.47,22.575,22.34,22.575,3288
HURC,2026-07-09 11:30:00-04:00,22.53,22.59,22.28,22.28,19099
HURC,2026-07-09 12:30:00-04:00,22.43,22.76,22.43,22.67,4675
HURC,2026-07-09 13:30:00-04:00,22.885,22.885,22.51,22.51,9622
HURC,2026-07-09 14:30:00-04:00,22.6,22.835,22.6,22.835,1758
HURC,2026-07-09 15:30:00-04:00,22.9575,22.9575,22.65,22.65,7317
HURC,2026-07-10 09:30:00-04:00,22.99,23.125,22.86,22.9,11095
HURC,2026-07-10 10:30:00-04:00,22.76,23.02,22.28,22.735,57103
HURC,2026-07-10 11:30:00-04:00,22.64,22.665,22.49,22.65,9168
HURC,2026-07-10 12:30:00-04:00,23.015,23.015,22.86,22.875,10801
HURC,2026-07-10 13:30:00-04:00,22.79,22.97,22.75,22.945,27541
HURC,2026-07-10 14:30:00-04:00,22.79,22.935,22.75,22.935,12542
HURC,2026-07-10 15:30:00-04:00,23.06,23.255,22.9,23.235,11549
HURC,2026-07-13 09:30:00-04:00,23.46,23.46,22.76,23.155,7672
HURC,2026-07-13 10:30:00-04:00,23.155,23.155,22.83,22.955,6662
HURC,2026-07-13 11:30:00-04:00,22.91,22.91,22.61,22.61,7925
HURC,2026-07-13 12:30:00-04:00,22.55,22.765,22.55,22.765,2567
HURC,2026-07-13 14:30:00-04:00,22.4964,22.65,22.4964,22.59,1593
HURC,2026-07-13 15:30:00-04:00,22.885,22.97,22.615,22.9,10872
HURC,2026-07-14 09:30:00-04:00,23.0,23.0,22.56,22.56,6115
HURC,2026-07-14 10:30:00-04:00,22.86,22.99,22.61,22.67,2951
HURC,2026-07-14 12:30:00-04:00,22.91,22.91,22.91,22.91,1728
HURC,2026-07-14 13:30:00-04:00,22.78,22.78,22.78,22.78,1268
HURC,2026-07-14 14:30:00-04:00,22.735,22.735,22.7,22.7,1020
HURC,2026-07-14 15:30:00-04:00,22.65,22.88,22.59,22.68,6513
HURC,2026-07-15 09:30:00-04:00,22.81,23.195,22.81,22.91,7502
HURC,2026-07-15 10:30:00-04:00,23.06,23.105,22.905,23.105,957
HURC,2026-07-15 11:30:00-04:00,23.105,23.105,22.99,22.99,3540
HURC,2026-07-15 12:30:00-04:00,22.9825,23.055,22.82,22.83,10064
HURC,2026-07-15 13:30:00-04:00,22.87,22.95,22.86,22.86,3014
HURC,2026-07-15 14:30:00-04:00,22.86,22.95,22.86,22.9,8925
HURC,2026-07-15 15:30:00-04:00,22.8901,23.0,22.81,22.9,5154
HURC,2026-07-16 09:30:00-04:00,22.77,23.47,22.75,23.355,5302
HURC,2026-07-16 10:30:00-04:00,23.225,23.32,23.04,23.1,16870
HURC,2026-07-16 11:30:00-04:00,23.1,23.11,22.84,22.84,7588
HURC,2026-07-16 12:30:00-04:00,22.915,23.34,22.67,23.34,16073
HURC,2026-07-16 13:30:00-04:00,22.75,22.96,22.745,22.745,6386
HURC,2026-07-16 14:30:00-04:00,22.745,22.91,22.745,22.91,20551
HURC,2026-07-16 15:30:00-04:00,23.015,23.24,22.77,22.97,10298
HURC,2026-07-17 09:30:00-04:00,22.575,23.0999,22.575,22.8,1872
HURC,2026-07-17 10:30:00-04:00,22.705,22.705,21.9053,22.185,27312
HURC,2026-07-17 11:30:00-04:00,22.25,22.53,22.25,22.53,12081
HURC,2026-07-17 12:30:00-04:00,22.5,22.5,22.04,22.295,12476
HURC,2026-07-17 13:30:00-04:00,22.31,22.36,22.31,22.31,4206
HURC,2026-07-17 14:30:00-04:00,22.15,22.15,21.96,22.13,5973
HURC,2026-07-17 15:30:00-04:00,21.9906,21.9906,21.88,21.9,3329
HURC,2026-07-20 09:30:00-04:00,21.88,22.375,21.85,21.9,6776
HURC,2026-07-20 10:30:00-04:00,21.895,21.895,21.5,21.6807,5541
HURC,2026-07-20 11:30:00-04:00,21.765,22.28,21.25,22.13,2043
HURC,2026-07-20 12:30:00-04:00,21.82,21.82,21.605,21.605,893
HURC,2026-07-20 13:30:00-04:00,21.51,21.96,21.51,21.87,2530
HURC,2026-07-20 14:30:00-04:00,21.87,22.22,21.4,22.22,8565
HURC,2026-07-20 15:30:00-04:00,21.615,21.87,21.45,21.45,5934
HURC,2026-07-21 09:30:00-04:00,21.61,21.67,21.5,21.55,2182
HURC,2026-07-21 10:30:00-04:00,21.51,21.5563,21.275,21.41,5970
HURC,2026-07-21 11:30:00-04:00,21.305,21.3912,21.305,21.39,985
HURC,2026-07-21 12:30:00-04:00,21.29,21.37,21.205,21.3353,5439
HURC,2026-07-21 14:30:00-04:00,21.27,21.27,21.27,21.27,675
HURC,2026-07-21 15:30:00-04:00,21.31,21.33,21.21,21.21,5430
HURC,2026-07-22 09:30:00-04:00,21.3,21.3,21.3,21.3,4533
HURC,2026-07-22 10:30:00-04:00,21.35,21.54,21.3,21.38,2330
HURC,2026-07-22 11:30:00-04:00,21.705,21.705,21.705,21.705,377
HURC,2026-07-22 13:30:00-04:00,21.69,21.69,21.69,21.69,481
HURC,2026-07-22 14:30:00-04:00,21.595,21.8,21.595,21.8,2623
HURC,2026-07-22 15:30:00-04:00,21.8,21.85,21.66,21.66,2776
HURC,2026-07-23 09:30:00-04:00,21.785,21.785,21.785,21.785,680
HURC,2026-07-23 10:30:00-04:00,21.785,21.785,21.785,21.785,6767
HURC,2026-07-23 11:30:00-04:00,21.51,21.68,21.51,21.68,3174
HURC,2026-07-23 15:30:00-04:00,21.34,21.44,21.34,21.44,2016
HURC,2026-07-24 11:30:00-04:00,21.59,21.65,21.59,21.6475,3367
HURC,2026-07-24 12:30:00-04:00,21.6675,21.86,21.6675,21.86,1746
HURC,2026-07-24 13:30:00-04:00,21.85,21.85,21.7525,21.7525,1097
HURC,2026-07-24 14:30:00-04:00,21.61,21.61,21.33,21.38,5381
HURC,2026-07-24 15:30:00-04:00,21.375,21.375,21.31,21.31,1616
HURC,2026-07-27 09:30:00-04:00,21.81,21.96,21.14,21.25,10783
HURC,2026-07-27 10:30:00-04:00,21.25,21.35,21.05,21.05,3747
HURC,2026-07-27 11:30:00-04:00,21.0,21.14,20.85,20.97,6429
HURC,2026-07-27 12:30:00-04:00,21.04,21.04,20.75,20.915,1956
HURC,2026-07-27 13:30:00-04:00,20.75,20.81,20.5601,20.65,4818
HURC,2026-07-27 14:30:00-04:00,20.62,20.74,20.62,20.63,2897
HURC,2026-07-27 15:30:00-04:00,20.595,20.595,20.55,20.55,2437
HURC,2026-07-28 09:30:00-04:00,20.39,20.6542,20.39,20.51,3694
HURC,2026-07-28 10:30:00-04:00,20.655,21.12,20.655,20.8833,3775
HURC,2026-07-28 11:30:00-04:00,20.815,20.815,20.7028,20.7028,2023
HURC,2026-07-28 12:30:00-04:00,20.73,20.73,20.55,20.705,4822
HURC,2026-07-28 13:30:00-04:00,20.64,20.64,20.64,20.64,1783
HURC,2026-07-28 15:30:00-04:00,20.61,20.66,20.61,20.66,1325
HURC,2026-07-29 09:30:00-04:00,20.9,20.975,20.5,20.5,6403
HURC,2026-07-29 10:30:00-04:00,20.535,20.535,20.3,20.43,2301
HURC,2026-07-29 11:30:00-04:00,20.235,20.24,20.04,20.12,1830
HURC,2026-07-29 12:30:00-04:00,20.07,20.17,20.06,20.17,1390
HURC,2026-07-29 13:30:00-04:00,20.29,20.35,20.29,20.31,1424
HURC,2026-07-29 14:30:00-04:00,20.24,20.405,20.24,20.25,5552
HURC,2026-07-29 15:30:00-04:00,20.24,20.39,20.24,20.2601,1971
HURC,2026-07-30 09:30:00-04:00,20.78,20.98,20.3,20.81,4258
HURC,2026-07-30 10:30:00-04:00,20.91,21.294,20.86,21.294,6116
HURC,2026-07-30 11:30:00-04:00,21.035,21.035,21.035,21.035,149
HURC,2026-07-30 12:30:00-04:00,21.1,21.1,20.79,20.79,1707
HURC,2026-07-30 14:30:00-04:00,21.12,21.12,20.965,20.965,1347
HURC,2026-07-30 15:30:00-04:00,20.78,21.3,20.78,21.3,1276
HURC,2026-07-31 11:30:00-04:00,20.95,21.01,20.785,20.89,7951
HURC,2026-07-31 13:30:00-04:00,20.825,20.83,20.72,20.72,1752
HURC,2026-08-03 09:30:00-04:00,21.49,21.49,21.49,21.49,1607
HURC,2026-08-03 10:30:00-04:00,21.6995,21.6995,21.6995,21.6995,599
HURC,2026-08-03 11:30:00-04:00,21.43,21.43,21.43,21.43,578
HURC,2026-08-03 12:30:00-04:00,21.4,21.445,21.39,21.445,2252
HURC,2026-08-03 13:30:00-04:00,21.5,21.59,21.5,21.59,1875
HURC,2026-08-03 14:30:00-04:00,21.57,21.77,21.57,21.615,2410
HURC,2026-08-03 15:30:00-04:00,21.92,21.92,21.715,21.8,5641
HURC,2026-08-04 11:30:00-04:00,21.275,21.595,21.26,21.32,8523
HURC,2026-08-04 12:30:00-04:00,21.32,21.4498,21.18,21.18,4146
HURC,2026-08-04 13:30:00-04:00,21.64,21.64,21.45,21.45,954
HURC,2026-08-04 14:30:00-04:00,21.415,21.42,21.405,21.405,976
HURC,2026-08-04 15:30:00-04:00,21.405,21.8999,21.405,21.8999,2229
HURC,2026-08-05 09:30:00-04:00,21.65,21.65,21.65,21.65,1075
HURC,2026-08-05 11:30:00-04:00,21.695,21.9294,21.6323,21.7,2313
HURC,2026-08-05 12:30:00-04:00,21.3801,21.7,21.3801,21.7,4071
HURC,2026-08-05 15:30:00-04:00,21.92,21.93,21.89,21.93,3626
HURC,2026-08-06 12:30:00-04:00,21.94,21.99,21.91,21.99,2645
HURC,2026-08-06 14:30:00-04:00,21.62,21.64,21.62,21.64,2009
HURC,2026-08-06 15:30:00-04:00,21.73,21.73,21.727,21.727,4231
HURC,2026-08-07 09:30:00-04:00,21.99,22.0,21.93,21.98,3428
HURC,2026-08-07 10:30:00-04:00,22.27,22.27,22.25,22.25,2826
HURC,2026-08-07 11:30:00-04:00,21.89,21.89,21.89,21.89,506
HURC,2026-08-07 12:30:00-04:00,21.94,22.09,21.7001,22.09,1873
HURC,2026-08-07 13:30:00-04:00,21.8701,22.18,21.8701,22.18,1530
HURC,2026-08-07 14:30:00-04:00,21.9,21.9,21.9,21.9,566
HURC,2026-08-07 15:30:00-04:00,21.98,22.0571,21.98,22.0571,781
HURC,2026-08-10 09:30:00-04:00,22.425,22.46,22.35,22.35,1729
HURC,2026-08-10 10:30:00-04:00,22.29,22.39,22.1,22.11,3551
HURC,2026-08-10 11:30:00-04:00,22.11,22.125,22.11,22.125,1587
HURC,2026-08-10 12:30:00-04:00,21.9701,22.125,21.97,21.97,1785
HURC,2026-08-10 13:30:00-04:00,22.1899,22.1899,22.1899,22.1899,205
HURC,2026-08-10 14:30:00-04:00,22.08,22.08,21.46,21.62,11183
HURC,2026-08-10 15:30:00-04:00,21.56,21.735,21.44,21.54,4200
HURC,2026-08-11 10:30:00-04:00,21.9,21.9,21.9,21.9,1555
HURC,2026-08-11 11:30:00-04:00,21.9,21.9,21.9,21.9,1208
HURC,2026-08-11 14:30:00-04:00,21.88,21.88,21.88,21.88,980
HURC,2026-08-11 15:30:00-04:00,22.1,22.285,22.08,22.1,10656
HURC,2026-08-12 09:30:00-04:00,22.38,22.38,22.22,22.22,3285
HURC,2026-08-12 10:30:00-04:00,22.4,22.5188,21.9202,21.9202,1939
HURC,2026-08-12 12:30:00-04:00,22.11,22.34,22.11,22.34,1893
HURC,2026-08-12 13:30:00-04:00,22.13,22.13,22.13,22.13,712
HURC,2026-08-12 14:30:00-04:00,22.14,22.14,22.08,22.13,2344
HURC,2026-08-13 09:30:00-04:00,22.3,22.3,22.19,22.19,480
HURC,2026-08-13 11:30:00-04:00,22.1559,22.43,22.1559,22.43,2738
HURC,2026-08-13 13:30:00-04:00,22.2925,22.2925,22.2925,22.2925,222
HURC,2026-08-13 15:30:00-04:00,22.015,22.185,22.015,22.185,2020
HURC,2026-08-14 09:30:00-04:00,22.07,22.16,22.07,22.16,2139
HURC,2026-08-14 10:30:00-04:00,22.4703,22.4703,22.13,22.13,1329
HURC,2026-08-14 12:30:00-04:00,22.25,22.38,22.06,22.06,3553
HURC,2026-08-14 13:30:00-04:00,22.175,22.93,22.13,22.585,9828
HURC,2026-08-14 14:30:00-04:00,22.57,22.99,22.345,22.99,6488
HURC,2026-08-14 15:30:00-04:00,22.56,22.56,22.39,22.395,2245
HURC,2026-08-17 09:30:00-04:00,22.66,23.02,22.66,22.71,8675
HURC,2026-08-17 10:30:00-04:00,22.946,23.01,22.64,22.64,1932
HURC,2026-08-17 11:30:00-04:00,22.665,22.665,22.265,22.265,3587
HURC,2026-08-17 12:30:00-04:00,22.395,22.52,22.24,22.52,1520
HURC,2026-08-17 13:30:00-04:00,22.395,22.7133,22.395,22.7133,916
HURC,2026-08-17 14:30:00-04:00,22.525,22.65,22.44,22.57,2578
HURC,2026-08-17 15:30:00-04:00,22.545,22.68,22.545,22.57,2755
HURC,2026-08-18 09:30:00-04:00,22.525,22.525,22.525,22.525,1214
HURC,2026-08-18 10:30:00-04:00,22.53,22.53,22.5,22.53,1887
HURC,2026-08-18 11:30:00-04:00,22.265,22.56,22.23,22.56,3257
HURC,2026-08-18 12:30:00-04:00,22.35,22.58,22.35,22.58,621
HURC,2026-08-18 13:30:00-04:00,22.44,22.44,22.44,22.44,1746
HURC,2026-08-18 14:30:00-04:00,22.4846,22.4846,22.435,22.435,708
HURC,2026-08-18 15:30:00-04:00,22.435,22.435,22.435,22.435,721
HURC,2026-08-19 09:30:00-04:00,22.64,23.155,22.64,23.155,11476
HURC,2026-08-19 10:30:00-04:00,23.0,23.13,22.61,22.995,7818
HURC,2026-08-19 11:30:00-04:00,23.0,23.155,23.0,23.0,9419
HURC,2026-08-19 12:30:00-04:00,22.98,23.16,22.925,22.925,2824
HURC,2026-08-19 13:30:00-04:00,22.925,23.16,22.925,22.985,2875
HURC,2026-08-19 14:30:00-04:00,23.0,23.08,22.9,23.08,2500
HURC,2026-08-19 15:30:00-04:00,22.67,22.93,22.67,22.85,4882
HURC,2026-08-20 09:30:00-04:00,22.62,22.75,22.445,22.58,3020
HURC,2026-08-20 10:30:00-04:00,22.58,22.975,22.56,22.97,16434
HURC,2026-08-20 12:30:00-04:00,22.98,22.98,22.98,22.98,286
HURC,2026-08-20 13:30:00-04:00,22.98,23.23,22.7171,23.185,3505
HURC,2026-08-20 14:30:00-04:00,23.04,23.06,22.95,22.95,3684
HURC,2026-08-20 15:30:00-04:00,22.835,22.835,22.835,22.835,449
HURC,2026-08-21 09:30:00-04:00,23.0,23.0,23.0,23.0,927
HURC,2026-08-21 10:30:00-04:00,22.59,22.59,22.59,22.59,247
HURC,2026-08-21 11:30:00-04:00,22.59,22.59,22.59,22.59,662
HURC,2026-08-21 12:30:00-04:00,22.625,22.625,22.625,22.625,1333
HURC,2026-08-21 13:30:00-04:00,22.695,22.695,22.51,22.68,1482
HURC,2026-08-21 14:30:00-04:00,22.535,22.535,22.535,22.535,2359
HURC,2026-08-21 15:30:00-04:00,22.8,23.01,22.8,22.845,2976
HURC,2026-08-24 09:30:00-04:00,22.67,22.67,22.67,22.67,708
HURC,2026-08-24 10:30:00-04:00,22.67,22.67,22.6031,22.6031,1377
HURC,2026-08-24 11:30:00-04:00,22.675,22.675,22.675,22.675,927
HURC,2026-08-24 15:30:00-04:00,22.675,22.675,22.675,22.675,430
HURC,2026-08-25 09:30:00-04:00,22.35,22.66,22.35,22.66,1731
HURC,2026-08-25 15:30:00-04:00,22.7,22.775,22.7,22.775,1029
HURC,2026-08-26 09:30:00-04:00,22.37,22.68,22.37,22.68,1264
HURC,2026-08-26 11:30:00-04:00,22.79,22.79,22.79,22.79,1190
HURC,2026-08-26 12:30:00-04:00,22.89,22.89,22.89,22.89,903
HURC,2026-08-26 13:30:00-04:00,22.735,22.735,22.5142,22.5142,5231
HURC,2026-08-26 14:30:00-04:00,22.672,22.92,22.672,22.91,1380
HURC,2026-08-26 15:30:00-04:00,22.91,22.97,22.78,22.89,18418
HURC,2026-08-27 09:30:00-04:00,22.765,22.765,22.56,22.76,1068
HURC,2026-08-27 10:30:00-04:00,22.76,22.76,22.76,22.76,315
HURC,2026-08-27 11:30:00-04:00,22.825,22.825,22.825,22.825,722
HURC,2026-08-27 13:30:00-04:00,22.61,22.61,22.61,22.61,1106
HURC,2026-08-27 15:30:00-04:00,22.81,22.87,22.81,22.87,1767
HURC,2026-08-28 09:30:00-04:00,22.77,22.77,22.66,22.66,511
HURC,2026-08-28 10:30:00-04:00,22.86,22.86,22.86,22.86,610
HURC,2026-08-28 12:30:00-04:00,22.9,22.9,22.9,22.9,349
HURC,2026-08-28 13:30:00-04:00,22.89,22.89,22.815,22.815,2251
HURC,2026-08-28 15:30:00-04:00,22.95,23.15,22.86,22.955,4050
HURC,2026-08-31 09:30:00-04:00,23.0,23.0,22.89,22.89,5488
HURC,2026-08-31 12:30:00-04:00,23.17,23.17,22.855,22.855,1740
HURC,2026-08-31 13:30:00-04:00,22.7,22.8,22.615,22.8,2904
HURC,2026-08-31 14:30:00-04:00,22.885,22.885,21.48,21.685,28861
HURC,2026-08-31 15:30:00-04:00,21.585,21.93,21.585,21.64,6455
HURC,2026-09-01 09:30:00-04:00,21.51,21.67,21.51,21.67,1811
HURC,2026-09-01 11:30:00-04:00,21.83,21.84,21.82,21.82,1673
HURC,2026-09-01 12:30:00-04:00,21.65,21.675,21.5288,21.5288,3130
HURC,2026-09-01 14:30:00-04:00,21.69,21.71,21.21,21.405,5916
HURC,2026-09-01 15:30:00-04:00,21.11,21.11,20.79,20.845,7613
HURC,2026-09-02 09:30:00-04:00,21.065,21.23,20.93,21.23,1543
HURC,2026-09-02 10:30:00-04:00,21.56,21.56,21.56,21.56,438
HURC,2026-09-02 12:30:00-04:00,21.63,21.91,21.55,21.55,8460
HURC,2026-09-02 13:30:00-04:00,21.5537,21.75,21.55,21.56,14082
HURC,2026-09-02 14:30:00-04:00,21.19,21.55,21.115,21.115,1620
HURC,2026-09-02 15:30:00-04:00,21.42,21.91,20.985,21.4,27011
HURC,2026-09-03 09:30:00-04:00,21.4,21.65,20.91,21.315,2148
HURC,2026-09-03 10:30:00-04:00,20.9069,20.9069,20.9069,20.9069,606
HURC,2026-09-03 11:30:00-04:00,21.235,21.95,21.235,21.95,6275
HURC,2026-09-03 12:30:00-04:00,22.16,22.16,21.9,22.055,5076
HURC,2026-09-03 13:30:00-04:00,22.01,22.0401,21.75,21.75,9242
HURC,2026-09-03 14:30:00-04:00,21.725,22.44,21.5,22.25,7644
HURC,2026-09-03 15:30:00-04:00,22.38,22.79,22.38,22.79,11883
CRGY,2026-07-06 09:30:00-04:00,9.26,9.34,9.175,9.28,710045
CRGY,2026-07-06 10:30:00-04:00,9.285,9.2986,9.175,9.22,537079
CRGY,2026-07-06 11:30:00-04:00,9.22,9.265,9.1801,9.23,379756
CRGY,2026-07-06 12:30:00-04:00,9.225,9.24,9.18,9.215,549502
CRGY,2026-07-06 13:30:00-04:00,9.215,9.31,9.215,9.295,731891
CRGY,2026-07-06 14:30:00-04:00,9.295,9.3,9.215,9.27,549090
CRGY,2026-07-06 15:30:00-04:00,9.265,9.29,9.14,9.14,889094
CRGY,2026-07-07 09:30:00-04:00,9.26,9.42,9.21,9.25,609765
CRGY,2026-07-07 10:30:00-04:00,9.245,9.27,9.2036,9.245,543160
CRGY,2026-07-07 11:30:00-04:00,9.24,9.29,9.195,9.26,585386
CRGY,2026-07-07 12:30:00-04:00,9.25,9.355,9.225,9.345,401564
CRGY,2026-07-07 13:30:00-04:00,9.345,9.35,9.305,9.325,319263
CRGY,2026-07-07 14:30:00-04:00,9.32,9.53,9.305,9.515,2009901
CRGY,2026-07-07 15:30:00-04:00,9.52,9.52,9.41,9.42,1063400
CRGY,2026-07-08 09:30:00-04:00,9.66,9.735,9.445,9.735,1324726
CRGY,2026-07-08 10:30:00-04:00,9.735,9.755,9.665,9.67,854921
CRGY,2026-07-08 11:30:00-04:00,9.67,9.74,9.555,9.56,1390963
CRGY,2026-07-08 12:30:00-04:00,9.555,9.585,9.49,9.51,835222
CRGY,2026-07-08 13:30:00-04:00,9.505,9.57,9.49,9.505,469009
CRGY,2026-07-08 14:30:00-04:00,9.505,9.545,9.475,9.51,672319
CRGY,2026-07-08 15:30:00-04:00,9.505,9.62,9.505,9.6,1337291
CRGY,2026-07-09 09:30:00-04:00,9.595,9.595,9.415,9.435,562087
CRGY,2026-07-09 10:30:00-04:00,9.435,9.46,9.38,9.405,722597
CRGY,2026-07-09 11:30:00-04:00,9.405,9.465,9.38,9.465,688371
CRGY,2026-07-09 12:30:00-04:00,9.465,9.54,9.46,9.53,576564
CRGY,2026-07-09 13:30:00-04:00,9.53,9.54,9.44,9.53,473985
CRGY,2026-07-09 14:30:00-04:00,9.53,9.56,9.495,9.535,472267
CRGY,2026-07-09 15:30:00-04:00,9.535,9.57,9.5,9.515,1184998
CRGY,2026-07-10 09:30:00-04:00,9.58,9.615,9.445,9.465,335334
CRGY,2026-07-10 10:30:00-04:00,9.46,9.555,9.42,9.46,426963
CRGY,2026-07-10 11:30:00-04:00,9.465,9.465,9.355,9.375,339055
CRGY,2026-07-10 12:30:00-04:00,9.375,9.435,9.365,9.415,248694
CRGY,2026-07-10 13:30:00-04:00,9.415,9.455,9.39,9.445,375107
CRGY,2026-07-10 14:30:00-04:00,9.45,9.47,9.405,9.42,392674
CRGY,2026-07-10 15:30:00-04:00,9.415,9.47,9.395,9.47,691448
CRGY,2026-07-13 09:30:00-04:00,9.69,9.855,9.655,9.72,947332
CRGY,2026-07-13 10:30:00-04:00,9.725,9.89,9.725,9.83,561694
CRGY,2026-07-13 11:30:00-04:00,9.83,9.89,9.82,9.875,572470
CRGY,2026-07-13 12:30:00-04:00,9.875,9.94,9.86,9.93,467160
CRGY,2026-07-13 13:30:00-04:00,9.925,10.04,9.9232,10.04,651587
CRGY,2026-07-13 14:30:00-04:00,10.04,10.075,10.025,10.04,709504
CRGY,2026-07-13 15:30:00-04:00,10.035,10.035,9.98,9.995,1162040
CRGY,2026-07-14 09:30:00-04:00,10.03,10.145,10.0007,10.005,664339
CRGY,2026-07-14 10:30:00-04:00,10.01,10.015,9.825,9.835,525062
CRGY,2026-07-14 11:30:00-04:00,9.835,9.935,9.83,9.935,340887
CRGY,2026-07-14 12:30:00-04:00,9.935,9.94,9.889,9.905,242799
CRGY,2026-07-14 13:30:00-04:00,9.91,9.95,9.885,9.945,233759
CRGY,2026-07-14 14:30:00-04:00,9.95,9.985,9.93,9.98,399476
CRGY,2026-07-14 15:30:00-04:00,9.98,10.01,9.96,10.0,653212
CRGY,2026-07-15 09:30:00-04:00,10.12,10.3,10.115,10.115,1625756
CRGY,2026-07-15 10:30:00-04:00,10.115,10.205,10.045,10.05,713588
CRGY,2026-07-15 11:30:00-04:00,10.055,10.11,10.015,10.045,600034
CRGY,2026-07-15 12:30:00-04:00,10.045,10.11,10.04,10.06,519418
CRGY,2026-07-15 13:30:00-04:00,10.06,10.15,10.05,10.15,495025
CRGY,2026-07-15 14:30:00-04:00,10.15,10.2,10.14,10.2,581152
CRGY,2026-07-15 15:30:00-04:00,10.19,10.25,10.16,10.17,862802
CRGY,2026-07-16 09:30:00-04:00,10.2,10.475,10.2,10.435,894123
CRGY,2026-07-16 10:30:00-04:00,10.435,10.45,10.335,10.345,654432
CRGY,2026-07-16 11:30:00-04:00,10.345,10.375,10.3145,10.345,578555
CRGY,2026-07-16 12:30:00-04:00,10.35,10.435,10.325,10.401,1415183
CRGY,2026-07-16 13:30:00-04:00,10.4,10.48,10.37,10.445,722477
CRGY,2026-07-16 14:30:00-04:00,10.445,10.465,10.365,10.38,956609
CRGY,2026-07-16 15:30:00-04:00,10.375,10.38,10.3,10.38,1367910
CRGY,2026-07-17 09:30:00-04:00,10.71,10.815,10.515,10.635,1340128
CRGY,2026-07-17 10:30:00-04:00,10.635,10.635,10.415,10.465,770748
CRGY,2026-07-17 11:30:00-04:00,10.46,10.56,10.43,10.54,498916
CRGY,2026-07-17 12:30:00-04:00,10.54,10.575,10.45,10.5588,473885
CRGY,2026-07-17 13:30:00-04:00,10.55,10.62,10.545,10.615,346271
CRGY,2026-07-17 14:30:00-04:00,10.615,10.67,10.6,10.65,766873
CRGY,2026-07-17 15:30:00-04:00,10.645,10.75,10.635,10.74,1284790
CRGY,2026-07-20 09:30:00-04:00,10.5,10.7,10.5,10.65,559197
CRGY,2026-07-20 10:30:00-04:00,10.645,10.78,10.63,10.775,513473
CRGY,2026-07-20 11:30:00-04:00,10.775,10.775,10.6902,10.735,359930
CRGY,2026-07-20 12:30:00-04:00,10.735,10.75,10.6825,10.705,334192
CRGY,2026-07-20 13:30:00-04:00,10.705,10.73,10.64,10.645,320531
CRGY,2026-07-20 14:30:00-04:00,10.645,10.66,10.54,10.56,1021912
CRGY,2026-07-20 15:30:00-04:00,10.555,10.56,10.45,10.465,922786
CRGY,2026-07-21 09:30:00-04:00,10.57,10.855,10.56,10.815,737858
CRGY,2026-07-21 10:30:00-04:00,10.815,10.945,10.815,10.94,544632
CRGY,2026-07-21 11:30:00-04:00,10.945,10.955,10.875,10.885,669835
CRGY,2026-07-21 12:30:00-04:00,10.885,10.91,10.83,10.86,843455
CRGY,2026-07-21 13:30:00-04:00,10.865,10.89,10.81,10.88,1091285
CRGY,2026-07-21 14:30:00-04:00,10.89,10.97,10.875,10.97,596629
CRGY,2026-07-21 15:30:00-04:00,10.97,11.05,10.945,11.05,1927238
CRGY,2026-07-22 09:30:00-04:00,11.25,11.455,11.235,11.365,1603474
CRGY,2026-07-22 10:30:00-04:00,11.365,11.39,11.3,11.32,451902
CRGY,2026-07-22 11:30:00-04:00,11.315,11.32,11.23,11.265,408031
CRGY,2026-07-22 12:30:00-04:00,11.27,11.34,11.265,11.32,236400
CRGY,2026-07-22 13:30:00-04:00,11.32,11.395,11.295,11.355,419950
CRGY,2026-07-22 14:30:00-04:00,11.355,11.42,11.34,11.385,550518
CRGY,2026-07-22 15:30:00-04:00,11.385,11.42,11.37,11.39,711892
CRGY,2026-07-23 09:30:00-04:00,11.62,11.69,11.49,11.595,934610
CRGY,2026-07-23 10:30:00-04:00,11.6,11.63,11.465,11.475,497723
CRGY,2026-07-23 11:30:00-04:00,11.47,11.4855,11.415,11.445,338151
CRGY,2026-07-23 12:30:00-04:00,11.45,11.46,11.375,11.3831,385530
CRGY,2026-07-23 13:30:00-04:00,11.38,11.42,11.355,11.385,495906
CRGY,2026-07-23 14:30:00-04:00,11.39,11.415,11.3322,11.365,472032
CRGY,2026-07-23 15:30:00-04:00,11.365,11.405,11.32,11.385,780779
CRGY,2026-07-24 09:30:00-04:00,11.35,11.525,11.33,11.5087,652224
CRGY,2026-07-24 10:30:00-04:00,11.51,11.56,11.28,11.305,455161
CRGY,2026-07-24 11:30:00-04:00,11.3,11.36,11.27,11.335,298579
CRGY,2026-07-24 12:30:00-04:00,11.335,11.395,11.335,11.365,225809
CRGY,2026-07-24 13:30:00-04:00,11.365,11.4,11.335,11.395,205042
CRGY,2026-07-24 14:30:00-04:00,11.4,11.415,11.315,11.37,733587
CRGY,2026-07-24 15:30:00-04:00,11.37,11.375,11.24,11.27,766676
CRGY,2026-07-27 09:30:00-04:00,10.92,11.03,10.72,10.775,915609
CRGY,2026-07-27 10:30:00-04:00,10.775,10.79,10.6,10.6,988742
CRGY,2026-07-27 11:30:00-04:00,10.6,10.7,10.58,10.605,1263208
CRGY,2026-07-27 12:30:00-04:00,10.6,10.62,10.5,10.5,756280
CRGY,2026-07-27 13:30:00-04:00,10.505,10.565,10.5,10.535,595189
CRGY,2026-07-27 14:30:00-04:00,10.54,10.59,10.5,10.585,480474
CRGY,2026-07-27 15:30:00-04:00,10.58,10.585,10.44,10.475,782967
CRGY,2026-07-28 09:30:00-04:00,10.49,10.595,10.34,10.485,830664
CRGY,2026-07-28 10:30:00-04:00,10.49,10.5375,10.27,10.295,883184
CRGY,2026-07-28 11:30:00-04:00,10.3,10.345,10.23,10.275,1649348
CRGY,2026-07-28 12:30:00-04:00,10.2799,10.345,10.27,10.32,863189
CRGY,2026-07-28 13:30:00-04:00,10.315,10.41,10.315,10.405,285426
CRGY,2026-07-28 14:30:00-04:00,10.405,10.455,10.3901,10.415,521959
CRGY,2026-07-28 15:30:00-04:00,10.415,10.48,10.4,10.43,865438
CRGY,2026-07-29 09:30:00-04:00,10.83,10.83,10.645,10.78,795560
CRGY,2026-07-29 10:30:00-04:00,10.78,10.9,10.775,10.85,440747
CRGY,2026-07-29 11:30:00-04:00,10.8501,10.955,10.825,10.89,598218
CRGY,2026-07-29 12:30:00-04:00,10.899,11.07,10.89,10.965,1234725
CRGY,2026-07-29 13:30:00-04:00,10.965,11.0,10.885,10.975,949238
CRGY,2026-07-29 14:30:00-04:00,10.97,11.06,10.97,11.015,837963
CRGY,2026-07-29 15:30:00-04:00,11.015,11.07,11.015,11.04,903695
CRGY,2026-07-30 09:30:00-04:00,10.88,11.0,10.795,10.815,382629
CRGY,2026-07-30 10:30:00-04:00,10.815,10.885,10.805,10.86,265442
CRGY,2026-07-30 11:30:00-04:00,10.855,11.01,10.84,10.925,527391
CRGY,2026-07-30 12:30:00-04:00,10.925,10.96,10.9,10.945,306206
CRGY,2026-07-30 13:30:00-04:00,10.95,11.06,10.93,11.045,404205
CRGY,2026-07-30 14:30:00-04:00,11.045,11.11,11.04,11.085,343646
CRGY,2026-07-30 15:30:00-04:00,11.085,11.195,11.075,11.17,1121465
CRGY,2026-07-31 09:30:00-04:00,11.21,11.41,11.095,11.175,461311
CRGY,2026-07-31 10:30:00-04:00,11.18,11.31,11.18,11.295,501675
CRGY,2026-07-31 11:30:00-04:00,11.295,11.3,11.215,11.25,356910
CRGY,2026-07-31 12:30:00-04:00,11.26,11.33,11.26,11.32,400373
CRGY,2026-07-31 13:30:00-04:00,11.32,11.39,11.285,11.38,323750
CRGY,2026-07-31 14:30:00-04:00,11.37,11.42,11.35,11.41,417760
CRGY,2026-07-31 15:30:00-04:00,11.42,11.485,11.385,11.47,1035426
CRGY,2026-08-03 09:30:00-04:00,11.0,11.415,11.0,11.395,923938
CRGY,2026-08-03 10:30:00-04:00,11.4,11.45,11.34,11.425,441797
CRGY,2026-08-03 11:30:00-04:00,11.42,11.42,11.345,11.385,442862
CRGY,2026-08-03 12:30:00-04:00,11.385,11.415,11.35,11.405,356044
CRGY,2026-08-03 13:30:00-04:00,11.41,11.42,11.33,11.37,387416
CRGY,2026-08-03 14:30:00-04:00,11.3705,11.38,11.315,11.341,619125
CRGY,2026-08-03 15:30:00-04:00,11.345,11.45,11.335,11.42,1352502
CRGY,2026-08-04 09:30:00-04:00,11.54,11.735,11.205,11.555,2068655
CRGY,2026-08-04 10:30:00-04:00,11.56,11.67,11.405,11.42,1222320
CRGY,2026-08-04 11:30:00-04:00,11.42,11.485,11.305,11.345,1082372
CRGY,2026-08-04 12:30:00-04:00,11.345,11.4,11.325,11.365,562630
CRGY,2026-08-04 13:30:00-04:00,11.37,11.41,11.285,11.33,536329
CRGY,2026-08-04 14:30:00-04:00,11.3298,11.395,11.315,11.32,633767
CRGY,2026-08-04 15:30:00-04:00,11.32,11.365,11.26,11.265,1175137
CRGY,2026-08-05 09:30:00-04:00,11.29,11.32,11.065,11.085,798518
CRGY,2026-08-05 10:30:00-04:00,11.085,11.095,10.915,10.99,858724
CRGY,2026-08-05 11:30:00-04:00,10.985,11.09,10.92,11.065,673040
CRGY,2026-08-05 12:30:00-04:00,11.06,11.065,10.975,10.985,601738
CRGY,2026-08-05 13:30:00-04:00,10.985,11.145,10.98,11.09,576092
CRGY,2026-08-05 14:30:00-04:00,11.085,11.14,11.04,11.0471,805862
CRGY,2026-08-05 15:30:00-04:00,11.04,11.07,10.94,10.965,1594619
CRGY,2026-08-06 09:30:00-04:00,11.39,11.53,11.19,11.273,929673
CRGY,2026-08-06 10:30:00-04:00,11.28,11.325,11.19,11.325,622325
CRGY,2026-08-06 11:30:00-04:00,11.32,11.3699,11.24,11.28,722548
CRGY,2026-08-06 12:30:00-04:00,11.28,11.285,11.195,11.225,374735
CRGY,2026-08-06 13:30:00-04:00,11.225,11.245,11.18,11.195,361167
CRGY,2026-08-06 14:30:00-04:00,11.195,11.325,11.185,11.315,491244
CRGY,2026-08-06 15:30:00-04:00,11.32,11.35,11.2801,11.33,1149724
CRGY,2026-08-07 09:30:00-04:00,11.15,11.3364,11.13,11.295,514526
CRGY,2026-08-07 10:30:00-04:00,11.299,11.49,11.275,11.45,1098323
CRGY,2026-08-07 11:30:00-04:00,11.455,11.6,11.43,11.58,742475
CRGY,2026-08-07 12:30:00-04:00,11.585,11.69,11.57,11.665,896280
CRGY,2026-08-07 13:30:00-04:00,11.665,11.76,11.635,11.725,989437
CRGY,2026-08-07 14:30:00-04:00,11.725,11.725,11.62,11.625,544663
CRGY,2026-08-07 15:30:00-04:00,11.6238,11.64,11.54,11.56,783218
CRGY,2026-08-10 09:30:00-04:00,11.79,12.049,11.77,11.92,1208065
CRGY,2026-08-10 10:30:00-04:00,11.925,12.1,11.925,12.08,672814
CRGY,2026-08-10 11:30:00-04:00,12.085,12.2,12.085,12.18,458521
CRGY,2026-08-10 12:30:00-04:00,12.185,12.25,12.17,12.2312,511741
CRGY,2026-08-10 13:30:00-04:00,12.235,12.27,12.21,12.245,740228
CRGY,2026-08-10 14:30:00-04:00,12.245,12.27,12.17,12.265,1314483
CRGY,2026-08-10 15:30:00-04:00,12.265,12.2951,12.175,12.2,1631289
CRGY,2026-08-11 09:30:00-04:00,12.11,12.315,12.11,12.29,516841
CRGY,2026-08-11 10:30:00-04:00,12.295,12.385,12.265,12.345,401200
CRGY,2026-08-11 11:30:00-04:00,12.3464,12.425,12.3464,12.395,288282
CRGY,2026-08-11 12:30:00-04:00,12.395,12.44,12.37,12.435,258826
CRGY,2026-08-11 13:30:00-04:00,12.435,12.445,12.4,12.415,319806
CRGY,2026-08-11 14:30:00-04:00,12.42,12.48,12.3936,12.475,802228
CRGY,2026-08-11 15:30:00-04:00,12.475,12.48,12.375,12.41,2417873
CRGY,2026-08-12 09:30:00-04:00,12.4,12.41,12.16,12.165,1085897
CRGY,2026-08-12 10:30:00-04:00,12.165,12.23,12.1101,12.205,408040
CRGY,2026-08-12 11:30:00-04:00,12.205,12.235,12.1101,12.165,309487
CRGY,2026-08-12 12:30:00-04:00,12.17,12.18,12.1,12.135,343281
CRGY,2026-08-12 13:30:00-04:00,12.135,12.175,12.125,12.16,292034
CRGY,2026-08-12 14:30:00-04:00,12.16,12.165,12.075,12.095,448275
CRGY,2026-08-12 15:30:00-04:00,12.09,12.1,12.02,12.06,1279834
CRGY,2026-08-13 09:30:00-04:00,11.91,11.965,11.76,11.91,696524
CRGY,2026-08-13 10:30:00-04:00,11.9183,12.0197,11.895,12.0197,636361
CRGY,2026-08-13 11:30:00-04:00,12.015,12.015,11.94,11.955,461234
CRGY,2026-08-13 12:30:00-04:00,11.955,11.955,11.855,11.915,422614
CRGY,2026-08-13 13:30:00-04:00,11.915,11.95,11.865,11.885,330104
CRGY,2026-08-13 14:30:00-04:00,11.88,11.939,11.87,11.915,410064
CRGY,2026-08-13 15:30:00-04:00,11.91,12.02,11.9,11.9,1157394
CRGY,2026-08-14 09:30:00-04:00,12.08,12.21,11.976,12.21,464166
CRGY,2026-08-14 10:30:00-04:00,12.2,12.265,12.105,12.151,378505
CRGY,2026-08-14 11:30:00-04:00,12.155,12.199,12.125,12.135,309633
CRGY,2026-08-14 12:30:00-04:00,12.13,12.205,12.12,12.2,791262
CRGY,2026-08-14 13:30:00-04:00,12.195,12.285,12.14,12.285,876159
CRGY,2026-08-14 14:30:00-04:00,12.29,12.305,12.255,12.26,396134
CRGY,2026-08-14 15:30:00-04:00,12.26,12.26,12.16,12.2,854092
CRGY,2026-08-17 09:30:00-04:00,12.17,12.3,12.05,12.3,363537
CRGY,2026-08-17 10:30:00-04:00,12.295,12.315,12.205,12.245,291256
CRGY,2026-08-17 11:30:00-04:00,12.25,12.385,12.24,12.335,306233
CRGY,2026-08-17 12:30:00-04:00,12.34,12.475,12.34,12.475,529654
CRGY,2026-08-17 13:30:00-04:00,12.475,12.54,12.46,12.505,502111
CRGY,2026-08-17 14:30:00-04:00,12.505,12.575,12.49,12.565,707213
CRGY,2026-08-17 15:30:00-04:00,12.565,12.7,12.55,12.69,803286
CRGY,2026-08-18 09:30:00-04:00,12.9,12.95,12.65,12.79,614357
CRGY,2026-08-18 10:30:00-04:00,12.795,12.84,12.705,12.77,375049
CRGY,2026-08-18 11:30:00-04:00,12.775,12.89,12.76,12.85,498995
CRGY,2026-08-18 12:30:00-04:00,12.85,12.92,12.801,12.805,396788
CRGY,2026-08-18 13:30:00-04:00,12.8,12.835,12.78,12.795,1066048
CRGY,2026-08-18 14:30:00-04:00,12.795,12.865,12.775,12.825,640819
CRGY,2026-08-18 15:30:00-04:00,12.83,12.95,12.825,12.95,1542093
CRGY,2026-08-19 09:30:00-04:00,13.05,13.345,13.05,13.335,697089
CRGY,2026-08-19 10:30:00-04:00,13.335,13.405,13.31,13.36,829081
CRGY,2026-08-19 11:30:00-04:00,13.36,13.385,13.29,13.335,658520
CRGY,2026-08-19 12:30:00-04:00,13.335,13.395,13.305,13.305,318428
CRGY,2026-08-19 13:30:00-04:00,13.305,13.31,13.225,13.2436,331776
CRGY,2026-08-19 14:30:00-04:00,13.245,13.305,13.22,13.28,404998
CRGY,2026-08-19 15:30:00-04:00,13.285,13.43,13.26,13.425,1212322
CRGY,2026-08-20 09:30:00-04:00,13.69,13.975,13.58,13.79,1456612
CRGY,2026-08-20 10:30:00-04:00,13.79,13.83,13.65,13.695,420851
CRGY,2026-08-20 11:30:00-04:00,13.695,13.72,13.63,13.641,354269
CRGY,2026-08-20 12:30:00-04:00,13.64,13.665,13.5163,13.555,396737
CRGY,2026-08-20 13:30:00-04:00,13.55,13.57,13.47,13.555,390024
CRGY,2026-08-20 14:30:00-04:00,13.555,13.67,13.5312,13.66,446620
CRGY,2026-08-20 15:30:00-04:00,13.665,13.84,13.65,13.805,1753507
CRGY,2026-08-21 09:30:00-04:00,13.85,13.99,13.81,13.82,777020
CRGY,2026-08-21 10:30:00-04:00,13.815,13.96,13.76,13.925,561459
CRGY,2026-08-21 11:30:00-04:00,13.92,14.035,13.915,13.985,772590
CRGY,2026-08-21 12:30:00-04:00,13.985,14.12,13.975,14.01,510373
CRGY,2026-08-21 13:30:00-04:00,14.01,14.03,13.95,14.019,270979
CRGY,2026-08-21 14:30:00-04:00,14.02,14.08,13.965,14.045,461544
CRGY,2026-08-21 15:30:00-04:00,14.045,14.09,14.0,14.06,1160712
CRGY,2026-08-24 09:30:00-04:00,13.85,13.94,13.74,13.755,533638
CRGY,2026-08-24 10:30:00-04:00,13.75,13.835,13.49,13.495,577259
CRGY,2026-08-24 11:30:00-04:00,13.495,13.615,13.48,13.615,385556
CRGY,2026-08-24 12:30:00-04:00,13.62,13.71,13.58,13.7029,374149
CRGY,2026-08-24 13:30:00-04:00,13.7,13.745,13.65,13.715,432293
CRGY,2026-08-24 14:30:00-04:00,13.715,13.79,13.69,13.74,361511
CRGY,2026-08-24 15:30:00-04:00,13.735,13.895,13.735,13.845,803391
CRGY,2026-08-25 09:30:00-04:00,13.43,13.6,13.345,13.479,629359
CRGY,2026-08-25 10:30:00-04:00,13.485,13.64,13.45,13.575,551877
CRGY,2026-08-25 11:30:00-04:00,13.575,13.575,13.425,13.47,385506
CRGY,2026-08-25 12:30:00-04:00,13.47,13.48,13.425,13.465,303136
CRGY,2026-08-25 13:30:00-04:00,13.469,13.52,13.45,13.515,316909
CRGY,2026-08-25 14:30:00-04:00,13.52,13.52,13.465,13.495,452565
CRGY,2026-08-25 15:30:00-04:00,13.495,13.549,13.42,13.45,915298
CRGY,2026-08-26 09:30:00-04:00,13.2,13.46,13.0705,13.445,725145
CRGY,2026-08-26 10:30:00-04:00,13.45,13.485,13.3445,13.39,469046
CRGY,2026-08-26 11:30:00-04:00,13.38,13.52,13.325,13.52,396236
CRGY,2026-08-26 12:30:00-04:00,13.52,13.535,13.395,13.405,335573
CRGY,2026-08-26 13:30:00-04:00,13.41,13.44,13.37,13.375,324306
CRGY,2026-08-26 14:30:00-04:00,13.37,13.37,13.27,13.311,767854
CRGY,2026-08-26 15:30:00-04:00,13.315,13.38,13.3,13.37,529142
CRGY,2026-08-27 09:30:00-04:00,13.32,13.345,13.2,13.2702,583651
CRGY,2026-08-27 10:30:00-04:00,13.275,13.415,13.19,13.41,705328
CRGY,2026-08-27 11:30:00-04:00,13.41,13.48,13.375,13.4052,347959
CRGY,2026-08-27 12:30:00-04:00,13.4,13.58,13.39,13.555,386727
CRGY,2026-08-27 13:30:00-04:00,13.56,13.725,13.5561,13.705,355048
CRGY,2026-08-27 14:30:00-04:00,13.705,13.76,13.67,13.685,517264
CRGY,2026-08-27 15:30:00-04:00,13.6845,13.715,13.64,13.65,861649
CRGY,2026-08-28 09:30:00-04:00,13.65,13.755,13.39,13.46,669641
CRGY,2026-08-28 10:30:00-04:00,13.46,13.535,13.4101,13.4801,451338
CRGY,2026-08-28 11:30:00-04:00,13.485,13.49,13.4,13.46,450358
CRGY,2026-08-28 12:30:00-04:00,13.46,13.56,13.455,13.55,280576
CRGY,2026-08-28 13:30:00-04:00,13.55,13.59,13.51,13.585,263229
CRGY,2026-08-28 14:30:00-04:00,13.59,13.59,13.52,13.54,316948
CRGY,2026-08-28 15:30:00-04:00,13.535,13.595,13.52,13.525,697880
CRGY,2026-08-31 09:30:00-04:00,13.92,14.02,13.73,13.755,400393
CRGY,2026-08-31 10:30:00-04:00,13.76,13.81,13.6,13.6301,339706
CRGY,2026-08-31 11:30:00-04:00,13.635,13.69,13.6338,13.675,195821
CRGY,2026-08-31 12:30:00-04:00,13.685,13.725,13.66,13.705,208027
CRGY,2026-08-31 13:30:00-04:00,13.705,13.77,13.69,13.75,282981
CRGY,2026-08-31 14:30:00-04:00,13.75,13.75,13.645,13.655,604223
CRGY,2026-08-31 15:30:00-04:00,13.655,13.73,13.645,13.68,744613
CRGY,2026-09-01 09:30:00-04:00,14.0,14.0,13.815,13.86,449600
CRGY,2026-09-01 10:30:00-04:00,13.87,13.975,13.87,13.93,532956
CRGY,2026-09-01 11:30:00-04:00,13.93,13.95,13.8,13.915,424876
CRGY,2026-09-01 12:30:00-04:00,13.915,14.0,13.91,13.99,457090
CRGY,2026-09-01 13:30:00-04:00,13.99,14.03,13.955,13.975,345433
CRGY,2026-09-01 14:30:00-04:00,13.975,14.075,13.975,14.05,474580
CRGY,2026-09-01 15:30:00-04:00,14.055,14.09,14.02,14.07,876723
CRGY,2026-09-02 09:30:00-04:00,13.96,14.355,13.9018,14.32,712993
CRGY,2026-09-02 10:30:00-04:00,14.33,14.44,14.3,14.44,528095
CRGY,2026-09-02 11:30:00-04:00,14.44,14.48,14.39,14.4,387696
CRGY,2026-09-02 12:30:00-04:00,14.405,14.445,14.38,14.44,375743
CRGY,2026-09-02 13:30:00-04:00,14.445,14.535,14.395,14.52,529470
CRGY,2026-09-02 14:30:00-04:00,14.5199,14.53,14.39,14.425,1038141
CRGY,2026-09-02 15:30:00-04:00,14.425,14.45,14.26,14.27,1138210
CRGY,2026-09-03 09:30:00-04:00,14.13,14.235,13.97,14.175,519485
CRGY,2026-09-03 10:30:00-04:00,14.18,14.245,14.05,14.06,1130360
CRGY,2026-09-03 11:30:00-04:00,14.06,14.085,14.0,14.06,687274
CRGY,2026-09-03 12:30:00-04:00,14.065,14.079,13.98,14.0,627547
CRGY,2026-09-03 13:30:00-04:00,14.0,14.015,13.925,13.98,722203
CRGY,2026-09-03 14:30:00-04:00,13.98,14.02,13.94,13.965,675637
CRGY,2026-09-03 15:30:00-04:00,13.965,13.99,13.91,13.96,1179713
HRMY,2026-07-06 09:30:00-04:00,37.0,37.26,36.59,36.84,56788
HRMY,2026-07-06 10:30:00-04:00,36.805,37.22,36.8,37.14,36618
HRMY,2026-07-06 11:30:00-04:00,37.2,37.3,37.16,37.165,28426
HRMY,2026-07-06 12:30:00-04:00,37.2,37.35,37.16,37.16,24213
HRMY,2026-07-06 13:30:00-04:00,37.145,37.145,37.0,37.05,32727
HRMY,2026-07-06 14:30:00-04:00,36.97,37.18,36.91,37.145,42184
HRMY,2026-07-06 15:30:00-04:00,37.17,37.195,36.93,37.01,101105
HRMY,2026-07-07 09:30:00-04:00,37.44,37.8425,37.315,37.77,71617
HRMY,2026-07-07 10:30:00-04:00,37.735,38.135,37.73,38.11,68668
HRMY,2026-07-07 11:30:00-04:00,38.14,38.8,38.03,38.8,101666
HRMY,2026-07-07 12:30:00-04:00,38.79,38.89,38.62,38.69,68561
HRMY,2026-07-07 13:30:00-04:00,38.67,38.67,38.2,38.33,86032
HRMY,2026-07-07 14:30:00-04:00,38.33,38.46,38.015,38.12,79911
HRMY,2026-07-07 15:30:00-04:00,38.12,38.5,38.12,38.27,127459
HRMY,2026-07-08 09:30:00-04:00,37.96,38.235,37.545,37.6,178964
HRMY,2026-07-08 10:30:00-04:00,37.48,37.85,37.48,37.72,85575
HRMY,2026-07-08 11:30:00-04:00,37.645,37.98,37.485,37.85,42623
HRMY,2026-07-08 12:30:00-04:00,37.82,37.975,37.745,37.95,27646
HRMY,2026-07-08 13:30:00-04:00,37.93,38.35,37.88,38.345,36693
HRMY,2026-07-08 14:30:00-04:00,38.345,38.54,38.27,38.365,81215
HRMY,2026-07-08 15:30:00-04:00,38.365,38.38,37.92,38.08,195750
HRMY,2026-07-09 09:30:00-04:00,37.96,38.4899,37.7346,38.18,22675
HRMY,2026-07-09 10:30:00-04:00,38.11,38.12,37.59,37.8,123849
HRMY,2026-07-09 11:30:00-04:00,37.74,37.77,37.425,37.46,58425
HRMY,2026-07-09 12:30:00-04:00,37.47,37.565,37.36,37.44,24177
HRMY,2026-07-09 13:30:00-04:00,37.5,37.79,37.455,37.72,51244
HRMY,2026-07-09 14:30:00-04:00,37.705,37.9748,37.625,37.96,81446
HRMY,2026-07-09 15:30:00-04:00,37.96,38.22,37.95,38.22,112010
HRMY,2026-07-10 09:30:00-04:00,38.44,38.5,36.935,37.12,116455
HRMY,2026-07-10 10:30:00-04:00,37.12,37.12,36.39,36.475,71496
HRMY,2026-07-10 11:30:00-04:00,36.475,36.88,36.17,36.55,154888
HRMY,2026-07-10 12:30:00-04:00,36.53,36.72,36.41,36.525,27062
HRMY,2026-07-10 13:30:00-04:00,36.57,36.7,36.51,36.56,35513
HRMY,2026-07-10 14:30:00-04:00,36.55,36.605,36.44,36.515,53843
HRMY,2026-07-10 15:30:00-04:00,36.545,36.86,36.54,36.83,108501
HRMY,2026-07-13 09:30:00-04:00,36.81,36.96,35.9088,36.105,68385
HRMY,2026-07-13 10:30:00-04:00,36.105,36.105,35.49,35.695,145728
HRMY,2026-07-13 11:30:00-04:00,35.695,35.93,35.68,35.77,56211
HRMY,2026-07-13 12:30:00-04:00,35.81,35.85,35.61,35.64,40243
HRMY,2026-07-13 13:30:00-04:00,35.69,35.72,35.53,35.56,56788
HRMY,2026-07-13 14:30:00-04:00,35.58,35.72,35.58,35.62,47948
HRMY,2026-07-13 15:30:00-04:00,35.59,35.6,35.37,35.57,139606
HRMY,2026-07-14 09:30:00-04:00,35.655,35.655,34.29,34.29,86677
HRMY,2026-07-14 10:30:00-04:00,34.3,34.72,34.22,34.68,189713
HRMY,2026-07-14 11:30:00-04:00,34.68,35.31,34.66,35.31,169548
HRMY,2026-07-14 12:30:00-04:00,35.305,35.56,35.28,35.56,20274
HRMY,2026-07-14 13:30:00-04:00,35.535,35.59,35.27,35.27,50677
HRMY,2026-07-14 14:30:00-04:00,35.275,35.4,35.05,35.22,84677
HRMY,2026-07-14 15:30:00-04:00,35.2,35.2,34.76,34.78,176049
HRMY,2026-07-15 09:30:00-04:00,34.77,34.8905,34.38,34.49,60860
HRMY,2026-07-15 10:30:00-04:00,34.43,34.56,34.19,34.325,104032
HRMY,2026-07-15 11:30:00-04:00,34.24,34.38,34.22,34.26,72796
HRMY,2026-07-15 12:30:00-04:00,34.25,34.54,34.11,34.45,68969
HRMY,2026-07-15 13:30:00-04:00,34.505,34.95,34.47,34.95,133844
HRMY,2026-07-15 14:30:00-04:00,34.955,35.09,34.785,35.01,78959
HRMY,2026-07-15 15:30:00-04:00,35.08,35.08,34.82,34.88,132522
HRMY,2026-07-16 09:30:00-04:00,33.05,34.174,32.25,33.26,540770
HRMY,2026-07-16 10:30:00-04:00,33.22,33.54,32.9801,33.29,104269
HRMY,2026-07-16 11:30:00-04:00,33.35,34.9,33.04,33.145,158310
HRMY,2026-07-16 12:30:00-04:00,33.165,33.51,33.155,33.485,51677
HRMY,2026-07-16 13:30:00-04:00,33.49,33.5199,33.15,33.4,74379
HRMY,2026-07-16 14:30:00-04:00,33.4,33.49,33.12,33.19,109937
HRMY,2026-07-16 15:30:00-04:00,33.21,33.55,33.135,33.54,218265
HRMY,2026-07-17 09:30:00-04:00,33.43,34.15,33.36,33.94,112663
HRMY,2026-07-17 10:30:00-04:00,34.0,34.22,33.81,33.865,55505
HRMY,2026-07-17 11:30:00-04:00,33.85,33.88,33.4,33.44,49503
HRMY,2026-07-17 12:30:00-04:00,33.49,33.7,33.48,33.7,35657
HRMY,2026-07-17 13:30:00-04:00,33.715,33.76,33.61,33.72,48624
HRMY,2026-07-17 14:30:00-04:00,33.7,33.78,33.63,33.7,63066
HRMY,2026-07-17 15:30:00-04:00,33.695,33.95,33.605,33.74,197373
HRMY,2026-07-20 09:30:00-04:00,33.97,34.24,33.82,34.09,107677
HRMY,2026-07-20 10:30:00-04:00,34.18,34.27,33.5,33.81,101023
HRMY,2026-07-20 11:30:00-04:00,33.81,34.03,33.735,33.775,79468
HRMY,2026-07-20 12:30:00-04:00,33.75,33.87,33.7,33.795,83640
HRMY,2026-07-20 13:30:00-04:00,33.83,33.84,33.59,33.635,82280
HRMY,2026-07-20 14:30:00-04:00,33.62,33.62,33.4,33.44,121158
HRMY,2026-07-20 15:30:00-04:00,33.44,33.59,33.34,33.47,250529
HRMY,2026-07-21 09:30:00-04:00,33.26,33.7421,33.19,33.5,386106
HRMY,2026-07-21 10:30:00-04:00,33.5,34.41,33.405,34.365,138631
HRMY,2026-07-21 11:30:00-04:00,34.44,34.62,34.25,34.55,73921
HRMY,2026-07-21 12:30:00-04:00,34.6075,34.89,34.6075,34.67,87453
HRMY,2026-07-21 13:30:00-04:00,34.67,35.14,34.56,35.115,99491
HRMY,2026-07-21 14:30:00-04:00,35.14,36.9267,35.11,36.69,409813
HRMY,2026-07-21 15:30:00-04:00,36.69,36.87,36.255,36.82,468510
HRMY,2026-07-22 09:30:00-04:00,36.51,36.96,36.12,36.335,98536
HRMY,2026-07-22 10:30:00-04:00,36.22,36.38,36.0,36.015,59910
HRMY,2026-07-22 11:30:00-04:00,36.015,36.085,35.79,35.81,67095
HRMY,2026-07-22 12:30:00-04:00,35.85,35.85,35.51,35.695,59570
HRMY,2026-07-22 13:30:00-04:00,35.67,35.705,35.59,35.7,58189
HRMY,2026-07-22 14:30:00-04:00,35.695,35.765,35.25,35.25,113554
HRMY,2026-07-22 15:30:00-04:00,35.215,35.355,34.85,34.85,232326
HRMY,2026-07-23 09:30:00-04:00,34.54,35.14,34.4,34.9,69702
HRMY,2026-07-23 10:30:00-04:00,34.9,35.61,34.85,35.59,39764
HRMY,2026-07-23 11:30:00-04:00,35.595,35.62,35.39,35.41,59796
HRMY,2026-07-23 12:30:00-04:00,35.41,35.84,35.38,35.82,56607
HRMY,2026-07-23 13:30:00-04:00,35.82,35.84,35.7,35.7,73872
HRMY,2026-07-23 14:30:00-04:00,35.684,35.684,35.52,35.565,52002
HRMY,2026-07-23 15:30:00-04:00,35.54,35.81,35.47,35.76,161640
HRMY,2026-07-24 09:30:00-04:00,35.84,35.93,35.425,35.48,38206
HRMY,2026-07-24 10:30:00-04:00,35.5,35.57,35.29,35.4,29793
HRMY,2026-07-24 11:30:00-04:00,35.42,35.56,35.365,35.44,37018
HRMY,2026-07-24 12:30:00-04:00,35.47,35.47,35.24,35.39,42632
HRMY,2026-07-24 13:30:00-04:00,35.39,35.48,35.21,35.24,85867
HRMY,2026-07-24 14:30:00-04:00,35.235,35.425,35.21,35.34,90479
HRMY,2026-07-24 15:30:00-04:00,35.31,35.47,35.27,35.34,125032
HRMY,2026-07-27 09:30:00-04:00,35.63,36.5,35.47,36.28,63982
HRMY,2026-07-27 10:30:00-04:00,36.29,36.515,36.29,36.465,72297
HRMY,2026-07-27 11:30:00-04:00,36.465,36.49,36.22,36.335,58916
HRMY,2026-07-27 12:30:00-04:00,36.29,36.305,35.94,36.09,53389
HRMY,2026-07-27 13:30:00-04:00,35.975,36.03,35.78,35.99,40278
HRMY,2026-07-27 14:30:00-04:00,35.99,36.18,35.975,36.12,54871
HRMY,2026-07-27 15:30:00-04:00,36.14,36.405,36.0,36.01,162079
HRMY,2026-07-28 09:30:00-04:00,36.555,37.08,36.21,36.3,58032
HRMY,2026-07-28 10:30:00-04:00,36.23,36.38,35.81,36.28,161104
HRMY,2026-07-28 11:30:00-04:00,36.3,36.41,35.94,36.02,210327
HRMY,2026-07-28 12:30:00-04:00,35.97,36.01,35.66,35.67,58267
HRMY,2026-07-28 13:30:00-04:00,35.75,35.795,35.48,35.51,49245
HRMY,2026-07-28 14:30:00-04:00,35.55,35.655,35.4,35.6,86510
HRMY,2026-07-28 15:30:00-04:00,35.585,35.815,35.465,35.75,135181
HRMY,2026-07-29 09:30:00-04:00,35.69,36.1799,35.5,35.51,43795
HRMY,2026-07-29 10:30:00-04:00,35.54,35.895,35.52,35.855,27572
HRMY,2026-07-29 11:30:00-04:00,35.94,36.18,35.7,35.76,29645
HRMY,2026-07-29 12:30:00-04:00,35.76,35.81,35.57,35.77,31762
HRMY,2026-07-29 13:30:00-04:00,35.88,35.92,35.6,35.66,41679
HRMY,2026-07-29 14:30:00-04:00,35.71,35.845,35.6,35.69,50639
HRMY,2026-07-29 15:30:00-04:00,35.74,35.93,35.58,35.85,133373
HRMY,2026-07-30 09:30:00-04:00,35.57,35.57,35.03,35.08,38839
HRMY,2026-07-30 10:30:00-04:00,35.155,35.595,35.01,35.2297,37964
HRMY,2026-07-30 11:30:00-04:00,35.24,35.375,35.1,35.225,32125
HRMY,2026-07-30 12:30:00-04:00,35.25,35.31,35.18,35.215,32537
HRMY,2026-07-30 13:30:00-04:00,35.23,35.255,35.11,35.255,42304
HRMY,2026-07-30 14:30:00-04:00,35.27,35.515,35.19,35.515,43963
HRMY,2026-07-30 15:30:00-04:00,35.5,35.92,35.4,35.84,126312
HRMY,2026-07-31 09:30:00-04:00,35.86,35.87,34.58,34.7401,67674
HRMY,2026-07-31 10:30:00-04:00,34.75,35.13,34.75,34.99,43387
HRMY,2026-07-31 11:30:00-04:00,35.0,35.0,34.83,34.88,33412
HRMY,2026-07-31 12:30:00-04:00,34.8693,34.88,34.775,34.88,43605
HRMY,2026-07-31 13:30:00-04:00,34.885,35.005,34.71,34.935,52537
HRMY,2026-07-31 14:30:00-04:00,34.925,35.1,34.83,35.069,61203
HRMY,2026-07-31 15:30:00-04:00,35.03,35.245,34.85,35.22,112248
HRMY,2026-08-03 09:30:00-04:00,35.44,35.675,34.51,35.24,91039
HRMY,2026-08-03 10:30:00-04:00,35.18,35.555,34.91,35.52,55916
HRMY,2026-08-03 11:30:00-04:00,35.48,35.74,35.25,35.28,106295
HRMY,2026-08-03 12:30:00-04:00,35.25,35.305,35.06,35.06,39262
HRMY,2026-08-03 13:30:00-04:00,35.06,35.255,34.88,35.2,90400
HRMY,2026-08-03 14:30:00-04:00,35.2,35.5799,35.17,35.51,127468
HRMY,2026-08-03 15:30:00-04:00,35.51,35.66,35.5,35.595,139990
HRMY,2026-08-04 09:30:00-04:00,37.6,39.96,36.8,39.495,365583
HRMY,2026-08-04 10:30:00-04:00,39.495,39.685,38.32,38.32,245508
HRMY,2026-08-04 11:30:00-04:00,38.29,38.91,37.71,38.22,144268
HRMY,2026-08-04 12:30:00-04:00,38.21,38.94,38.09,38.59,73801
HRMY,2026-08-04 13:30:00-04:00,38.47,39.44,38.19,39.045,307184
HRMY,2026-08-04 14:30:00-04:00,38.97,39.14,38.03,38.33,205204
HRMY,2026-08-04 15:30:00-04:00,38.42,38.91,38.25,38.75,297188
HRMY,2026-08-05 09:30:00-04:00,38.78,39.32,38.27,38.395,155734
HRMY,2026-08-05 10:30:00-04:00,38.32,38.66,37.78,38.515,142665
HRMY,2026-08-05 11:30:00-04:00,38.58,38.705,38.26,38.395,69763
HRMY,2026-08-05 12:30:00-04:00,38.33,38.48,37.43,37.62,137336
HRMY,2026-08-05 13:30:00-04:00,37.66,37.88,37.53,37.66,197361
HRMY,2026-08-05 14:30:00-04:00,37.665,37.965,37.48,37.95,130705
HRMY,2026-08-05 15:30:00-04:00,37.97,38.29,37.845,38.23,238547
HRMY,2026-08-06 09:30:00-04:00,38.31,38.77,37.74,38.195,91503
HRMY,2026-08-06 10:30:00-04:00,38.17,38.49,38.07,38.43,156164
HRMY,2026-08-06 11:30:00-04:00,38.47,38.6,38.26,38.6,42140
HRMY,2026-08-06 12:30:00-04:00,38.64,38.65,38.28,38.52,43076
HRMY,2026-08-06 13:30:00-04:00,38.47,38.57,38.42,38.45,41405
HRMY,2026-08-06 14:30:00-04:00,38.42,38.63,38.15,38.37,130022
HRMY,2026-08-06 15:30:00-04:00,38.4,38.8,38.22,38.74,152481
HRMY,2026-08-07 09:30:00-04:00,39.2,39.2,38.2,39.02,156929
HRMY,2026-08-07 10:30:00-04:00,39.005,39.405,38.92,39.0,88386
HRMY,2026-08-07 11:30:00-04:00,39.0011,39.055,38.6698,38.79,50815
HRMY,2026-08-07 12:30:00-04:00,38.785,39.0,38.75,39.0,43729
HRMY,2026-08-07 13:30:00-04:00,39.02,39.21,38.74,38.77,78380
HRMY,2026-08-07 14:30:00-04:00,38.75,38.83,38.635,38.68,98945
HRMY,2026-08-07 15:30:00-04:00,38.7,38.935,38.39,38.42,255311
HRMY,2026-08-10 09:30:00-04:00,38.41,39.29,38.26,38.8,65192
HRMY,2026-08-10 10:30:00-04:00,38.81,39.18,38.76,39.15,42349
HRMY,2026-08-10 11:30:00-04:00,39.15,39.215,38.8253,39.14,40580
HRMY,2026-08-10 12:30:00-04:00,39.13,39.21,38.93,38.985,47804
HRMY,2026-08-10 13:30:00-04:00,38.99,39.335,38.99,39.215,68304
HRMY,2026-08-10 14:30:00-04:00,39.215,39.215,39.0685,39.205,100372
HRMY,2026-08-10 15:30:00-04:00,39.205,39.21,38.88,38.99,88364
HRMY,2026-08-11 09:30:00-04:00,38.91,39.45,38.615,39.125,61708
HRMY,2026-08-11 10:30:00-04:00,39.125,39.1991,38.87,38.935,28956
HRMY,2026-08-11 11:30:00-04:00,38.905,39.19,38.86,39.105,46931
HRMY,2026-08-11 12:30:00-04:00,39.105,39.42,39.09,39.36,59864
HRMY,2026-08-11 13:30:00-04:00,39.37,39.39,39.2,39.24,54497
HRMY,2026-08-11 14:30:00-04:00,39.28,39.55,39.08,39.545,106956
HRMY,2026-08-11 15:30:00-04:00,39.545,39.545,39.31,39.5,96868
HRMY,2026-08-12 09:30:00-04:00,39.16,39.47,39.03,39.185,58155
HRMY,2026-08-12 10:30:00-04:00,39.25,39.37,39.06,39.36,42705
HRMY,2026-08-12 11:30:00-04:00,39.38,39.6647,39.38,39.52,29912
HRMY,2026-08-12 12:30:00-04:00,39.46,39.48,39.1,39.25,79550
HRMY,2026-08-12 13:30:00-04:00,39.27,39.44,39.23,39.332,109126
HRMY,2026-08-12 14:30:00-04:00,39.33,39.52,39.26,39.44,32071
HRMY,2026-08-12 15:30:00-04:00,39.45,39.83,39.41,39.75,128776
HRMY,2026-08-13 09:30:00-04:00,40.0,40.15,39.255,39.42,79746
HRMY,2026-08-13 10:30:00-04:00,39.35,39.365,38.94,38.94,49467
HRMY,2026-08-13 11:30:00-04:00,38.9,39.01,38.66,38.66,43826
HRMY,2026-08-13 12:30:00-04:00,38.69,38.88,38.66,38.825,40205
HRMY,2026-08-13 13:30:00-04:00,38.85,38.85,38.585,38.62,36835
HRMY,2026-08-13 14:30:00-04:00,38.61,38.85,38.555,38.665,60830
HRMY,2026-08-13 15:30:00-04:00,38.665,38.85,38.44,38.5,128140
HRMY,2026-08-14 09:30:00-04:00,38.33,38.38,37.925,38.11,65256
HRMY,2026-08-14 10:30:00-04:00,38.06,38.33,37.9501,38.155,28224
HRMY,2026-08-14 11:30:00-04:00,38.155,38.21,38.05,38.09,29800
HRMY,2026-08-14 12:30:00-04:00,38.07,38.26,38.07,38.26,21733
HRMY,2026-08-14 13:30:00-04:00,38.26,38.455,38.19,38.29,54416
HRMY,2026-08-14 14:30:00-04:00,38.28,38.31,38.145,38.15,31487
HRMY,2026-08-14 15:30:00-04:00,38.17,38.23,38.06,38.1,61772
HRMY,2026-08-17 09:30:00-04:00,38.12,38.51,37.965,38.0,53667
HRMY,2026-08-17 10:30:00-04:00,38.0,38.06,37.8074,37.915,49965
HRMY,2026-08-17 11:30:00-04:00,37.9,38.12,37.82,37.97,149874
HRMY,2026-08-17 12:30:00-04:00,37.97,38.12,37.88,37.88,65178
HRMY,2026-08-17 13:30:00-04:00,37.89,37.9,37.77,37.795,37315
HRMY,2026-08-17 14:30:00-04:00,37.8,38.08,37.77,38.0,96910
HRMY,2026-08-17 15:30:00-04:00,38.03,38.27,37.96,38.13,146687
HRMY,2026-08-18 09:30:00-04:00,38.19,38.81,38.1608,38.56,36272
HRMY,2026-08-18 10:30:00-04:00,38.58,38.71,38.55,38.67,37442
HRMY,2026-08-18 11:30:00-04:00,38.67,39.08,38.67,39.08,41136
HRMY,2026-08-18 12:30:00-04:00,39.095,39.11,38.83,38.895,37811
HRMY,2026-08-18 13:30:00-04:00,38.93,39.06,38.855,39.03,28172
HRMY,2026-08-18 14:30:00-04:00,39.05,39.05,38.78,38.915,61824
HRMY,2026-08-18 15:30:00-04:00,38.975,39.1,38.83,38.83,86642
HRMY,2026-08-19 09:30:00-04:00,39.2,39.56,39.1,39.145,44980
HRMY,2026-08-19 10:30:00-04:00,39.1001,39.19,39.0,39.0,47626
HRMY,2026-08-19 11:30:00-04:00,39.06,39.15,38.71,38.735,62946
HRMY,2026-08-19 12:30:00-04:00,38.71,39.07,38.51,39.04,66230
HRMY,2026-08-19 13:30:00-04:00,39.04,39.34,39.04,39.34,69181
HRMY,2026-08-19 14:30:00-04:00,39.33,39.69,39.31,39.67,71614
HRMY,2026-08-19 15:30:00-04:00,39.72,39.99,39.5,39.95,231958
HRMY,2026-08-20 09:30:00-04:00,39.94,40.02,38.62,38.71,63755
HRMY,2026-08-20 10:30:00-04:00,38.56,38.82,38.35,38.615,52884
HRMY,2026-08-20 11:30:00-04:00,38.615,38.615,38.43,38.43,41630
HRMY,2026-08-20 12:30:00-04:00,38.41,38.56,38.195,38.21,31694
HRMY,2026-08-20 13:30:00-04:00,38.17,38.43,38.04,38.145,131329
HRMY,2026-08-20 14:30:00-04:00,38.17,38.61,38.06,38.305,86698
HRMY,2026-08-20 15:30:00-04:00,38.28,38.31,37.93,38.1,149832
HRMY,2026-08-21 09:30:00-04:00,38.12,38.8403,38.03,38.57,69103
HRMY,2026-08-21 10:30:00-04:00,38.585,38.71,38.3,38.47,42072
HRMY,2026-08-21 11:30:00-04:00,38.51,38.68,38.36,38.49,34055
HRMY,2026-08-21 12:30:00-04:00,38.44,38.53,38.26,38.33,19611
HRMY,2026-08-21 13:30:00-04:00,38.305,38.5,38.27,38.27,22709
HRMY,2026-08-21 14:30:00-04:00,38.29,38.34,38.145,38.22,31363
HRMY,2026-08-21 15:30:00-04:00,38.25,38.27,38.02,38.11,62407
HRMY,2026-08-24 09:30:00-04:00,38.06,38.3,37.48,38.08,65609
HRMY,2026-08-24 10:30:00-04:00,38.2,38.82,38.2,38.78,37429
HRMY,2026-08-24 11:30:00-04:00,38.775,38.93,38.7,38.78,44648
HRMY,2026-08-24 12:30:00-04:00,38.76,38.825,38.69,38.77,27398
HRMY,2026-08-24 13:30:00-04:00,38.745,38.745,38.585,38.655,33049
HRMY,2026-08-24 14:30:00-04:00,38.68,38.69,38.49,38.5428,33235
HRMY,2026-08-24 15:30:00-04:00,38.55,38.6,38.34,38.5,117623
HRMY,2026-08-25 09:30:00-04:00,38.56,39.22,38.56,38.7,29126
HRMY,2026-08-25 10:30:00-04:00,38.745,38.745,38.46,38.5,27765
HRMY,2026-08-25 11:30:00-04:00,38.49,38.52,38.34,38.47,24610
HRMY,2026-08-25 12:30:00-04:00,38.47,38.65,38.45,38.58,64282
HRMY,2026-08-25 13:30:00-04:00,38.58,38.7799,38.5,38.6528,27768
HRMY,2026-08-25 14:30:00-04:00,38.63,38.735,38.56,38.61,50423
HRMY,2026-08-25 15:30:00-04:00,38.6,38.97,38.6,38.94,74812
HRMY,2026-08-26 09:30:00-04:00,39.75,40.5,38.865,39.215,203429
HRMY,2026-08-26 10:30:00-04:00,39.205,39.65,39.17,39.4,104709
HRMY,2026-08-26 11:30:00-04:00,39.33,39.45,39.28,39.395,34969
HRMY,2026-08-26 12:30:00-04:00,39.395,39.8,39.395,39.69,35060
HRMY,2026-08-26 13:30:00-04:00,39.71,39.9,39.66,39.755,57720
HRMY,2026-08-26 14:30:00-04:00,39.72,39.84,39.63,39.65,75934
HRMY,2026-08-26 15:30:00-04:00,39.62,39.835,39.54,39.61,130122
HRMY,2026-08-27 09:30:00-04:00,39.73,40.0,39.16,39.48,74550
HRMY,2026-08-27 10:30:00-04:00,39.445,39.81,39.31,39.32,45868
HRMY,2026-08-27 11:30:00-04:00,39.36,39.6,39.34,39.54,40418
HRMY,2026-08-27 12:30:00-04:00,39.6119,39.775,39.45,39.74,41451
HRMY,2026-08-27 13:30:00-04:00,39.785,39.785,39.52,39.58,37283
HRMY,2026-08-27 14:30:00-04:00,39.55,39.82,39.5,39.81,66751
HRMY,2026-08-27 15:30:00-04:00,39.83,39.95,39.75,39.84,99474
HRMY,2026-08-28 09:30:00-04:00,39.69,39.69,39.14,39.38,48543
HRMY,2026-08-28 10:30:00-04:00,39.385,39.64,39.36,39.615,39750
HRMY,2026-08-28 11:30:00-04:00,39.59,39.62,39.225,39.3,55042
HRMY,2026-08-28 12:30:00-04:00,39.31,39.3699,39.19,39.325,38699
HRMY,2026-08-28 13:30:00-04:00,39.3,39.35,39.2,39.2,42679
HRMY,2026-08-28 14:30:00-04:00,39.18,39.28,39.17,39.22,43848
HRMY,2026-08-28 15:30:00-04:00,39.21,39.27,39.145,39.22,93827
HRMY,2026-08-31 09:30:00-04:00,38.97,39.745,38.97,39.4557,70829
HRMY,2026-08-31 10:30:00-04:00,39.42,39.64,39.23,39.495,33740
HRMY,2026-08-31 11:30:00-04:00,39.49,39.65,39.425,39.62,26927
HRMY,2026-08-31 12:30:00-04:00,39.62,39.73,39.6,39.6,29349
HRMY,2026-08-31 13:30:00-04:00,39.44,39.675,39.38,39.565,52304
HRMY,2026-08-31 14:30:00-04:00,39.52,39.675,39.29,39.515,88605
HRMY,2026-08-31 15:30:00-04:00,39.49,39.7,39.36,39.38,88413
HRMY,2026-09-01 09:30:00-04:00,39.38,40.52,39.38,40.3,109817
HRMY,2026-09-01 10:30:00-04:00,40.28,40.295,39.88,40.08,79837
HRMY,2026-09-01 11:30:00-04:00,40.11,40.11,39.95,39.965,31073
HRMY,2026-09-01 12:30:00-04:00,39.921,40.77,39.87,40.61,57327
HRMY,2026-09-01 13:30:00-04:00,40.67,40.885,40.59,40.81,61947
HRMY,2026-09-01 14:30:00-04:00,40.84,41.2,40.76,41.11,113094
HRMY,2026-09-01 15:30:00-04:00,41.08,41.49,40.94,41.25,234824
HRMY,2026-09-02 09:30:00-04:00,41.29,42.18,41.25,41.555,189686
HRMY,2026-09-02 10:30:00-04:00,41.51,41.87,41.34,41.82,167163
HRMY,2026-09-02 11:30:00-04:00,41.95,42.175,41.75,42.135,70410
HRMY,2026-09-02 12:30:00-04:00,42.16,42.66,42.03,42.52,63091
HRMY,2026-09-02 13:30:00-04:00,42.56,42.6546,42.5,42.63,45513
HRMY,2026-09-02 14:30:00-04:00,42.59,42.9125,42.555,42.75,139342
HRMY,2026-09-02 15:30:00-04:00,42.76,43.015,42.74,42.89,243413
HRMY,2026-09-03 09:30:00-04:00,42.93,43.49,42.282,42.55,164483
HRMY,2026-09-03 10:30:00-04:00,42.56,42.78,42.445,42.595,73211
HRMY,2026-09-03 11:30:00-04:00,42.58,42.75,42.445,42.59,74356
HRMY,2026-09-03 12:30:00-04:00,42.57,42.73,42.43,42.48,87651
HRMY,2026-09-03 13:30:00-04:00,42.5,42.795,42.5,42.795,110454
HRMY,2026-09-03 14:30:00-04:00,42.78,42.795,41.5206,41.525,213118
HRMY,2026-09-03 15:30:00-04:00,41.525,42.18,41.4,41.84,196092
SATL,2026-07-06 09:30:00-04:00,5.505,5.575,5.275,5.28,842022
SATL,2026-07-06 10:30:00-04:00,5.29,5.38,5.2003,5.32,499842
SATL,2026-07-06 11:30:00-04:00,5.315,5.37,5.252,5.315,299584
SATL,2026-07-06 12:30:00-04:00,5.31,5.33,5.23,5.255,230943
SATL,2026-07-06 13:30:00-04:00,5.255,5.32,5.175,5.275,494932
SATL,2026-07-06 14:30:00-04:00,5.265,5.27,5.21,5.255,299612
SATL,2026-07-06 15:30:00-04:00,5.255,5.255,5.15,5.18,754882
SATL,2026-07-07 09:30:00-04:00,5.18,5.21,4.9701,5.015,983546
SATL,2026-07-07 10:30:00-04:00,5.02,5.075,4.94,5.03,679708
SATL,2026-07-07 11:30:00-04:00,5.04,5.049,4.99,5.035,389741
SATL,2026-07-07 12:30:00-04:00,5.03,5.055,5.0,5.03,306495
SATL,2026-07-07 13:30:00-04:00,5.04,5.09,5.02,5.045,372767
SATL,2026-07-07 14:30:00-04:00,5.04,5.045,4.89,4.915,534532
SATL,2026-07-07 15:30:00-04:00,4.915,4.935,4.805,4.82,1085896
SATL,2026-07-08 09:30:00-04:00,4.75,5.11,4.75,4.995,1015071
SATL,2026-07-08 10:30:00-04:00,4.9998,5.0,4.7414,4.76,686682
SATL,2026-07-08 11:30:00-04:00,4.755,4.815,4.745,4.795,422427
SATL,2026-07-08 12:30:00-04:00,4.795,4.82,4.69,4.735,485574
SATL,2026-07-08 13:30:00-04:00,4.735,4.78,4.69,4.71,400346
SATL,2026-07-08 14:30:00-04:00,4.715,4.74,4.675,4.7386,548492
SATL,2026-07-08 15:30:00-04:00,4.735,4.755,4.67,4.735,818731
SATL,2026-07-09 09:30:00-04:00,4.73,4.77,4.53,4.615,845779
SATL,2026-07-09 10:30:00-04:00,4.615,4.65,4.6,4.625,817735
SATL,2026-07-09 11:30:00-04:00,4.625,4.645,4.57,4.58,432631
SATL,2026-07-09 12:30:00-04:00,4.575,4.625,4.565,4.615,609630
SATL,2026-07-09 13:30:00-04:00,4.615,4.68,4.6,4.665,443945
SATL,2026-07-09 14:30:00-04:00,4.665,4.6787,4.63,4.6401,372966
SATL,2026-07-09 15:30:00-04:00,4.64,4.64,4.575,4.605,638100
SATL,2026-07-10 09:30:00-04:00,4.61,4.63,4.28,4.4,1705576
SATL,2026-07-10 10:30:00-04:00,4.39,4.45,4.34,4.395,432430
SATL,2026-07-10 11:30:00-04:00,4.3999,4.46,4.385,4.455,545127
SATL,2026-07-10 12:30:00-04:00,4.45,4.5,4.44,4.455,297580
SATL,2026-07-10 13:30:00-04:00,4.455,4.495,4.44,4.445,264498
SATL,2026-07-10 14:30:00-04:00,4.445,4.475,4.44,4.4571,304340
SATL,2026-07-10 15:30:00-04:00,4.455,4.56,4.455,4.52,540691
SATL,2026-07-13 09:30:00-04:00,4.54,4.57,4.34,4.47,763463
SATL,2026-07-13 10:30:00-04:00,4.47,4.5,4.41,4.445,313746
SATL,2026-07-13 11:30:00-04:00,4.445,4.47,4.37,4.39,279210
SATL,2026-07-13 12:30:00-04:00,4.385,4.445,4.35,4.365,367279
SATL,2026-07-13 13:30:00-04:00,4.365,4.41,4.35,4.36,295798
SATL,2026-07-13 14:30:00-04:00,4.36,4.38,4.295,4.3123,356691
SATL,2026-07-13 15:30:00-04:00,4.32,4.36,4.31,4.335,392650
SATL,2026-07-14 09:30:00-04:00,4.52,4.65,4.44,4.45,916937
SATL,2026-07-14 10:30:00-04:00,4.451,4.54,4.425,4.505,362095
SATL,2026-07-14 11:30:00-04:00,4.505,4.525,4.45,4.48,255513
SATL,2026-07-14 12:30:00-04:00,4.4701,4.485,4.36,4.39,204686
SATL,2026-07-14 13:30:00-04:00,4.395,4.4,4.35,4.36,182043
SATL,2026-07-14 14:30:00-04:00,4.36,4.375,4.31,4.31,304298
SATL,2026-07-14 15:30:00-04:00,4.315,4.352,4.28,4.295,532706
SATL,2026-07-15 09:30:00-04:00,4.27,4.45,4.16,4.195,810270
SATL,2026-07-15 10:30:00-04:00,4.2,4.23,4.02,4.065,795015
SATL,2026-07-15 11:30:00-04:00,4.07,4.0786,3.98,3.995,676582
SATL,2026-07-15 12:30:00-04:00,4.0,4.02,3.96,4.005,572196
SATL,2026-07-15 13:30:00-04:00,4.005,4.05,4.0,4.0302,385939
SATL,2026-07-15 14:30:00-04:00,4.0307,4.04,3.92,3.938,432278
SATL,2026-07-15 15:30:00-04:00,3.935,3.98,3.935,3.945,397787
SATL,2026-07-16 09:30:00-04:00,3.89,3.91,3.68,3.705,1627691
SATL,2026-07-16 10:30:00-04:00,3.695,3.7,3.63,3.665,727874
SATL,2026-07-16 11:30:00-04:00,3.662,3.96,3.5601,3.61,883545
SATL,2026-07-16 12:30:00-04:00,3.615,3.64,3.57,3.63,542109
SATL,2026-07-16 13:30:00-04:00,3.63,3.63,3.57,3.58,473172
SATL,2026-07-16 14:30:00-04:00,3.58,3.635,3.55,3.625,645150
SATL,2026-07-16 15:30:00-04:00,3.63,3.665,3.545,3.56,968934
SATL,2026-07-17 09:30:00-04:00,3.49,3.76,3.465,3.715,1616784
SATL,2026-07-17 10:30:00-04:00,3.715,3.755,3.675,3.755,710252
SATL,2026-07-17 11:30:00-04:00,3.75,3.97,3.745,3.9,1058494
SATL,2026-07-17 12:30:00-04:00,3.89,3.98,3.8527,3.97,776174
SATL,2026-07-17 13:30:00-04:00,3.98,3.99,3.8701,3.885,516460
SATL,2026-07-17 14:30:00-04:00,3.885,3.9,3.82,3.84,589574
SATL,2026-07-17 15:30:00-04:00,3.84,3.87,3.81,3.815,815139
SATL,2026-07-20 09:30:00-04:00,3.88,3.94,3.54,3.5987,1614859
SATL,2026-07-20 10:30:00-04:00,3.595,3.64,3.555,3.575,962741
SATL,2026-07-20 11:30:00-04:00,3.57,3.65,3.57,3.6,582383
SATL,2026-07-20 12:30:00-04:00,3.61,3.6298,3.57,3.615,528771
SATL,2026-07-20 13:30:00-04:00,3.6139,3.73,3.6002,3.685,720519
SATL,2026-07-20 14:30:00-04:00,3.68,3.68,3.59,3.605,445232
SATL,2026-07-20 15:30:00-04:00,3.605,3.61,3.545,3.565,1054769
SATL,2026-07-21 09:30:00-04:00,3.62,3.82,3.58,3.775,1261975
SATL,2026-07-21 10:30:00-04:00,3.7764,3.86,3.77,3.845,458659
SATL,2026-07-21 11:30:00-04:00,3.84,3.89,3.82,3.875,596060
SATL,2026-07-21 12:30:00-04:00,3.875,3.905,3.8501,3.885,521770
SATL,2026-07-21 13:30:00-04:00,3.89,3.94,3.85,3.86,835990
SATL,2026-07-21 14:30:00-04:00,3.86,3.8798,3.81,3.83,349629
SATL,2026-07-21 15:30:00-04:00,3.835,3.93,3.83,3.9,536080
SATL,2026-07-22 09:30:00-04:00,3.84,3.96,3.78,3.84,1012052
SATL,2026-07-22 10:30:00-04:00,3.85,3.92,3.81,3.891,413759
SATL,2026-07-22 11:30:00-04:00,3.8914,3.9,3.845,3.85,250936
SATL,2026-07-22 12:30:00-04:00,3.8537,3.86,3.81,3.835,199254
SATL,2026-07-22 13:30:00-04:00,3.835,3.84,3.73,3.74,432125
SATL,2026-07-22 14:30:00-04:00,3.74,3.76,3.72,3.755,316282
SATL,2026-07-22 15:30:00-04:00,3.755,3.765,3.735,3.755,432058
SATL,2026-07-23 09:30:00-04:00,3.74,3.88,3.73,3.795,612600
SATL,2026-07-23 10:30:00-04:00,3.795,3.81,3.68,3.695,333639
SATL,2026-07-23 11:30:00-04:00,3.69,3.79,3.69,3.7886,405023
SATL,2026-07-23 12:30:00-04:00,3.79,3.795,3.75,3.785,165943
SATL,2026-07-23 13:30:00-04:00,3.785,3.785,3.75,3.77,201043
SATL,2026-07-23 14:30:00-04:00,3.765,3.79,3.75,3.77,289026
SATL,2026-07-23 15:30:00-04:00,3.77,3.815,3.75,3.81,435533
SATL,2026-07-24 09:30:00-04:00,3.8,3.8,3.555,3.59,520201
SATL,2026-07-24 10:30:00-04:00,3.59,3.62,3.5403,3.61,679467
SATL,2026-07-24 11:30:00-04:00,3.605,3.63,3.58,3.605,278929
SATL,2026-07-24 12:30:00-04:00,3.605,3.645,3.58,3.635,228698
SATL,2026-07-24 13:30:00-04:00,3.6301,3.645,3.6,3.62,166090
SATL,2026-07-24 14:30:00-04:00,3.6156,3.62,3.56,3.58,260533
SATL,2026-07-24 15:30:00-04:00,3.575,3.605,3.57,3.585,465541
SATL,2026-07-27 09:30:00-04:00,3.59,3.75,3.515,3.5202,751450
SATL,2026-07-27 10:30:00-04:00,3.525,3.525,3.45,3.46,730630
SATL,2026-07-27 11:30:00-04:00,3.4501,3.5,3.4101,3.488,514048
SATL,2026-07-27 12:30:00-04:00,3.49,3.5021,3.425,3.425,329460
SATL,2026-07-27 13:30:00-04:00,3.425,3.465,3.42,3.445,245689
SATL,2026-07-27 14:30:00-04:00,3.445,3.525,3.415,3.525,575757
SATL,2026-07-27 15:30:00-04:00,3.525,3.55,3.49,3.525,882201
SATL,2026-07-28 09:30:00-04:00,3.44,3.44,3.295,3.335,1784299
SATL,2026-07-28 10:30:00-04:00,3.335,3.5,3.3,3.495,704369
SATL,2026-07-28 11:30:00-04:00,3.495,3.56,3.48,3.525,583646
SATL,2026-07-28 12:30:00-04:00,3.52,3.565,3.51,3.515,187732
SATL,2026-07-28 13:30:00-04:00,3.51,3.52,3.45,3.455,194253
SATL,2026-07-28 14:30:00-04:00,3.455,3.51,3.455,3.505,225071
SATL,2026-07-28 15:30:00-04:00,3.5099,3.54,3.47,3.54,660560
SATL,2026-07-29 09:30:00-04:00,3.5,3.54,3.345,3.345,824054
SATL,2026-07-29 10:30:00-04:00,3.35,3.38,3.32,3.34,410487
SATL,2026-07-29 11:30:00-04:00,3.3399,3.35,3.28,3.305,428313
SATL,2026-07-29 12:30:00-04:00,3.305,3.375,3.29,3.35,454640
SATL,2026-07-29 13:30:00-04:00,3.355,3.415,3.325,3.36,405761
SATL,2026-07-29 14:30:00-04:00,3.37,3.49,3.345,3.385,428413
SATL,2026-07-29 15:30:00-04:00,3.39,3.4,3.28,3.31,515386
SATL,2026-07-30 09:30:00-04:00,3.5,3.57,3.42,3.545,920678
SATL,2026-07-30 10:30:00-04:00,3.55,3.555,3.458,3.475,509499
SATL,2026-07-30 11:30:00-04:00,3.48,3.52,3.46,3.51,253959
SATL,2026-07-30 12:30:00-04:00,3.505,3.505,3.44,3.475,247933
SATL,2026-07-30 13:30:00-04:00,3.48,3.48,3.41,3.425,285768
SATL,2026-07-30 14:30:00-04:00,3.425,3.475,3.42,3.4501,363537
SATL,2026-07-30 15:30:00-04:00,3.45,3.5,3.45,3.485,706909
SATL,2026-07-31 09:30:00-04:00,3.72,3.72,3.485,3.53,1155974
SATL,2026-07-31 10:30:00-04:00,3.53,3.6,3.52,3.535,281448
SATL,2026-07-31 11:30:00-04:00,3.535,3.55,3.49,3.54,336540
SATL,2026-07-31 12:30:00-04:00,3.54,3.58,3.515,3.565,259063
SATL,2026-07-31 13:30:00-04:00,3.56,3.59,3.53,3.57,219119
SATL,2026-07-31 14:30:00-04:00,3.575,3.645,3.56,3.635,380098
SATL,2026-07-31 15:30:00-04:00,3.635,3.6464,3.57,3.575,566426
SATL,2026-08-03 09:30:00-04:00,3.55,3.83,3.48,3.815,1256481
SATL,2026-08-03 10:30:00-04:00,3.815,3.9,3.8,3.82,499853
SATL,2026-08-03 11:30:00-04:00,3.81,3.89,3.8,3.885,275252
SATL,2026-08-03 12:30:00-04:00,3.885,3.925,3.865,3.905,732104
SATL,2026-08-03 13:30:00-04:00,3.9,3.94,3.9,3.915,389358
SATL,2026-08-03 14:30:00-04:00,3.92,3.97,3.895,3.95,687602
SATL,2026-08-03 15:30:00-04:00,3.955,3.98,3.92,3.96,774849
SATL,2026-08-04 09:30:00-04:00,4.24,4.36,4.1688,4.345,1888898
SATL,2026-08-04 10:30:00-04:00,4.345,4.46,4.32,4.44,858187
SATL,2026-08-04 11:30:00-04:00,4.44,4.46,4.37,4.43,921011
SATL,2026-08-04 12:30:00-04:00,4.43,4.525,4.4,4.495,747376
SATL,2026-08-04 13:30:00-04:00,4.495,4.52,4.45,4.4999,431698
SATL,2026-08-04 14:30:00-04:00,4.495,4.52,4.45,4.495,418729
SATL,2026-08-04 15:30:00-04:00,4.5,4.56,4.47,4.495,834286
SATL,2026-08-05 09:30:00-04:00,4.41,4.45,4.25,4.36,1666564
SATL,2026-08-05 10:30:00-04:00,4.355,4.385,4.31,4.37,574382
SATL,2026-08-05 11:30:00-04:00,4.37,4.455,4.35,4.44,558542
SATL,2026-08-05 12:30:00-04:00,4.435,4.4798,4.375,4.47,831760
SATL,2026-08-05 13:30:00-04:00,4.465,4.83,4.445,4.705,2665442
SATL,2026-08-05 14:30:00-04:00,4.705,4.725,4.63,4.72,2223802
SATL,2026-08-05 15:30:00-04:00,4.72,4.825,4.655,4.815,3387718
SATL,2026-08-06 09:30:00-04:00,4.77,5.33,4.65,5.305,4968912
SATL,2026-08-06 10:30:00-04:00,5.315,5.332,5.135,5.145,1624883
SATL,2026-08-06 11:30:00-04:00,5.155,5.16,5.045,5.07,889294
SATL,2026-08-06 12:30:00-04:00,5.06,5.19,5.06,5.12,693572
SATL,2026-08-06 13:30:00-04:00,5.12,5.156,5.0201,5.11,872916
SATL,2026-08-06 14:30:00-04:00,5.1103,5.21,5.08,5.125,874732
SATL,2026-08-06 15:30:00-04:00,5.13,5.135,5.02,5.03,1244724
SATL,2026-08-07 09:30:00-04:00,5.37,5.495,5.145,5.46,2019441
SATL,2026-08-07 10:30:00-04:00,5.445,5.445,5.215,5.42,1008735
SATL,2026-08-07 11:30:00-04:00,5.42,5.58,5.42,5.535,1233677
SATL,2026-08-07 12:30:00-04:00,5.54,5.57,5.47,5.4701,655027
SATL,2026-08-07 13:30:00-04:00,5.475,5.485,5.41,5.425,466887
SATL,2026-08-07 14:30:00-04:00,5.42,5.48,5.38,5.438,476991
SATL,2026-08-07 15:30:00-04:00,5.435,5.55,5.405,5.52,783904
SATL,2026-08-10 09:30:00-04:00,5.62,5.945,5.58,5.635,2144372
SATL,2026-08-10 10:30:00-04:00,5.635,5.7299,5.51,5.5397,1201638
SATL,2026-08-10 11:30:00-04:00,5.535,5.575,5.43,5.445,1252840
SATL,2026-08-10 12:30:00-04:00,5.445,5.465,5.37,5.395,1089522
SATL,2026-08-10 13:30:00-04:00,5.4,5.42,5.345,5.3501,696549
SATL,2026-08-10 14:30:00-04:00,5.35,5.39,5.28,5.33,1323578
SATL,2026-08-10 15:30:00-04:00,5.335,5.4,5.305,5.33,847329
SATL,2026-08-11 09:30:00-04:00,5.26,5.422,5.15,5.422,1152654
SATL,2026-08-11 10:30:00-04:00,5.42,5.595,5.37,5.44,1072452
SATL,2026-08-11 11:30:00-04:00,5.435,5.555,5.435,5.51,389440
SATL,2026-08-11 12:30:00-04:00,5.51,5.8,5.51,5.695,1218864
SATL,2026-08-11 13:30:00-04:00,5.695,5.715,5.635,5.678,778589
SATL,2026-08-11 14:30:00-04:00,5.678,5.76,5.67,5.68,756215
SATL,2026-08-11 15:30:00-04:00,5.685,5.775,5.645,5.745,961704
SATL,2026-08-12 09:30:00-04:00,5.75,5.955,5.685,5.865,1566477
SATL,2026-08-12 10:30:00-04:00,5.86,5.9,5.815,5.865,694375
SATL,2026-08-12 11:30:00-04:00,5.865,5.875,5.8,5.835,623114
SATL,2026-08-12 12:30:00-04:00,5.835,5.9299,5.815,5.885,530744
SATL,2026-08-12 13:30:00-04:00,5.89,5.965,5.855,5.885,507741
SATL,2026-08-12 14:30:00-04:00,5.885,5.97,5.8,5.965,707964
SATL,2026-08-12 15:30:00-04:00,5.965,5.98,5.89,5.97,1263103
SATL,2026-08-13 09:30:00-04:00,5.88,6.025,5.8,5.955,1225591
SATL,2026-08-13 10:30:00-04:00,5.955,5.955,5.74,5.805,702908
SATL,2026-08-13 11:30:00-04:00,5.805,5.88,5.74,5.775,470860
SATL,2026-08-13 12:30:00-04:00,5.775,5.825,5.73,5.79,455872
SATL,2026-08-13 13:30:00-04:00,5.795,5.91,5.775,5.8991,456947
SATL,2026-08-13 14:30:00-04:00,5.895,5.955,5.885,5.89,473986
SATL,2026-08-13 15:30:00-04:00,5.88,5.93,5.855,5.895,567339
SATL,2026-08-14 09:30:00-04:00,5.98,6.2096,5.74,6.0301,2115421
SATL,2026-08-14 10:30:00-04:00,6.035,6.035,5.765,5.775,842599
SATL,2026-08-14 11:30:00-04:00,5.775,5.865,5.61,5.83,1058415
SATL,2026-08-14 12:30:00-04:00,5.835,5.88,5.75,5.86,475611
SATL,2026-08-14 13:30:00-04:00,5.865,5.885,5.78,5.785,362946
SATL,2026-08-14 14:30:00-04:00,5.78,5.78,5.715,5.765,567373
SATL,2026-08-14 15:30:00-04:00,5.765,5.825,5.745,5.795,619177
SATL,2026-08-17 09:30:00-04:00,5.81,6.035,5.73,5.955,868457
SATL,2026-08-17 10:30:00-04:00,5.95,5.9599,5.82,5.82,393913
SATL,2026-08-17 11:30:00-04:00,5.825,5.945,5.82,5.935,294488
SATL,2026-08-17 12:30:00-04:00,5.935,6.01,5.915,5.915,401942
SATL,2026-08-17 13:30:00-04:00,5.915,5.9399,5.85,5.8669,325934
SATL,2026-08-17 14:30:00-04:00,5.865,5.935,5.865,5.8876,308525
SATL,2026-08-17 15:30:00-04:00,5.89,5.945,5.785,5.82,579381
SATL,2026-08-18 09:30:00-04:00,5.5,5.8676,5.43,5.675,1298206
SATL,2026-08-18 10:30:00-04:00,5.67,5.87,5.61,5.865,680185
SATL,2026-08-18 11:30:00-04:00,5.8699,5.945,5.795,5.87,583701
SATL,2026-08-18 12:30:00-04:00,5.87,5.95,5.87,5.915,643629
SATL,2026-08-18 13:30:00-04:00,5.91,5.925,5.87,5.885,521781
SATL,2026-08-18 14:30:00-04:00,5.89,5.9,5.71,5.77,860344
SATL,2026-08-18 15:30:00-04:00,5.77,5.785,5.73,5.745,430177
SATL,2026-08-19 09:30:00-04:00,5.82,5.83,5.36,5.605,1401284
SATL,2026-08-19 10:30:00-04:00,5.61,5.76,5.52,5.595,614110
SATL,2026-08-19 11:30:00-04:00,5.595,5.64,5.54,5.625,231089
SATL,2026-08-19 12:30:00-04:00,5.63,5.64,5.565,5.59,282641
SATL,2026-08-19 13:30:00-04:00,5.585,5.61,5.53,5.535,344393
SATL,2026-08-19 14:30:00-04:00,5.5323,5.595,5.515,5.568,422057
SATL,2026-08-19 15:30:00-04:00,5.57,5.59,5.52,5.53,614820
SATL,2026-08-20 09:30:00-04:00,5.43,5.43,5.23,5.26,1157738
SATL,2026-08-20 10:30:00-04:00,5.2686,5.3018,5.18,5.205,424005
SATL,2026-08-20 11:30:00-04:00,5.2044,5.22,5.165,5.205,317273
SATL,2026-08-20 12:30:00-04:00,5.195,5.255,5.18,5.215,326094
SATL,2026-08-20 13:30:00-04:00,5.215,5.31,5.205,5.255,318071
SATL,2026-08-20 14:30:00-04:00,5.255,5.275,5.22,5.26,354628
SATL,2026-08-20 15:30:00-04:00,5.265,5.331,5.26,5.305,751463
SATL,2026-08-21 09:30:00-04:00,5.45,5.73,5.4419,5.54,1397489
SATL,2026-08-21 10:30:00-04:00,5.55,5.735,5.5,5.665,442400
SATL,2026-08-21 11:30:00-04:00,5.66,5.78,5.66,5.725,591016
SATL,2026-08-21 12:30:00-04:00,5.725,5.745,5.6221,5.68,345242
SATL,2026-08-21 13:30:00-04:00,5.68,5.775,5.655,5.67,511197
SATL,2026-08-21 14:30:00-04:00,5.675,5.71,5.65,5.675,351149
SATL,2026-08-21 15:30:00-04:00,5.67,5.72,5.66,5.71,652193
SATL,2026-08-24 09:30:00-04:00,5.57,5.57,5.31,5.4624,1000501
SATL,2026-08-24 10:30:00-04:00,5.465,5.525,5.37,5.425,604199
SATL,2026-08-24 11:30:00-04:00,5.42,5.455,5.365,5.385,282895
SATL,2026-08-24 12:30:00-04:00,5.385,5.445,5.365,5.42,234410
SATL,2026-08-24 13:30:00-04:00,5.415,5.44,5.38,5.43,163361
SATL,2026-08-24 14:30:00-04:00,5.435,5.435,5.34,5.36,323689
SATL,2026-08-24 15:30:00-04:00,5.3593,5.3593,5.26,5.275,897868
SATL,2026-08-25 09:30:00-04:00,5.33,5.3993,5.2105,5.285,730125
SATL,2026-08-25 10:30:00-04:00,5.28,5.485,5.245,5.41,596362
SATL,2026-08-25 11:30:00-04:00,5.41,5.4406,5.33,5.345,616893
SATL,2026-08-25 12:30:00-04:00,5.345,5.4,5.3,5.37,485000
SATL,2026-08-25 13:30:00-04:00,5.36,5.435,5.28,5.4101,258442
SATL,2026-08-25 14:30:00-04:00,5.4114,5.42,5.265,5.305,345078
SATL,2026-08-25 15:30:00-04:00,5.305,5.36,5.285,5.36,1122279
SATL,2026-08-26 09:30:00-04:00,5.4,5.57,5.18,5.185,1512491
SATL,2026-08-26 10:30:00-04:00,5.185,5.3088,5.13,5.18,640947
SATL,2026-08-26 11:30:00-04:00,5.175,5.21,5.155,5.18,256183
SATL,2026-08-26 12:30:00-04:00,5.175,5.225,5.135,5.225,419273
SATL,2026-08-26 13:30:00-04:00,5.225,5.225,5.14,5.14,283667
SATL,2026-08-26 14:30:00-04:00,5.145,5.19,5.102,5.175,464395
SATL,2026-08-26 15:30:00-04:00,5.175,5.215,5.12,5.12,831955
SATL,2026-08-27 09:30:00-04:00,5.19,5.43,5.18,5.36,801671
SATL,2026-08-27 10:30:00-04:00,5.36,5.375,5.3,5.35,388440
SATL,2026-08-27 11:30:00-04:00,5.3577,5.38,5.28,5.29,269996
SATL,2026-08-27 12:30:00-04:00,5.285,5.375,5.28,5.335,255588
SATL,2026-08-27 13:30:00-04:00,5.335,5.36,5.2933,5.34,220348
SATL,2026-08-27 14:30:00-04:00,5.34,5.36,5.272,5.295,218795
SATL,2026-08-27 15:30:00-04:00,5.295,5.32,5.275,5.295,235031
SATL,2026-08-28 09:30:00-04:00,5.23,5.252,5.035,5.075,820762
SATL,2026-08-28 10:30:00-04:00,5.085,5.105,5.0301,5.05,310149
SATL,2026-08-28 11:30:00-04:00,5.05,5.05,4.94,4.945,685664
SATL,2026-08-28 12:30:00-04:00,4.95,4.995,4.945,4.965,318334
SATL,2026-08-28 13:30:00-04:00,4.965,4.9899,4.91,4.915,385748
SATL,2026-08-28 14:30:00-04:00,4.91,4.915,4.825,4.88,533544
SATL,2026-08-28 15:30:00-04:00,4.885,4.885,4.83,4.83,750917
SATL,2026-08-31 09:30:00-04:00,4.81,4.9,4.77,4.83,602898
SATL,2026-08-31 10:30:00-04:00,4.82,4.86,4.8,4.825,238455
SATL,2026-08-31 11:30:00-04:00,4.82,4.835,4.79,4.805,211472
SATL,2026-08-31 12:30:00-04:00,4.805,4.83,4.79,4.798,153511
SATL,2026-08-31 13:30:00-04:00,4.795,4.825,4.79,4.81,144794
SATL,2026-08-31 14:30:00-04:00,4.81,4.835,4.785,4.83,247892
SATL,2026-08-31 15:30:00-04:00,4.825,4.89,4.8,4.885,525516
SATL,2026-09-01 09:30:00-04:00,4.73,4.81,4.63,4.645,620623
SATL,2026-09-01 10:30:00-04:00,4.645,4.68,4.6,4.62,279793
SATL,2026-09-01 11:30:00-04:00,4.615,4.665,4.61,4.63,284317
SATL,2026-09-01 12:30:00-04:00,4.625,4.65,4.61,4.645,145007
SATL,2026-09-01 13:30:00-04:00,4.65,4.655,4.61,4.615,247799
SATL,2026-09-01 14:30:00-04:00,4.615,4.64,4.58,4.64,360125
SATL,2026-09-01 15:30:00-04:00,4.635,4.645,4.6,4.61,541753
SATL,2026-09-02 09:30:00-04:00,4.59,4.81,4.58,4.7986,715046
SATL,2026-09-02 10:30:00-04:00,4.8,4.8,4.645,4.665,441532
SATL,2026-09-02 11:30:00-04:00,4.665,4.69,4.65,4.655,214290
SATL,2026-09-02 12:30:00-04:00,4.655,4.675,4.64,4.65,187552
SATL,2026-09-02 13:30:00-04:00,4.65,4.76,4.645,4.755,237809
SATL,2026-09-02 14:30:00-04:00,4.75,4.805,4.7301,4.765,450208
SATL,2026-09-02 15:30:00-04:00,4.765,4.765,4.695,4.75,674152
SATL,2026-09-03 09:30:00-04:00,4.84,4.975,4.665,4.665,919552
SATL,2026-09-03 10:30:00-04:00,4.66,4.7,4.62,4.665,535825
SATL,2026-09-03 11:30:00-04:00,4.665,4.665,4.53,4.5699,377785
SATL,2026-09-03 12:30:00-04:00,4.57,4.58,4.53,4.5565,194596
SATL,2026-09-03 13:30:00-04:00,4.555,4.605,4.53,4.55,395985
SATL,2026-09-03 14:30:00-04:00,4.545,4.63,4.5,4.625,412846
SATL,2026-09-03 15:30:00-04:00,4.625,4.695,4.61,4.625,666386
WYFI,2026-07-06 09:30:00-04:00,31.88,36.3,31.6634,35.6117,894771
WYFI,2026-07-06 10:30:00-04:00,35.795,36.25,34.89,35.1344,210490
WYFI,2026-07-06 11:30:00-04:00,35.035,36.09,34.77,35.62,180769
WYFI,2026-07-06 12:30:00-04:00,35.63,35.84,34.69,34.73,103087
WYFI,2026-07-06 13:30:00-04:00,34.73,35.8,34.14,35.01,292993
WYFI,2026-07-06 14:30:00-04:00,34.94,35.63,34.635,35.505,143738
WYFI,2026-07-06 15:30:00-04:00,35.505,35.69,35.005,35.51,216874
WYFI,2026-07-07 09:30:00-04:00,33.9,35.99,32.0,32.405,632054
WYFI,2026-07-07 10:30:00-04:00,32.46,35.0,32.06,34.34,610400
WYFI,2026-07-07 11:30:00-04:00,34.49,35.12,33.66,35.095,176990
WYFI,2026-07-07 12:30:00-04:00,35.095,35.17,33.86,34.8,114462
WYFI,2026-07-07 13:30:00-04:00,34.93,35.0,33.76,33.85,98599
WYFI,2026-07-07 14:30:00-04:00,33.845,34.36,32.66,33.685,366628
WYFI,2026-07-07 15:30:00-04:00,33.685,33.87,33.18,33.36,232339
WYFI,2026-07-08 09:30:00-04:00,32.56,37.2,32.5,35.468,904352
WYFI,2026-07-08 10:30:00-04:00,35.35,36.65,34.62,36.26,616062
WYFI,2026-07-08 11:30:00-04:00,36.42,36.91,34.62,36.31,439130
WYFI,2026-07-08 12:30:00-04:00,36.45,37.1364,35.01,37.05,396365
WYFI,2026-07-08 13:30:00-04:00,37.05,37.5,36.0,36.62,392199
WYFI,2026-07-08 14:30:00-04:00,36.67,37.4599,35.94,37.2601,315343
WYFI,2026-07-08 15:30:00-04:00,37.26,37.5999,36.22,36.74,442560
WYFI,2026-07-09 09:30:00-04:00,38.44,38.9999,35.55,36.94,1163307
WYFI,2026-07-09 10:30:00-04:00,37.0795,40.115,36.69,39.785,712863
WYFI,2026-07-09 11:30:00-04:00,39.85,40.01,38.7501,39.27,447960
WYFI,2026-07-09 12:30:00-04:00,39.11,40.05,38.6501,39.9099,478363
WYFI,2026-07-09 13:30:00-04:00,39.875,40.35,39.031,39.41,317411
WYFI,2026-07-09 14:30:00-04:00,39.5099,40.75,38.86,38.89,452703
WYFI,2026-07-09 15:30:00-04:00,38.89,39.08,38.25,38.83,320722
WYFI,2026-07-10 09:30:00-04:00,38.89,39.45,35.71,36.27,1452429
WYFI,2026-07-10 10:30:00-04:00,36.23,38.675,35.8205,38.675,708192
WYFI,2026-07-10 11:30:00-04:00,38.72,38.72,37.79,38.42,264742
WYFI,2026-07-10 12:30:00-04:00,38.315,39.75,38.2,39.06,444613
WYFI,2026-07-10 13:30:00-04:00,39.07,39.3157,38.558,38.975,148767
WYFI,2026-07-10 14:30:00-04:00,39.0,39.11,37.5108,37.63,287858
WYFI,2026-07-10 15:30:00-04:00,37.635,38.64,37.63,38.55,249764
WYFI,2026-07-13 09:30:00-04:00,37.3,38.825,36.02,37.7595,902994
WYFI,2026-07-13 10:30:00-04:00,37.635,39.05,37.402,37.9169,470046
WYFI,2026-07-13 11:30:00-04:00,37.9,38.58,35.91,36.14,437309
WYFI,2026-07-13 12:30:00-04:00,36.1872,36.4299,34.6,35.9113,646868
WYFI,2026-07-13 13:30:00-04:00,35.92,36.32,35.54,35.885,328311
WYFI,2026-07-13 14:30:00-04:00,35.885,36.44,35.68,36.06,284447
WYFI,2026-07-13 15:30:00-04:00,36.06,36.43,35.905,36.2701,446244
WYFI,2026-07-14 09:30:00-04:00,38.3,39.09,32.52,32.755,1725545
WYFI,2026-07-14 10:30:00-04:00,32.71,33.69,32.41,33.3968,865388
WYFI,2026-07-14 11:30:00-04:00,33.39,34.08,31.5,31.67,906888
WYFI,2026-07-14 12:30:00-04:00,31.685,32.38,31.0,32.2533,1121881
WYFI,2026-07-14 13:30:00-04:00,32.24,32.56,31.91,32.05,450536
WYFI,2026-07-14 14:30:00-04:00,32.12,32.23,31.41,31.45,352470
WYFI,2026-07-14 15:30:00-04:00,31.44,31.52,30.6205,31.15,673706
WYFI,2026-07-15 09:30:00-04:00,31.72,31.72,28.91,29.0301,1052177
WYFI,2026-07-15 10:30:00-04:00,29.0301,30.04,28.67,29.0,667026
WYFI,2026-07-15 11:30:00-04:00,29.005,29.23,27.5714,27.89,589538
WYFI,2026-07-15 12:30:00-04:00,27.93,29.3694,27.57,29.16,470017
WYFI,2026-07-15 13:30:00-04:00,29.145,30.295,29.0,30.13,390291
WYFI,2026-07-15 14:30:00-04:00,30.195,30.535,29.08,29.32,271114
WYFI,2026-07-15 15:30:00-04:00,29.31,29.74,29.13,29.15,251131
WYFI,2026-07-16 09:30:00-04:00,27.7205,28.7338,26.75,27.05,800368
WYFI,2026-07-16 10:30:00-04:00,26.9801,27.18,26.4,26.68,420086
WYFI,2026-07-16 11:30:00-04:00,26.65,29.18,25.8301,26.06,325251
WYFI,2026-07-16 12:30:00-04:00,26.1,26.43,25.83,26.095,315574
WYFI,2026-07-16 13:30:00-04:00,26.095,26.435,25.68,26.29,276247
WYFI,2026-07-16 14:30:00-04:00,26.3,26.39,25.83,25.9701,261317
WYFI,2026-07-16 15:30:00-04:00,26.025,26.04,25.5604,25.8,347877
WYFI,2026-07-17 09:30:00-04:00,24.8,25.72,23.8,24.86,789156
WYFI,2026-07-17 10:30:00-04:00,24.8,26.235,24.6016,25.78,334962
WYFI,2026-07-17 11:30:00-04:00,25.78,26.5,25.51,26.1399,271907
WYFI,2026-07-17 12:30:00-04:00,26.09,26.7115,25.94,26.54,252053
WYFI,2026-07-17 13:30:00-04:00,26.56,26.57,25.68,25.76,160433
WYFI,2026-07-17 14:30:00-04:00,25.7899,25.9538,25.2605,25.45,209538
WYFI,2026-07-17 15:30:00-04:00,25.51,25.675,25.15,25.16,289795
WYFI,2026-07-20 09:30:00-04:00,26.3,27.6,26.3,27.3195,723223
WYFI,2026-07-20 10:30:00-04:00,27.28,27.31,26.66,26.72,162990
WYFI,2026-07-20 11:30:00-04:00,26.82,27.02,26.5,26.88,167336
WYFI,2026-07-20 12:30:00-04:00,26.87,27.925,26.865,27.89,266523
WYFI,2026-07-20 13:30:00-04:00,27.8768,28.65,27.705,28.285,300045
WYFI,2026-07-20 14:30:00-04:00,28.28,28.37,27.53,27.775,209140
WYFI,2026-07-20 15:30:00-04:00,27.775,27.8395,26.99,27.11,260953
WYFI,2026-07-21 09:30:00-04:00,27.17,28.3757,25.56,26.72,1057430
WYFI,2026-07-21 10:30:00-04:00,26.7299,27.8955,26.67,27.65,426667
WYFI,2026-07-21 11:30:00-04:00,27.67,27.75,27.235,27.55,232041
WYFI,2026-07-21 12:30:00-04:00,27.5,28.27,27.43,27.9,265025
WYFI,2026-07-21 13:30:00-04:00,27.885,27.985,27.53,27.725,145009
WYFI,2026-07-21 14:30:00-04:00,27.68,27.7178,26.67,26.86,313522
WYFI,2026-07-21 15:30:00-04:00,26.84,27.62,26.8105,27.57,165656
WYFI,2026-07-22 09:30:00-04:00,26.91,28.9,26.33,28.3405,419190
WYFI,2026-07-22 10:30:00-04:00,28.27,28.78,27.91,28.55,236731
WYFI,2026-07-22 11:30:00-04:00,28.5,28.63,27.845,28.0399,101449
WYFI,2026-07-22 12:30:00-04:00,28.01,28.03,27.4105,27.69,134123
WYFI,2026-07-22 13:30:00-04:00,27.69,27.745,27.135,27.24,135040
WYFI,2026-07-22 14:30:00-04:00,27.16,28.53,26.912,28.13,477682
WYFI,2026-07-22 15:30:00-04:00,28.1,28.18,27.82,27.84,225342
WYFI,2026-07-23 09:30:00-04:00,27.4,29.7,27.2,28.445,579442
WYFI,2026-07-23 10:30:00-04:00,28.5286,28.539,26.5101,26.655,385456
WYFI,2026-07-23 11:30:00-04:00,26.645,27.35,26.64,27.22,198064
WYFI,2026-07-23 12:30:00-04:00,27.24,27.3999,26.8105,27.38,158205
WYFI,2026-07-23 13:30:00-04:00,27.34,28.16,27.22,27.34,185855
WYFI,2026-07-23 14:30:00-04:00,27.35,27.475,26.82,27.15,127026
WYFI,2026-07-23 15:30:00-04:00,27.22,27.355,26.96,27.17,151104
WYFI,2026-07-24 09:30:00-04:00,26.9,27.0,24.01,24.63,600585
WYFI,2026-07-24 10:30:00-04:00,24.7099,24.98,24.06,24.89,268727
WYFI,2026-07-24 11:30:00-04:00,24.825,25.64,24.79,25.35,241492
WYFI,2026-07-24 12:30:00-04:00,25.3,25.35,24.6701,25.055,136230
WYFI,2026-07-24 13:30:00-04:00,25.09,25.3099,24.08,24.15,268692
WYFI,2026-07-24 14:30:00-04:00,24.1032,24.12,23.572,23.67,244462
WYFI,2026-07-24 15:30:00-04:00,23.64,23.83,23.36,23.625,308577
WYFI,2026-07-27 09:30:00-04:00,24.92,24.92,22.5,22.59,608336
WYFI,2026-07-27 10:30:00-04:00,22.52,23.0,22.14,22.81,300695
WYFI,2026-07-27 11:30:00-04:00,22.865,23.09,22.28,23.035,233394
WYFI,2026-07-27 12:30:00-04:00,23.035,23.27,22.52,22.52,97416
WYFI,2026-07-27 13:30:00-04:00,22.51,22.715,22.31,22.645,119578
WYFI,2026-07-27 14:30:00-04:00,22.59,23.28,22.38,23.19,132441
WYFI,2026-07-27 15:30:00-04:00,23.205,23.3099,23.0642,23.15,172639
WYFI,2026-07-28 09:30:00-04:00,22.01,22.3122,20.61,21.625,672088
WYFI,2026-07-28 10:30:00-04:00,21.57,23.12,21.54,23.0963,371671
WYFI,2026-07-28 11:30:00-04:00,23.1,23.15,22.7525,22.985,209551
WYFI,2026-07-28 12:30:00-04:00,22.94,23.29,22.73,22.97,134511
WYFI,2026-07-28 13:30:00-04:00,22.93,22.94,22.64,22.78,83035
WYFI,2026-07-28 14:30:00-04:00,22.865,23.6103,22.72,23.61,137732
WYFI,2026-07-28 15:30:00-04:00,23.62,23.74,23.25,23.51,220629
WYFI,2026-07-29 09:30:00-04:00,23.82,24.35,22.565,22.62,508869
WYFI,2026-07-29 10:30:00-04:00,22.61,22.7799,22.0,22.14,208551
WYFI,2026-07-29 11:30:00-04:00,22.1301,22.24,21.1511,21.46,312672
WYFI,2026-07-29 12:30:00-04:00,21.47,22.33,21.31,22.01,208836
WYFI,2026-07-29 13:30:00-04:00,21.975,22.7288,21.73,21.885,188757
WYFI,2026-07-29 14:30:00-04:00,21.96,22.3,20.98,21.18,411754
WYFI,2026-07-29 15:30:00-04:00,21.14,21.29,20.37,20.56,533440
WYFI,2026-07-30 09:30:00-04:00,22.68,25.7595,22.27,25.67,702379
WYFI,2026-07-30 10:30:00-04:00,25.67,25.85,24.83,25.74,334155
WYFI,2026-07-30 11:30:00-04:00,25.715,26.25,25.495,25.92,187069
WYFI,2026-07-30 12:30:00-04:00,25.92,26.3653,25.38,25.81,224235
WYFI,2026-07-30 13:30:00-04:00,25.75,25.97,25.46,25.555,141069
WYFI,2026-07-30 14:30:00-04:00,25.61,26.34,25.45,25.915,183574
WYFI,2026-07-30 15:30:00-04:00,25.91,26.34,25.74,26.24,250251
WYFI,2026-07-31 09:30:00-04:00,27.06,27.6,24.5601,24.9595,489812
WYFI,2026-07-31 10:30:00-04:00,24.9699,25.3581,24.1001,24.1001,202361
WYFI,2026-07-31 11:30:00-04:00,24.19,24.19,23.6,24.03,186385
WYFI,2026-07-31 12:30:00-04:00,24.09,24.58,23.71,24.205,197423
WYFI,2026-07-31 13:30:00-04:00,24.15,24.5999,24.135,24.385,160757
WYFI,2026-07-31 14:30:00-04:00,24.44,24.6,24.06,24.295,141600
WYFI,2026-07-31 15:30:00-04:00,24.29,24.31,23.66,23.71,264112
WYFI,2026-08-03 09:30:00-04:00,23.54,26.14,22.03,26.05,412881
WYFI,2026-08-03 10:30:00-04:00,26.04,26.92,25.93,26.1,264003
WYFI,2026-08-03 11:30:00-04:00,26.1145,26.44,25.78,26.17,180818
WYFI,2026-08-03 12:30:00-04:00,26.16,26.16,25.58,25.81,145606
WYFI,2026-08-03 13:30:00-04:00,25.82,26.25,25.718,25.74,99113
WYFI,2026-08-03 14:30:00-04:00,25.7,25.9,25.505,25.73,136892
WYFI,2026-08-03 15:30:00-04:00,25.76,26.0,25.51,25.94,285188
WYFI,2026-08-04 09:30:00-04:00,26.84,27.64,25.71,26.3,364745
WYFI,2026-08-04 10:30:00-04:00,26.27,26.92,25.8,26.8685,181900
WYFI,2026-08-04 11:30:00-04:00,26.76,27.11,26.41,26.78,137311
WYFI,2026-08-04 12:30:00-04:00,26.62,26.9785,26.51,26.87,83710
WYFI,2026-08-04 13:30:00-04:00,26.82,27.17,26.62,27.065,168938
WYFI,2026-08-04 14:30:00-04:00,27.1195,27.29,26.73,26.74,230054
WYFI,2026-08-04 15:30:00-04:00,26.83,26.91,26.5,26.57,219774
WYFI,2026-08-05 09:30:00-04:00,26.83,27.87,26.05,26.855,212184
WYFI,2026-08-05 10:30:00-04:00,26.64,26.69,26.1094,26.42,106462
WYFI,2026-08-05 11:30:00-04:00,26.4446,26.77,26.32,26.755,55240
WYFI,2026-08-05 12:30:00-04:00,26.755,26.755,26.4,26.5999,69795
WYFI,2026-08-05 13:30:00-04:00,26.47,26.515,26.2385,26.29,51583
WYFI,2026-08-05 14:30:00-04:00,26.29,26.47,26.095,26.47,66045
WYFI,2026-08-05 15:30:00-04:00,26.43,26.43,25.87,26.04,136845
WYFI,2026-08-06 09:30:00-04:00,24.8,27.0461,24.4,26.41,266909
WYFI,2026-08-06 10:30:00-04:00,26.49,26.68,25.96,26.57,99884
WYFI,2026-08-06 11:30:00-04:00,26.57,26.57,25.47,25.505,63384
WYFI,2026-08-06 12:30:00-04:00,25.485,25.735,25.4201,25.66,51640
WYFI,2026-08-06 13:30:00-04:00,25.62,25.82,25.295,25.61,68025
WYFI,2026-08-06 14:30:00-04:00,25.6,25.61,25.3503,25.405,46407
WYFI,2026-08-06 15:30:00-04:00,25.45,25.52,24.57,24.69,253914
WYFI,2026-08-07 09:30:00-04:00,25.78,26.0,24.0394,25.1,208863
WYFI,2026-08-07 10:30:00-04:00,25.0,25.78,24.55,25.7137,117731
WYFI,2026-08-07 11:30:00-04:00,25.715,25.9655,25.39,25.615,85491
WYFI,2026-08-07 12:30:00-04:00,25.57,25.625,25.301,25.36,57659
WYFI,2026-08-07 13:30:00-04:00,25.33,25.63,24.61,24.63,105694
WYFI,2026-08-07 14:30:00-04:00,24.63,24.9102,24.6,24.69,221689
WYFI,2026-08-07 15:30:00-04:00,24.67,24.76,24.46,24.61,303131
WYFI,2026-08-10 09:30:00-04:00,24.57,25.23,23.87,24.755,189481
WYFI,2026-08-10 10:30:00-04:00,24.755,24.89,24.0,24.09,95960
WYFI,2026-08-10 11:30:00-04:00,24.12,24.39,23.9001,24.0,132701
WYFI,2026-08-10 12:30:00-04:00,23.9,23.9699,23.52,23.735,95518
WYFI,2026-08-10 13:30:00-04:00,23.7895,23.93,23.6,23.64,58419
WYFI,2026-08-10 14:30:00-04:00,23.65,24.03,23.635,23.92,90864
WYFI,2026-08-10 15:30:00-04:00,23.95,24.0,23.56,23.59,225696
WYFI,2026-08-11 09:30:00-04:00,24.38,25.17,24.2,24.53,189627
WYFI,2026-08-11 10:30:00-04:00,24.525,24.55,23.845,24.1,78944
WYFI,2026-08-11 11:30:00-04:00,24.08,24.46,23.93,24.02,79855
WYFI,2026-08-11 12:30:00-04:00,23.93,24.31,23.91,24.11,67172
WYFI,2026-08-11 13:30:00-04:00,24.1,24.42,24.03,24.24,119977
WYFI,2026-08-11 14:30:00-04:00,24.24,24.7794,24.1,24.735,106349
WYFI,2026-08-11 15:30:00-04:00,24.8,24.8,24.03,24.19,423600
WYFI,2026-08-12 09:30:00-04:00,27.4,28.8699,27.0,28.02,1199018
WYFI,2026-08-12 10:30:00-04:00,28.1,28.15,27.46,27.9182,267258
WYFI,2026-08-12 11:30:00-04:00,27.935,28.5705,27.4,28.49,237485
WYFI,2026-08-12 12:30:00-04:00,28.4,28.617,28.05,28.4495,124653
WYFI,2026-08-12 13:30:00-04:00,28.39,28.8681,28.25,28.83,211737
WYFI,2026-08-12 14:30:00-04:00,28.76,28.815,28.3,28.6287,156697
WYFI,2026-08-12 15:30:00-04:00,28.5205,28.76,28.3801,28.54,306758
WYFI,2026-08-13 09:30:00-04:00,29.88,32.36,29.1033,30.891,1075246
WYFI,2026-08-13 10:30:00-04:00,30.84,31.05,29.7,30.06,372180
WYFI,2026-08-13 11:30:00-04:00,30.05,30.18,29.15,29.525,190704
WYFI,2026-08-13 12:30:00-04:00,29.57,29.64,29.0,29.17,113892
WYFI,2026-08-13 13:30:00-04:00,29.0845,29.165,28.84,29.05,108595
WYFI,2026-08-13 14:30:00-04:00,29.1,29.1499,28.64,28.65,157173
WYFI,2026-08-13 15:30:00-04:00,28.663,28.7172,28.0,28.23,296826
WYFI,2026-08-14 09:30:00-04:00,28.1,29.6035,27.7846,28.56,295598
WYFI,2026-08-14 10:30:00-04:00,28.54,29.39,28.52,28.6084,167601
WYFI,2026-08-14 11:30:00-04:00,28.585,29.99,28.4,29.86,235179
WYFI,2026-08-14 12:30:00-04:00,29.8503,30.2008,29.57,29.86,151800
WYFI,2026-08-14 13:30:00-04:00,29.85,30.02,29.2906,29.2906,78068
WYFI,2026-08-14 14:30:00-04:00,29.25,29.46,29.05,29.4099,116950
WYFI,2026-08-14 15:30:00-04:00,29.28,29.53,29.07,29.53,185772
WYFI,2026-08-17 09:30:00-04:00,30.0,31.14,29.5,30.655,445446
WYFI,2026-08-17 10:30:00-04:00,30.73,30.7799,30.29,30.615,141807
WYFI,2026-08-17 11:30:00-04:00,30.75,31.91,30.43,31.91,228440
WYFI,2026-08-17 12:30:00-04:00,31.97,32.23,31.5,31.68,282110
WYFI,2026-08-17 13:30:00-04:00,31.58,31.7,30.96,31.13,187963
WYFI,2026-08-17 14:30:00-04:00,31.26,31.4322,30.53,30.67,130540
WYFI,2026-08-17 15:30:00-04:00,30.63,30.94,30.21,30.34,194635
WYFI,2026-08-18 09:30:00-04:00,28.72,29.88,27.9,28.215,426295
WYFI,2026-08-18 10:30:00-04:00,28.3599,28.3599,26.9,27.1597,330756
WYFI,2026-08-18 11:30:00-04:00,27.11,27.44,26.95,27.155,208934
WYFI,2026-08-18 12:30:00-04:00,27.15,27.46,26.8608,27.03,182443
WYFI,2026-08-18 13:30:00-04:00,27.03,27.4299,26.88,27.205,269503
WYFI,2026-08-18 14:30:00-04:00,27.205,27.48,26.92,27.04,267584
WYFI,2026-08-18 15:30:00-04:00,27.01,27.21,26.77,27.05,367924
WYFI,2026-08-19 09:30:00-04:00,22.13,22.4,19.4601,20.055,4959691
WYFI,2026-08-19 10:30:00-04:00,20.055,20.7699,19.7738,20.6,2004843
WYFI,2026-08-19 11:30:00-04:00,20.6,21.01,20.4401,20.685,1434023
WYFI,2026-08-19 12:30:00-04:00,20.685,20.9237,20.02,20.215,1362914
WYFI,2026-08-19 13:30:00-04:00,20.215,20.5,20.0,20.265,1479180
WYFI,2026-08-19 14:30:00-04:00,20.265,20.41,20.02,20.18,1594963
WYFI,2026-08-19 15:30:00-04:00,20.19,21.42,20.17,21.39,2272028
WYFI,2026-08-20 09:30:00-04:00,21.41,21.74,20.1,21.4,1241394
WYFI,2026-08-20 10:30:00-04:00,21.4111,21.9899,21.359,21.67,575303
WYFI,2026-08-20 11:30:00-04:00,21.72,21.72,21.0192,21.05,311872
WYFI,2026-08-20 12:30:00-04:00,21.09,21.4772,20.91,21.36,239536
WYFI,2026-08-20 13:30:00-04:00,21.305,21.58,21.14,21.18,263166
WYFI,2026-08-20 14:30:00-04:00,21.18,21.2,20.98,21.075,232811
WYFI,2026-08-20 15:30:00-04:00,21.02,21.24,20.785,21.1407,447217
WYFI,2026-08-21 09:30:00-04:00,21.54,21.98,20.41,20.76,710244
WYFI,2026-08-21 10:30:00-04:00,20.73,21.0,20.21,20.41,523654
WYFI,2026-08-21 11:30:00-04:00,20.38,20.97,20.36,20.84,270594
WYFI,2026-08-21 12:30:00-04:00,20.825,20.95,20.63,20.79,174543
WYFI,2026-08-21 13:30:00-04:00,20.795,21.06,20.7501,21.02,190717
WYFI,2026-08-21 14:30:00-04:00,21.0,21.03,20.48,20.62,236111
WYFI,2026-08-21 15:30:00-04:00,20.58,20.8,20.5,20.695,316068
WYFI,2026-08-24 09:30:00-04:00,20.01,20.68,19.75,20.51,798288
WYFI,2026-08-24 10:30:00-04:00,20.51,21.02,20.25,20.96,665761
WYFI,2026-08-24 11:30:00-04:00,20.99,21.45,20.4523,20.9844,677283
WYFI,2026-08-24 12:30:00-04:00,20.97,21.49,20.8,21.3,901264
WYFI,2026-08-24 13:30:00-04:00,21.2628,21.41,20.8007,21.21,276761
WYFI,2026-08-24 14:30:00-04:00,21.2,21.28,20.53,20.755,249051
WYFI,2026-08-24 15:30:00-04:00,20.77,20.88,20.42,20.77,349796
WYFI,2026-08-25 09:30:00-04:00,20.9,21.4968,20.4,20.8199,409601
WYFI,2026-08-25 10:30:00-04:00,20.73,21.2,20.585,20.73,358584
WYFI,2026-08-25 11:30:00-04:00,20.73,20.94,20.6,20.65,245990
WYFI,2026-08-25 12:30:00-04:00,20.67,20.691,20.425,20.64,207723
WYFI,2026-08-25 13:30:00-04:00,20.64,20.78,20.485,20.57,212455
WYFI,2026-08-25 14:30:00-04:00,20.6,20.76,20.51,20.52,250510
WYFI,2026-08-25 15:30:00-04:00,20.5101,20.62,20.36,20.43,315341
WYFI,2026-08-26 09:30:00-04:00,20.05,20.49,19.86,20.0,349660
WYFI,2026-08-26 10:30:00-04:00,20.02,20.0456,19.8,19.9727,263622
WYFI,2026-08-26 11:30:00-04:00,19.9939,19.9939,19.72,19.79,211328
WYFI,2026-08-26 12:30:00-04:00,19.7543,20.93,19.47,20.39,918775
WYFI,2026-08-26 13:30:00-04:00,20.3893,20.54,19.83,19.83,302915
WYFI,2026-08-26 14:30:00-04:00,19.86,20.17,19.84,20.1,247389
WYFI,2026-08-26 15:30:00-04:00,20.1,20.16,19.89,19.95,199356
WYFI,2026-08-27 09:30:00-04:00,20.85,20.85,19.87,20.18,638520
WYFI,2026-08-27 10:30:00-04:00,20.215,20.47,19.9528,20.12,356855
WYFI,2026-08-27 11:30:00-04:00,20.11,20.17,19.756,19.835,417328
WYFI,2026-08-27 12:30:00-04:00,19.835,20.115,19.78,19.815,268148
WYFI,2026-08-27 13:30:00-04:00,19.82,19.95,19.54,19.5644,234718
WYFI,2026-08-27 14:30:00-04:00,19.56,19.66,19.38,19.58,404703
WYFI,2026-08-27 15:30:00-04:00,19.57,19.62,19.35,19.37,373259
WYFI,2026-08-28 09:30:00-04:00,19.06,19.1477,18.2,18.425,798218
WYFI,2026-08-28 10:30:00-04:00,18.4,18.56,18.2501,18.29,280791
WYFI,2026-08-28 11:30:00-04:00,18.275,18.3,17.81,17.94,407933
WYFI,2026-08-28 12:30:00-04:00,17.95,18.09,17.83,17.92,237255
WYFI,2026-08-28 13:30:00-04:00,17.9101,18.04,17.82,17.879,202633
WYFI,2026-08-28 14:30:00-04:00,17.86,17.94,17.75,17.86,276893
WYFI,2026-08-28 15:30:00-04:00,17.86,17.88,17.73,17.75,326688
WYFI,2026-08-31 09:30:00-04:00,17.75,17.75,17.3,17.6298,372341
WYFI,2026-08-31 10:30:00-04:00,17.62,17.82,17.25,17.69,443372
WYFI,2026-08-31 11:30:00-04:00,17.675,17.73,17.53,17.73,138775
WYFI,2026-08-31 12:30:00-04:00,17.74,18.0,17.72,17.81,223606
WYFI,2026-08-31 13:30:00-04:00,17.81,18.53,17.7808,18.485,396618
WYFI,2026-08-31 14:30:00-04:00,18.485,18.75,18.42,18.64,438945
WYFI,2026-08-31 15:30:00-04:00,18.64,18.97,18.5705,18.925,345377
WYFI,2026-09-01 09:30:00-04:00,18.27,18.34,17.6,17.6,517788
WYFI,2026-09-01 10:30:00-04:00,17.59,17.86,17.59,17.7675,320749
WYFI,2026-09-01 11:30:00-04:00,17.7886,17.86,17.44,17.46,230705
WYFI,2026-09-01 12:30:00-04:00,17.49,17.52,17.4,17.48,152160
WYFI,2026-09-01 13:30:00-04:00,17.49,17.5289,17.34,17.36,109195
WYFI,2026-09-01 14:30:00-04:00,17.37,17.59,17.23,17.58,296126
WYFI,2026-09-01 15:30:00-04:00,17.56,17.56,17.45,17.5,257729
WYFI,2026-09-02 09:30:00-04:00,17.185,17.45,16.97,17.22,324813
WYFI,2026-09-02 10:30:00-04:00,17.18,17.24,16.95,17.005,171950
WYFI,2026-09-02 11:30:00-04:00,16.98,17.03,16.81,16.8954,192139
WYFI,2026-09-02 12:30:00-04:00,16.8999,16.955,16.8205,16.95,133081
WYFI,2026-09-02 13:30:00-04:00,16.948,17.425,16.91,17.355,201253
WYFI,2026-09-02 14:30:00-04:00,17.33,17.41,17.22,17.3,143151
WYFI,2026-09-02 15:30:00-04:00,17.3,17.38,17.2001,17.31,152076
WYFI,2026-09-03 09:30:00-04:00,17.62,18.3365,17.08,18.26,717718
WYFI,2026-09-03 10:30:00-04:00,18.28,18.9795,18.0905,18.87,450398
WYFI,2026-09-03 11:30:00-04:00,18.88,18.99,18.62,18.62,257146
WYFI,2026-09-03 12:30:00-04:00,18.63,18.75,18.592,18.6231,177296
WYFI,2026-09-03 13:30:00-04:00,18.605,18.68,18.43,18.48,158110
WYFI,2026-09-03 14:30:00-04:00,18.475,18.7,18.44,18.6999,248249
WYFI,2026-09-03 15:30:00-04:00,18.695,18.8,18.57,18.78,305263
ASTS,2026-07-06 09:30:00-04:00,86.285,88.25,80.95,82.67,3499359
ASTS,2026-07-06 10:30:00-04:00,82.51,82.86,80.41,81.455,1612190
ASTS,2026-07-06 11:30:00-04:00,81.4,82.55,80.7701,82.14,858877
ASTS,2026-07-06 12:30:00-04:00,82.095,82.628,81.41,81.49,806454
ASTS,2026-07-06 13:30:00-04:00,81.43,81.51,80.11,80.7857,1179925
ASTS,2026-07-06 14:30:00-04:00,80.74,81.9373,80.6,81.53,908324
ASTS,2026-07-06 15:30:00-04:00,81.47,81.5,80.3301,80.63,1415908
ASTS,2026-07-07 09:30:00-04:00,79.1,80.09,74.4204,75.56,3626839
ASTS,2026-07-07 10:30:00-04:00,75.59,77.19,75.3201,76.035,1999906
ASTS,2026-07-07 11:30:00-04:00,76.13,77.31,75.3683,77.05,1224571
ASTS,2026-07-07 12:30:00-04:00,77.1,77.51,76.56,76.99,781903
ASTS,2026-07-07 13:30:00-04:00,76.995,77.59,76.73,76.865,517107
ASTS,2026-07-07 14:30:00-04:00,76.9,76.93,74.7,74.945,1130120
ASTS,2026-07-07 15:30:00-04:00,74.95,75.42,74.1,74.21,1459512
ASTS,2026-07-08 09:30:00-04:00,74.0,77.9699,73.51,77.045,3428819
ASTS,2026-07-08 10:30:00-04:00,77.0475,77.56,73.71,74.055,1158828
ASTS,2026-07-08 11:30:00-04:00,74.12,74.69,73.86,74.32,782370
ASTS,2026-07-08 12:30:00-04:00,74.29,74.56,73.2,73.95,898102
ASTS,2026-07-08 13:30:00-04:00,73.98,75.01,73.4259,74.71,700992
ASTS,2026-07-08 14:30:00-04:00,74.7,75.41,74.44,75.145,673094
ASTS,2026-07-08 15:30:00-04:00,75.18,75.4999,74.51,74.97,793556
ASTS,2026-07-09 09:30:00-04:00,75.14,75.53,71.77,73.42,3199966
ASTS,2026-07-09 10:30:00-04:00,73.435,73.9512,72.9,73.7,1102438
ASTS,2026-07-09 11:30:00-04:00,73.72,74.7,72.93,73.17,1190241
ASTS,2026-07-09 12:30:00-04:00,73.1601,73.62,72.8,73.505,708040
ASTS,2026-07-09 13:30:00-04:00,73.55,74.23,72.91,74.23,682547
ASTS,2026-07-09 14:30:00-04:00,74.2499,75.53,74.22,74.78,1025391
ASTS,2026-07-09 15:30:00-04:00,74.78,75.01,73.4059,73.88,1211947
ASTS,2026-07-10 09:30:00-04:00,74.06,74.08,71.3004,72.848,2230860
ASTS,2026-07-10 10:30:00-04:00,72.78,73.6,71.8701,73.39,970582
ASTS,2026-07-10 11:30:00-04:00,73.4486,73.4486,72.33,73.15,568525
ASTS,2026-07-10 12:30:00-04:00,73.2341,73.6,72.83,73.055,483946
ASTS,2026-07-10 13:30:00-04:00,73.04,73.68,72.97,73.1,396384
ASTS,2026-07-10 14:30:00-04:00,73.14,73.43,72.74,72.7771,591410
ASTS,2026-07-10 15:30:00-04:00,72.775,73.42,72.63,73.32,1049778
ASTS,2026-07-13 09:30:00-04:00,71.99,72.51,68.9,71.18,2766568
ASTS,2026-07-13 10:30:00-04:00,71.165,71.225,69.55,69.7,1198196
ASTS,2026-07-13 11:30:00-04:00,69.67,69.8784,67.8,67.98,1698108
ASTS,2026-07-13 12:30:00-04:00,68.005,68.3081,67.045,67.055,1646441
ASTS,2026-07-13 13:30:00-04:00,67.0551,68.06,66.88,67.42,1205529
ASTS,2026-07-13 14:30:00-04:00,67.42,67.6538,66.88,67.03,1255552
ASTS,2026-07-13 15:30:00-04:00,67.0247,67.94,66.73,67.625,1479482
ASTS,2026-07-14 09:30:00-04:00,69.84,72.17,68.85,70.08,3518722
ASTS,2026-07-14 10:30:00-04:00,70.0501,70.83,68.96,70.26,1494329
ASTS,2026-07-14 11:30:00-04:00,70.28,70.47,69.5,70.04,724550
ASTS,2026-07-14 12:30:00-04:00,70.03,70.21,68.95,69.77,848888
ASTS,2026-07-14 13:30:00-04:00,69.71,69.89,69.15,69.26,501341
ASTS,2026-07-14 14:30:00-04:00,69.3,69.8499,69.055,69.12,586555
ASTS,2026-07-14 15:30:00-04:00,69.1,69.45,68.64,68.84,755661
ASTS,2026-07-15 09:30:00-04:00,68.86,70.38,66.25,67.1,2629624
ASTS,2026-07-15 10:30:00-04:00,67.05,67.58,65.73,66.415,1357830
ASTS,2026-07-15 11:30:00-04:00,66.4,66.53,64.59,64.835,1470975
ASTS,2026-07-15 12:30:00-04:00,64.84,66.8792,64.75,66.51,1032083
ASTS,2026-07-15 13:30:00-04:00,66.46,67.59,66.46,67.525,643384
ASTS,2026-07-15 14:30:00-04:00,67.49,67.8,66.13,66.42,819325
ASTS,2026-07-15 15:30:00-04:00,66.45,66.94,66.21,66.22,927540
ASTS,2026-07-16 09:30:00-04:00,59.245,61.5,57.0,57.27,19087234
ASTS,2026-07-16 10:30:00-04:00,57.23,57.5,55.77,56.2995,6729318
ASTS,2026-07-16 11:30:00-04:00,56.29,66.31,54.15,54.435,5751642
ASTS,2026-07-16 12:30:00-04:00,54.435,54.92,53.4,53.98,5016605
ASTS,2026-07-16 13:30:00-04:00,53.97,54.66,53.33,53.94,3459640
ASTS,2026-07-16 14:30:00-04:00,53.9201,55.15,53.7,54.62,4566072
ASTS,2026-07-16 15:30:00-04:00,54.59,55.09,53.89,55.03,4877325
ASTS,2026-07-17 09:30:00-04:00,54.875,58.6,54.4,58.12,9370215
ASTS,2026-07-17 10:30:00-04:00,58.08,58.67,56.84,58.345,3679651
ASTS,2026-07-17 11:30:00-04:00,58.33,60.73,58.18,59.85,5081360
ASTS,2026-07-17 12:30:00-04:00,59.84,61.67,59.434,60.97,3232177
ASTS,2026-07-17 13:30:00-04:00,60.95,61.14,58.9401,59.22,2633630
ASTS,2026-07-17 14:30:00-04:00,59.21,59.52,57.895,58.18,2446721
ASTS,2026-07-17 15:30:00-04:00,58.19,58.44,57.67,57.75,2476857
ASTS,2026-07-20 09:30:00-04:00,58.75,59.46,56.12,57.625,4384737
ASTS,2026-07-20 10:30:00-04:00,57.62,57.645,56.35,57.0226,1700618
ASTS,2026-07-20 11:30:00-04:00,57.06,58.8499,56.56,58.77,1952309
ASTS,2026-07-20 12:30:00-04:00,58.81,59.08,58.08,58.315,960530
ASTS,2026-07-20 13:30:00-04:00,58.38,59.3265,57.93,58.52,1391977
ASTS,2026-07-20 14:30:00-04:00,58.53,58.55,56.88,57.19,1395242
ASTS,2026-07-20 15:30:00-04:00,57.195,57.56,56.97,57.41,1704887
ASTS,2026-07-21 09:30:00-04:00,58.84,63.58,58.83,63.35,4676483
ASTS,2026-07-21 10:30:00-04:00,63.3001,64.5999,62.5101,64.4,3801730
ASTS,2026-07-21 11:30:00-04:00,64.39,64.63,63.15,63.8,2126522
ASTS,2026-07-21 12:30:00-04:00,63.69,64.3,63.23,63.865,1513584
ASTS,2026-07-21 13:30:00-04:00,63.865,64.42,63.44,63.625,1103261
ASTS,2026-07-21 14:30:00-04:00,63.595,63.7,62.52,62.675,1418171
ASTS,2026-07-21 15:30:00-04:00,62.675,63.58,62.57,63.33,1758349
ASTS,2026-07-22 09:30:00-04:00,62.73,63.9151,61.55,63.0147,3723068
ASTS,2026-07-22 10:30:00-04:00,62.98,63.72,62.28,63.37,1410524
ASTS,2026-07-22 11:30:00-04:00,63.4151,63.48,62.76,63.1,589439
ASTS,2026-07-22 12:30:00-04:00,63.0772,63.83,62.8,63.25,976928
ASTS,2026-07-22 13:30:00-04:00,63.245,63.575,61.91,61.975,1171868
ASTS,2026-07-22 14:30:00-04:00,61.94,62.19,61.2254,61.6685,780578
ASTS,2026-07-22 15:30:00-04:00,61.67,62.185,61.3,61.96,1227635
ASTS,2026-07-23 09:30:00-04:00,59.97,62.83,59.26,60.34,2865287
ASTS,2026-07-23 10:30:00-04:00,60.29,60.33,57.67,57.855,2778035
ASTS,2026-07-23 11:30:00-04:00,57.85,60.0,57.8419,59.876,1323328
ASTS,2026-07-23 12:30:00-04:00,59.82,60.06,59.17,59.795,698856
ASTS,2026-07-23 13:30:00-04:00,59.775,59.775,58.93,59.22,582418
ASTS,2026-07-23 14:30:00-04:00,59.21,59.5,58.795,59.28,747655
ASTS,2026-07-23 15:30:00-04:00,59.34,59.7095,58.74,59.2,1296129
ASTS,2026-07-24 09:30:00-04:00,59.3,59.4386,56.46,57.17,2754102
ASTS,2026-07-24 10:30:00-04:00,57.14,57.7,55.7688,57.285,1543310
ASTS,2026-07-24 11:30:00-04:00,57.285,57.4,56.67,57.075,954736
ASTS,2026-07-24 12:30:00-04:00,57.05,57.08,55.99,56.72,766706
ASTS,2026-07-24 13:30:00-04:00,56.735,56.9,56.27,56.4,606655
ASTS,2026-07-24 14:30:00-04:00,56.43,56.43,55.73,56.19,1061229
ASTS,2026-07-24 15:30:00-04:00,56.17,56.625,56.012,56.23,1473035
ASTS,2026-07-27 09:30:00-04:00,56.72,59.5,56.62,57.165,2596623
ASTS,2026-07-27 10:30:00-04:00,57.21,57.915,56.1501,57.255,1202504
ASTS,2026-07-27 11:30:00-04:00,57.25,57.63,56.52,57.485,615330
ASTS,2026-07-27 12:30:00-04:00,57.54,57.82,56.7501,56.82,442522
ASTS,2026-07-27 13:30:00-04:00,56.79,57.435,56.69,56.91,493964
ASTS,2026-07-27 14:30:00-04:00,56.94,58.01,56.59,57.965,662797
ASTS,2026-07-27 15:30:00-04:00,58.01,58.4,57.5571,58.24,1131982
ASTS,2026-07-28 09:30:00-04:00,55.99,56.135,53.36,54.1742,3606980
ASTS,2026-07-28 10:30:00-04:00,54.17,57.48,53.95,57.33,1991799
ASTS,2026-07-28 11:30:00-04:00,57.385,57.9599,57.04,57.49,1245690
ASTS,2026-07-28 12:30:00-04:00,57.48,57.99,57.175,57.25,769705
ASTS,2026-07-28 13:30:00-04:00,57.245,57.245,56.09,56.24,1011832
ASTS,2026-07-28 14:30:00-04:00,56.23,56.3545,55.3,55.95,1059095
ASTS,2026-07-28 15:30:00-04:00,55.95,56.58,55.44,56.56,1796529
ASTS,2026-07-29 09:30:00-04:00,57.48,59.35,56.5901,56.86,3256053
ASTS,2026-07-29 10:30:00-04:00,56.91,57.2,55.485,55.54,1228769
ASTS,2026-07-29 11:30:00-04:00,55.57,55.8,54.09,54.895,1080908
ASTS,2026-07-29 12:30:00-04:00,54.93,55.6489,54.378,55.15,747500
ASTS,2026-07-29 13:30:00-04:00,55.12,56.43,54.7,55.44,1097650
ASTS,2026-07-29 14:30:00-04:00,55.45,57.225,54.28,54.75,1477407
ASTS,2026-07-29 15:30:00-04:00,54.79,54.92,52.8,53.01,2123555
ASTS,2026-07-30 09:30:00-04:00,55.0,58.14,54.4,57.87,3531360
ASTS,2026-07-30 10:30:00-04:00,57.85,58.28,55.76,55.83,1911984
ASTS,2026-07-30 11:30:00-04:00,55.805,56.73,55.805,56.33,903714
ASTS,2026-07-30 12:30:00-04:00,56.355,56.85,55.603,56.635,1163241
ASTS,2026-07-30 13:30:00-04:00,56.64,57.24,56.481,56.88,729378
ASTS,2026-07-30 14:30:00-04:00,56.885,57.8294,56.62,57.67,872278
ASTS,2026-07-30 15:30:00-04:00,57.66,58.51,57.6,58.455,1342024
ASTS,2026-07-31 09:30:00-04:00,60.9061,61.12,56.24,57.44,3981464
ASTS,2026-07-31 10:30:00-04:00,57.5,58.4899,57.11,57.24,1166196
ASTS,2026-07-31 11:30:00-04:00,57.2021,57.8781,56.955,57.815,714154
ASTS,2026-07-31 12:30:00-04:00,57.88,58.52,57.41,58.52,622321
ASTS,2026-07-31 13:30:00-04:00,58.5,59.06,58.2501,58.87,553333
ASTS,2026-07-31 14:30:00-04:00,58.845,59.58,58.7192,59.4,799297
ASTS,2026-07-31 15:30:00-04:00,59.365,59.6353,58.84,58.93,1008915
ASTS,2026-08-03 09:30:00-04:00,56.875,62.82,55.74,62.6601,3019590
ASTS,2026-08-03 10:30:00-04:00,62.73,63.66,62.4,63.025,1963826
ASTS,2026-08-03 11:30:00-04:00,62.97,65.11,62.9001,64.595,1444822
ASTS,2026-08-03 12:30:00-04:00,64.58,64.69,63.3,64.225,957383
ASTS,2026-08-03 13:30:00-04:00,64.27,64.8,63.91,64.02,752740
ASTS,2026-08-03 14:30:00-04:00,64.07,64.2461,63.36,63.87,798576
ASTS,2026-08-03 15:30:00-04:00,63.87,64.195,63.51,63.5404,1259857
ASTS,2026-08-04 09:30:00-04:00,68.5,71.27,66.87,68.265,7213157
ASTS,2026-08-04 10:30:00-04:00,68.3,69.67,67.6701,68.9,1920403
ASTS,2026-08-04 11:30:00-04:00,68.86,70.23,68.44,69.9,1644642
ASTS,2026-08-04 12:30:00-04:00,69.87,70.68,69.47,70.655,1222910
ASTS,2026-08-04 13:30:00-04:00,70.655,70.74,70.14,70.46,1971533
ASTS,2026-08-04 14:30:00-04:00,70.485,71.04,69.9013,70.33,1616612
ASTS,2026-08-04 15:30:00-04:00,70.365,70.62,70.07,70.295,1665502
ASTS,2026-08-05 09:30:00-04:00,67.86,70.38,66.45,69.515,4851481
ASTS,2026-08-05 10:30:00-04:00,69.46,69.49,67.96,69.47,1556258
ASTS,2026-08-05 11:30:00-04:00,69.54,69.71,68.34,69.205,759905
ASTS,2026-08-05 12:30:00-04:00,69.21,69.235,67.81,68.05,810624
ASTS,2026-08-05 13:30:00-04:00,68.05,68.44,67.92,68.055,537346
ASTS,2026-08-05 14:30:00-04:00,68.06,69.14,67.4416,69.0,1058986
ASTS,2026-08-05 15:30:00-04:00,69.03,69.18,68.145,68.38,1394055
ASTS,2026-08-06 09:30:00-04:00,65.92,74.04,65.7,73.79,4516262
ASTS,2026-08-06 10:30:00-04:00,73.78,74.08,71.18,71.3,1935572
ASTS,2026-08-06 11:30:00-04:00,71.365,71.5999,68.7,69.0154,1304789
ASTS,2026-08-06 12:30:00-04:00,68.97,69.86,68.8,69.4,792158
ASTS,2026-08-06 13:30:00-04:00,69.32,69.5,68.2,68.7544,788024
ASTS,2026-08-06 14:30:00-04:00,68.67,68.86,67.59,67.65,875968
ASTS,2026-08-06 15:30:00-04:00,67.72,67.8733,66.66,67.39,1217390
ASTS,2026-08-07 09:30:00-04:00,69.0,70.79,67.7,70.35,3764626
ASTS,2026-08-07 10:30:00-04:00,70.43,70.6899,68.99,70.502,1665581
ASTS,2026-08-07 11:30:00-04:00,70.52,71.92,70.425,71.345,2119421
ASTS,2026-08-07 12:30:00-04:00,71.42,71.62,70.7,71.23,884147
ASTS,2026-08-07 13:30:00-04:00,71.1788,71.75,70.71,70.81,843052
ASTS,2026-08-07 14:30:00-04:00,70.81,71.73,70.4005,71.04,1224691
ASTS,2026-08-07 15:30:00-04:00,71.04,71.99,70.2505,71.935,1774618
ASTS,2026-08-10 09:30:00-04:00,71.57,73.215,69.45,70.65,3356186
ASTS,2026-08-10 10:30:00-04:00,70.615,71.03,68.9,69.11,1402566
ASTS,2026-08-10 11:30:00-04:00,69.075,70.24,69.075,69.2748,944227
ASTS,2026-08-10 12:30:00-04:00,69.22,69.88,68.85,69.51,842642
ASTS,2026-08-10 13:30:00-04:00,69.51,69.69,68.9,69.08,808869
ASTS,2026-08-10 14:30:00-04:00,69.06,69.44,68.775,69.35,1224832
ASTS,2026-08-10 15:30:00-04:00,69.25,69.25,68.27,68.805,2214894
ASTS,2026-08-11 09:30:00-04:00,69.53,71.83,67.08,68.8646,5519830
ASTS,2026-08-11 10:30:00-04:00,68.82,70.75,68.49,69.515,1897938
ASTS,2026-08-11 11:30:00-04:00,69.53,70.5,69.2003,69.58,1091386
ASTS,2026-08-11 12:30:00-04:00,69.62,69.69,68.76,69.22,533285
ASTS,2026-08-11 13:30:00-04:00,69.21,70.17,68.76,69.2877,838410
ASTS,2026-08-11 14:30:00-04:00,69.28,71.85,69.28,71.415,1403636
ASTS,2026-08-11 15:30:00-04:00,71.4699,71.9,70.715,71.65,1087670
ASTS,2026-08-12 09:30:00-04:00,72.645,75.08,71.35,73.86,3805782
ASTS,2026-08-12 10:30:00-04:00,73.82,73.97,72.25,72.985,1563819
ASTS,2026-08-12 11:30:00-04:00,73.02,74.08,72.51,73.22,839156
ASTS,2026-08-12 12:30:00-04:00,73.25,74.57,73.1,74.49,865766
ASTS,2026-08-12 13:30:00-04:00,74.54,74.72,74.02,74.105,825533
ASTS,2026-08-12 14:30:00-04:00,74.1434,74.46,73.36,74.23,810160
ASTS,2026-08-12 15:30:00-04:00,74.2,74.6,73.69,74.3,1403225
ASTS,2026-08-13 09:30:00-04:00,72.17,75.07,71.65,73.85,2557729
ASTS,2026-08-13 10:30:00-04:00,73.8,73.8208,71.71,72.24,1425517
ASTS,2026-08-13 11:30:00-04:00,72.22,72.6999,71.26,71.7701,1063713
ASTS,2026-08-13 12:30:00-04:00,71.81,72.0899,71.5033,71.805,458849
ASTS,2026-08-13 13:30:00-04:00,71.805,71.9399,71.5,71.6,1042051
ASTS,2026-08-13 14:30:00-04:00,71.6899,72.47,71.355,71.6,814538
ASTS,2026-08-13 15:30:00-04:00,71.595,72.1599,71.32,71.48,1084268
ASTS,2026-08-14 09:30:00-04:00,71.05,72.99,70.91,71.76,1828101
ASTS,2026-08-14 10:30:00-04:00,71.6901,71.795,69.18,69.43,1363427
ASTS,2026-08-14 11:30:00-04:00,69.44,70.58,68.83,70.4631,992634
ASTS,2026-08-14 12:30:00-04:00,70.48,70.85,69.8,70.62,627639
ASTS,2026-08-14 13:30:00-04:00,70.7,70.82,70.14,70.2,368687
ASTS,2026-08-14 14:30:00-04:00,70.21,70.7693,70.05,70.68,525621
ASTS,2026-08-14 15:30:00-04:00,70.71,71.4,70.49,70.98,970760
ASTS,2026-08-17 09:30:00-04:00,70.62,74.46,70.5,72.94,3802406
ASTS,2026-08-17 10:30:00-04:00,73.03,73.305,71.77,72.02,1331798
ASTS,2026-08-17 11:30:00-04:00,72.05,72.54,71.38,72.13,1062134
ASTS,2026-08-17 12:30:00-04:00,72.185,72.5486,71.63,71.64,658432
ASTS,2026-08-17 13:30:00-04:00,71.65,72.19,70.98,71.255,685795
ASTS,2026-08-17 14:30:00-04:00,71.31,71.5395,70.96,71.0,603954
ASTS,2026-08-17 15:30:00-04:00,71.045,71.47,70.7,71.16,950935
ASTS,2026-08-18 09:30:00-04:00,67.58,68.5499,66.01,67.27,3415890
ASTS,2026-08-18 10:30:00-04:00,67.2,67.5199,66.0836,67.425,1049191
ASTS,2026-08-18 11:30:00-04:00,67.425,68.2,66.985,67.1762,815949
ASTS,2026-08-18 12:30:00-04:00,67.15,68.35,67.1418,67.58,531656
ASTS,2026-08-18 13:30:00-04:00,67.59,67.7,66.7501,67.23,568553
ASTS,2026-08-18 14:30:00-04:00,67.21,67.4499,66.94,67.19,501227
ASTS,2026-08-18 15:30:00-04:00,67.18,67.51,66.67,67.05,934816
ASTS,2026-08-19 09:30:00-04:00,66.905,67.2,64.01,65.6472,2715926
ASTS,2026-08-19 10:30:00-04:00,65.66,66.835,65.3282,65.86,876510
ASTS,2026-08-19 11:30:00-04:00,65.83,66.8957,65.59,66.51,570445
ASTS,2026-08-19 12:30:00-04:00,66.425,66.7999,65.9,66.15,376107
ASTS,2026-08-19 13:30:00-04:00,66.1,66.4721,65.9,66.19,533338
ASTS,2026-08-19 14:30:00-04:00,66.155,66.7,65.795,66.61,481244
ASTS,2026-08-19 15:30:00-04:00,66.62,66.8983,66.21,66.43,828058
ASTS,2026-08-20 09:30:00-04:00,66.08,66.19,64.02,64.44,1616042
ASTS,2026-08-20 10:30:00-04:00,64.4695,64.91,63.645,63.7344,1088836
ASTS,2026-08-20 11:30:00-04:00,63.75,63.76,62.89,63.435,1283625
ASTS,2026-08-20 12:30:00-04:00,63.4,64.1,63.2,63.435,841936
ASTS,2026-08-20 13:30:00-04:00,63.42,64.3,63.35,63.94,461231
ASTS,2026-08-20 14:30:00-04:00,63.984,64.3699,63.7,64.27,835865
ASTS,2026-08-20 15:30:00-04:00,64.25,65.51,64.21,65.06,1076523
ASTS,2026-08-21 09:30:00-04:00,67.125,70.0923,64.9,66.17,4004252
ASTS,2026-08-21 10:30:00-04:00,66.19,67.94,65.99,67.625,949721
ASTS,2026-08-21 11:30:00-04:00,67.63,69.2989,67.495,68.97,1371413
ASTS,2026-08-21 12:30:00-04:00,68.95,69.27,67.77,68.25,1026155
ASTS,2026-08-21 13:30:00-04:00,68.25,68.77,67.77,67.89,467598
ASTS,2026-08-21 14:30:00-04:00,67.91,67.945,67.3,67.64,1065969
ASTS,2026-08-21 15:30:00-04:00,67.61,68.925,67.56,68.73,1384105
ASTS,2026-08-24 09:30:00-04:00,66.76,67.06,64.6,65.31,1943765
ASTS,2026-08-24 10:30:00-04:00,65.32,65.66,64.6,65.0217,936566
ASTS,2026-08-24 11:30:00-04:00,65.02,65.17,63.8364,64.17,1140365
ASTS,2026-08-24 12:30:00-04:00,64.155,64.2,63.222,63.39,955869
ASTS,2026-08-24 13:30:00-04:00,63.39,63.54,62.72,63.35,1338636
ASTS,2026-08-24 14:30:00-04:00,63.35,63.59,62.84,63.015,1118330
ASTS,2026-08-24 15:30:00-04:00,63.015,63.335,62.31,62.33,1508770
ASTS,2026-08-25 09:30:00-04:00,63.28,64.23,60.9,61.53,3299576
ASTS,2026-08-25 10:30:00-04:00,61.53,62.37,61.06,62.16,1199212
ASTS,2026-08-25 11:30:00-04:00,62.14,62.4,61.73,62.06,664842
ASTS,2026-08-25 12:30:00-04:00,62.04,62.34,61.8701,62.18,491161
ASTS,2026-08-25 13:30:00-04:00,62.18,62.61,61.85,62.515,1302285
ASTS,2026-08-25 14:30:00-04:00,62.5447,62.6,61.61,62.095,657695
ASTS,2026-08-25 15:30:00-04:00,62.1,62.66,61.88,62.0,737919
ASTS,2026-08-26 09:30:00-04:00,60.935,62.0,59.95,60.24,1998214
ASTS,2026-08-26 10:30:00-04:00,60.2,60.65,59.64,59.83,1201824
ASTS,2026-08-26 11:30:00-04:00,59.83,60.26,59.43,60.21,940265
ASTS,2026-08-26 12:30:00-04:00,60.2018,60.5324,59.93,60.0778,573819
ASTS,2026-08-26 13:30:00-04:00,60.11,60.21,59.66,59.67,465027
ASTS,2026-08-26 14:30:00-04:00,59.6995,60.165,59.65,60.05,479761
ASTS,2026-08-26 15:30:00-04:00,60.07,60.16,59.7,59.9,819070
ASTS,2026-08-27 09:30:00-04:00,60.52,61.45,59.95,61.04,1682542
ASTS,2026-08-27 10:30:00-04:00,61.065,61.63,60.7,61.235,832251
ASTS,2026-08-27 11:30:00-04:00,61.2799,61.57,60.68,60.9055,752995
ASTS,2026-08-27 12:30:00-04:00,60.9,61.4395,60.84,61.0141,694204
ASTS,2026-08-27 13:30:00-04:00,61.025,61.34,60.66,61.091,679488
ASTS,2026-08-27 14:30:00-04:00,61.0894,61.21,60.72,60.95,390062
ASTS,2026-08-27 15:30:00-04:00,60.93,61.45,60.76,61.44,732349
ASTS,2026-08-28 09:30:00-04:00,61.04,61.19,58.95,59.885,1895284
ASTS,2026-08-28 10:30:00-04:00,59.96,60.33,59.6,59.85,703806
ASTS,2026-08-28 11:30:00-04:00,59.82,59.85,57.95,58.18,1371078
ASTS,2026-08-28 12:30:00-04:00,58.175,58.56,57.86,58.0371,1090672
ASTS,2026-08-28 13:30:00-04:00,58.035,58.27,57.6601,57.78,800750
ASTS,2026-08-28 14:30:00-04:00,57.79,58.1,57.555,58.03,908411
ASTS,2026-08-28 15:30:00-04:00,58.03,58.28,57.6902,58.1,1317647
ASTS,2026-08-31 09:30:00-04:00,57.36,58.04,56.5,57.6547,2153788
ASTS,2026-08-31 10:30:00-04:00,57.665,58.165,57.23,57.68,881106
ASTS,2026-08-31 11:30:00-04:00,57.665,58.18,57.56,58.1,529869
ASTS,2026-08-31 12:30:00-04:00,58.05,58.6,58.0112,58.23,577605
ASTS,2026-08-31 13:30:00-04:00,58.2,58.4999,58.15,58.235,291744
ASTS,2026-08-31 14:30:00-04:00,58.235,58.89,58.12,58.7,628232
ASTS,2026-08-31 15:30:00-04:00,58.725,59.4,58.68,59.2,1190351
ASTS,2026-09-01 09:30:00-04:00,57.36,58.4999,56.04,56.12,2295680
ASTS,2026-09-01 10:30:00-04:00,56.1,56.52,55.8906,56.3495,1004475
ASTS,2026-09-01 11:30:00-04:00,56.35,56.73,56.25,56.275,640005
ASTS,2026-09-01 12:30:00-04:00,56.28,56.8,55.91,56.785,606312
ASTS,2026-09-01 13:30:00-04:00,56.8,56.85,56.24,56.28,438217
ASTS,2026-09-01 14:30:00-04:00,56.29,56.41,55.82,56.2,1085416
ASTS,2026-09-01 15:30:00-04:00,56.2,56.29,55.7,55.79,1079826
ASTS,2026-09-02 09:30:00-04:00,58.325,62.88,58.0,62.6281,7829636
ASTS,2026-09-02 10:30:00-04:00,62.6,62.63,60.45,60.89,2821976
ASTS,2026-09-02 11:30:00-04:00,60.9,61.36,60.5449,60.86,993146
ASTS,2026-09-02 12:30:00-04:00,60.895,61.22,60.35,60.585,716768
ASTS,2026-09-02 13:30:00-04:00,60.6,62.1699,60.53,62.09,1089524
ASTS,2026-09-02 14:30:00-04:00,62.05,63.23,61.61,62.7881,2039391
ASTS,2026-09-02 15:30:00-04:00,62.76,63.08,62.2005,62.49,1860152
ASTS,2026-09-03 09:30:00-04:00,62.985,63.95,61.87,61.95,2626344
ASTS,2026-09-03 10:30:00-04:00,61.97,62.3499,61.4,62.0897,1315700
ASTS,2026-09-03 11:30:00-04:00,62.054,62.089,61.11,61.1735,706241
ASTS,2026-09-03 12:30:00-04:00,61.22,61.85,61.07,61.75,505291
ASTS,2026-09-03 13:30:00-04:00,61.75,62.18,61.7,61.92,478670
ASTS,2026-09-03 14:30:00-04:00,61.92,62.24,61.67,62.19,492551
ASTS,2026-09-03 15:30:00-04:00,62.1854,62.62,62.035,62.12,821018
FLY,2026-07-06 09:30:00-04:00,28.97,29.75,27.89,28.99,864547
FLY,2026-07-06 10:30:00-04:00,28.99,29.01,28.02,28.54,386271
FLY,2026-07-06 11:30:00-04:00,28.51,28.68,28.29,28.415,319468
FLY,2026-07-06 12:30:00-04:00,28.41,28.6399,28.14,28.155,227555
FLY,2026-07-06 13:30:00-04:00,28.14,28.14,27.8,27.92,332449
FLY,2026-07-06 14:30:00-04:00,27.9001,28.15,27.74,28.09,313417
FLY,2026-07-06 15:30:00-04:00,28.07,28.15,27.82,28.0,589912
FLY,2026-07-07 09:30:00-04:00,27.6,27.69,25.72,26.0059,950108
FLY,2026-07-07 10:30:00-04:00,26.005,26.27,25.725,26.015,297408
FLY,2026-07-07 11:30:00-04:00,26.03,26.29,25.8,26.22,182979
FLY,2026-07-07 12:30:00-04:00,26.21,26.26,25.88,25.98,251208
FLY,2026-07-07 13:30:00-04:00,25.99,26.15,25.94,25.965,198881
FLY,2026-07-07 14:30:00-04:00,25.94,25.9795,25.65,25.725,284714
FLY,2026-07-07 15:30:00-04:00,25.74,25.9,25.64,25.6639,460725
FLY,2026-07-08 09:30:00-04:00,25.1492,26.5,25.1492,25.86,796888
FLY,2026-07-08 10:30:00-04:00,25.89,26.01,25.3,25.405,315408
FLY,2026-07-08 11:30:00-04:00,25.43,25.71,25.35,25.6295,276706
FLY,2026-07-08 12:30:00-04:00,25.6099,25.65,25.03,25.33,206577
FLY,2026-07-08 13:30:00-04:00,25.345,25.5895,25.15,25.42,338753
FLY,2026-07-08 14:30:00-04:00,25.39,25.78,25.35,25.74,431622
FLY,2026-07-08 15:30:00-04:00,25.77,25.94,25.46,25.89,590520
FLY,2026-07-09 09:30:00-04:00,26.01,26.1277,25.34,25.69,493912
FLY,2026-07-09 10:30:00-04:00,25.705,25.91,25.54,25.83,245058
FLY,2026-07-09 11:30:00-04:00,25.795,26.01,25.55,25.61,175249
FLY,2026-07-09 12:30:00-04:00,25.62,25.75,25.55,25.73,137811
FLY,2026-07-09 13:30:00-04:00,25.7276,25.76,25.56,25.71,173528
FLY,2026-07-09 14:30:00-04:00,25.69,25.85,25.44,25.44,151053
FLY,2026-07-09 15:30:00-04:00,25.42,25.4554,25.27,25.28,362237
FLY,2026-07-10 09:30:00-04:00,25.48,25.56,24.18,24.7,622438
FLY,2026-07-10 10:30:00-04:00,24.75,24.94,24.3,24.43,292660
FLY,2026-07-10 11:30:00-04:00,24.43,24.55,24.28,24.5418,180402
FLY,2026-07-10 12:30:00-04:00,24.5713,24.73,24.3541,24.39,207901
FLY,2026-07-10 13:30:00-04:00,24.395,24.51,24.17,24.19,236213
FLY,2026-07-10 14:30:00-04:00,24.2,24.26,24.04,24.13,276158
FLY,2026-07-10 15:30:00-04:00,24.1499,24.22,24.075,24.095,323326
FLY,2026-07-13 09:30:00-04:00,23.665,23.8,22.76,22.97,540771
FLY,2026-07-13 10:30:00-04:00,22.95,23.5,22.82,23.21,370644
FLY,2026-07-13 11:30:00-04:00,23.195,23.245,22.62,22.72,237862
FLY,2026-07-13 12:30:00-04:00,22.68,22.79,22.16,22.2474,440624
FLY,2026-07-13 13:30:00-04:00,22.24,22.41,22.11,22.1222,377203
FLY,2026-07-13 14:30:00-04:00,22.11,22.26,22.06,22.145,335290
FLY,2026-07-13 15:30:00-04:00,22.15,22.43,22.11,22.275,556548
FLY,2026-07-14 09:30:00-04:00,22.75,23.15,22.33,22.43,574326
FLY,2026-07-14 10:30:00-04:00,22.41,22.72,22.2901,22.645,283350
FLY,2026-07-14 11:30:00-04:00,22.66,22.755,22.33,22.53,231451
FLY,2026-07-14 12:30:00-04:00,22.5,22.6,22.25,22.395,245036
FLY,2026-07-14 13:30:00-04:00,22.41,22.49,22.03,22.08,225061
FLY,2026-07-14 14:30:00-04:00,22.1,22.13,21.91,21.91,422526
FLY,2026-07-14 15:30:00-04:00,21.9,21.9,21.53,21.55,513179
FLY,2026-07-15 09:30:00-04:00,21.725,22.3,20.878,21.25,1067108
FLY,2026-07-15 10:30:00-04:00,21.23,21.38,20.825,20.8744,645430
FLY,2026-07-15 11:30:00-04:00,20.88,20.98,20.7,20.792,612292
FLY,2026-07-15 12:30:00-04:00,20.8057,21.34,20.74,21.18,446588
FLY,2026-07-15 13:30:00-04:00,21.19,21.625,21.19,21.24,578161
FLY,2026-07-15 14:30:00-04:00,21.245,21.3,20.825,20.875,384425
FLY,2026-07-15 15:30:00-04:00,20.88,21.0,20.7819,20.95,512384
FLY,2026-07-16 09:30:00-04:00,20.47,20.48,19.4201,19.55,1154862
FLY,2026-07-16 10:30:00-04:00,19.54,19.75,19.325,19.47,721223
FLY,2026-07-16 11:30:00-04:00,19.45,20.94,18.9205,19.12,784653
FLY,2026-07-16 12:30:00-04:00,19.125,19.14,18.88,18.95,452484
FLY,2026-07-16 13:30:00-04:00,18.935,19.1695,18.84,18.97,451545
FLY,2026-07-16 14:30:00-04:00,18.96,19.025,18.77,18.935,396100
FLY,2026-07-16 15:30:00-04:00,18.935,19.09,18.805,19.025,833766
FLY,2026-07-17 09:30:00-04:00,18.27,18.97,18.03,18.795,1351261
FLY,2026-07-17 10:30:00-04:00,18.78,19.3399,18.73,19.31,722674
FLY,2026-07-17 11:30:00-04:00,19.3,19.99,19.095,19.66,658043
FLY,2026-07-17 12:30:00-04:00,19.65,20.19,19.53,20.055,649756
FLY,2026-07-17 13:30:00-04:00,20.06,20.22,19.64,19.715,430657
FLY,2026-07-17 14:30:00-04:00,19.7,19.735,19.26,19.29,431786
FLY,2026-07-17 15:30:00-04:00,19.3,19.425,19.12,19.28,530378
FLY,2026-07-20 09:30:00-04:00,19.26,19.69,18.96,19.37,721860
FLY,2026-07-20 10:30:00-04:00,19.37,19.51,19.2,19.34,316687
FLY,2026-07-20 11:30:00-04:00,19.37,19.79,19.1905,19.69,266877
FLY,2026-07-20 12:30:00-04:00,19.71,19.73,19.45,19.5,228608
FLY,2026-07-20 13:30:00-04:00,19.53,19.95,19.44,19.645,201434
FLY,2026-07-20 14:30:00-04:00,19.63,19.63,19.25,19.585,320959
FLY,2026-07-20 15:30:00-04:00,19.58,19.7,19.33,19.68,711719
FLY,2026-07-21 09:30:00-04:00,19.91,20.83,19.67,20.81,799959
FLY,2026-07-21 10:30:00-04:00,20.84,21.36,20.5501,21.305,734130
FLY,2026-07-21 11:30:00-04:00,21.3,21.39,21.01,21.16,455891
FLY,2026-07-21 12:30:00-04:00,21.15,21.5,20.98,21.35,345150
FLY,2026-07-21 13:30:00-04:00,21.33,21.44,21.0401,21.065,348948
FLY,2026-07-21 14:30:00-04:00,21.03,21.09,20.76,20.85,378239
FLY,2026-07-21 15:30:00-04:00,20.865,21.16,20.84,21.1,485845
FLY,2026-07-22 09:30:00-04:00,21.0,21.32,20.53,21.0,511571
FLY,2026-07-22 10:30:00-04:00,21.005,21.1644,20.64,20.98,256668
FLY,2026-07-22 11:30:00-04:00,20.97,20.99,20.73,20.78,178088
FLY,2026-07-22 12:30:00-04:00,20.76,20.81,20.575,20.64,156398
FLY,2026-07-22 13:30:00-04:00,20.64,20.681,20.27,20.31,199731
FLY,2026-07-22 14:30:00-04:00,20.3,20.465,20.17,20.255,233317
FLY,2026-07-22 15:30:00-04:00,20.26,20.29,20.03,20.22,290569
FLY,2026-07-23 09:30:00-04:00,19.9,21.32,19.8,20.59,711001
FLY,2026-07-23 10:30:00-04:00,20.58,20.595,20.01,20.145,379160
FLY,2026-07-23 11:30:00-04:00,20.18,21.19,20.16,21.14,426752
FLY,2026-07-23 12:30:00-04:00,21.16,21.16,20.68,20.7398,219183
FLY,2026-07-23 13:30:00-04:00,20.72,20.72,20.45,20.53,156368
FLY,2026-07-23 14:30:00-04:00,20.52,20.585,20.33,20.47,146314
FLY,2026-07-23 15:30:00-04:00,20.49,20.73,20.35,20.71,335724
FLY,2026-07-24 09:30:00-04:00,20.72,20.86,19.78,19.98,524854
FLY,2026-07-24 10:30:00-04:00,19.97,20.21,19.53,20.1,417053
FLY,2026-07-24 11:30:00-04:00,20.06,20.26,19.87,20.16,217828
FLY,2026-07-24 12:30:00-04:00,20.13,20.15,19.785,19.97,150878
FLY,2026-07-24 13:30:00-04:00,19.96,19.98,19.69,19.765,171861
FLY,2026-07-24 14:30:00-04:00,19.765,19.89,19.64,19.825,241906
FLY,2026-07-24 15:30:00-04:00,19.82,19.85,19.64,19.685,488992
FLY,2026-07-27 09:30:00-04:00,20.11,20.547,19.51,19.74,688798
FLY,2026-07-27 10:30:00-04:00,19.72,19.94,19.4101,19.66,281022
FLY,2026-07-27 11:30:00-04:00,19.67,19.74,19.36,19.71,263241
FLY,2026-07-27 12:30:00-04:00,19.73,19.86,19.6,19.6,263025
FLY,2026-07-27 13:30:00-04:00,19.6,19.73,19.51,19.6,145193
FLY,2026-07-27 14:30:00-04:00,19.6,19.91,19.41,19.91,241965
FLY,2026-07-27 15:30:00-04:00,19.915,20.02,19.64,19.88,432279
FLY,2026-07-28 09:30:00-04:00,19.3,19.52,18.4001,18.6509,1311826
FLY,2026-07-28 10:30:00-04:00,18.6327,20.32,18.575,19.59,571598
FLY,2026-07-28 11:30:00-04:00,19.605,19.65,19.2702,19.33,212812
FLY,2026-07-28 12:30:00-04:00,19.32,19.53,19.175,19.175,223512
FLY,2026-07-28 13:30:00-04:00,19.15,19.2,18.8,18.94,351768
FLY,2026-07-28 14:30:00-04:00,18.93,19.4299,18.86,19.36,409787
FLY,2026-07-28 15:30:00-04:00,19.37,19.41,19.09,19.33,365795
FLY,2026-07-29 09:30:00-04:00,19.175,19.21,18.15,18.2,585088
FLY,2026-07-29 10:30:00-04:00,18.205,18.27,17.8701,17.93,629969
FLY,2026-07-29 11:30:00-04:00,17.92,18.08,17.73,17.86,504567
FLY,2026-07-29 12:30:00-04:00,17.88,18.21,17.83,18.0501,260122
FLY,2026-07-29 13:30:00-04:00,18.04,18.6,18.03,18.3041,299311
FLY,2026-07-29 14:30:00-04:00,18.33,19.02,18.205,18.309,693997
FLY,2026-07-29 15:30:00-04:00,18.305,18.36,17.71,17.8476,723024
FLY,2026-07-30 09:30:00-04:00,18.55,19.89,18.2,19.32,1198327
FLY,2026-07-30 10:30:00-04:00,19.28,19.5589,19.045,19.135,602237
FLY,2026-07-30 11:30:00-04:00,19.11,19.45,19.05,19.38,278657
FLY,2026-07-30 12:30:00-04:00,19.36,19.5474,19.11,19.36,419705
FLY,2026-07-30 13:30:00-04:00,19.37,19.54,19.2,19.375,162983
FLY,2026-07-30 14:30:00-04:00,19.375,20.24,19.365,20.1201,571036
FLY,2026-07-30 15:30:00-04:00,20.16,20.44,20.11,20.305,756934
FLY,2026-07-31 09:30:00-04:00,21.16,21.3,19.43,19.7471,747769
FLY,2026-07-31 10:30:00-04:00,19.74,19.86,19.39,19.4641,363256
FLY,2026-07-31 11:30:00-04:00,19.455,19.68,19.39,19.605,238357
FLY,2026-07-31 12:30:00-04:00,19.6,19.7366,19.495,19.7,177913
FLY,2026-07-31 13:30:00-04:00,19.72,19.88,19.67,19.83,218468
FLY,2026-07-31 14:30:00-04:00,19.82,20.29,19.77,20.23,332205
FLY,2026-07-31 15:30:00-04:00,20.235,20.42,20.115,20.34,409554
FLY,2026-08-03 09:30:00-04:00,19.59,21.084,19.57,21.035,709746
FLY,2026-08-03 10:30:00-04:00,21.05,21.64,21.01,21.475,483780
FLY,2026-08-03 11:30:00-04:00,21.5,21.75,21.38,21.56,307332
FLY,2026-08-03 12:30:00-04:00,21.575,21.595,21.25,21.48,154674
FLY,2026-08-03 13:30:00-04:00,21.47,21.62,21.42,21.4493,210372
FLY,2026-08-03 14:30:00-04:00,21.45,21.795,21.37,21.73,222167
FLY,2026-08-03 15:30:00-04:00,21.73,21.96,21.71,21.9,652830
FLY,2026-08-04 09:30:00-04:00,22.705,23.39,22.3935,22.95,794525
FLY,2026-08-04 10:30:00-04:00,22.96,23.13,22.8,22.935,330777
FLY,2026-08-04 11:30:00-04:00,22.95,23.14,22.84,23.01,275630
FLY,2026-08-04 12:30:00-04:00,23.015,23.07,22.83,22.95,297495
FLY,2026-08-04 13:30:00-04:00,22.96,23.06,22.78,23.02,234437
FLY,2026-08-04 14:30:00-04:00,23.02,23.87,22.885,23.72,673641
FLY,2026-08-04 15:30:00-04:00,23.76,23.8,23.27,23.34,723322
FLY,2026-08-05 09:30:00-04:00,23.165,23.5,22.58,22.83,599531
FLY,2026-08-05 10:30:00-04:00,22.82,22.82,22.38,22.58,244089
FLY,2026-08-05 11:30:00-04:00,22.63,22.7799,22.415,22.68,144559
FLY,2026-08-05 12:30:00-04:00,22.71,22.74,22.38,22.515,207975
FLY,2026-08-05 13:30:00-04:00,22.49,22.8599,22.49,22.735,163020
FLY,2026-08-05 14:30:00-04:00,22.73,22.89,22.53,22.88,177237
FLY,2026-08-05 15:30:00-04:00,22.89,23.02,22.6723,22.84,297511
FLY,2026-08-06 09:30:00-04:00,22.6,24.43,22.4501,24.37,497454
FLY,2026-08-06 10:30:00-04:00,24.41,24.76,23.94,24.0675,374287
FLY,2026-08-06 11:30:00-04:00,24.0675,24.15,23.45,23.5,219666
FLY,2026-08-06 12:30:00-04:00,23.47,24.2,23.47,24.055,294308
FLY,2026-08-06 13:30:00-04:00,24.04,24.23,23.82,24.12,183587
FLY,2026-08-06 14:30:00-04:00,24.13,24.215,23.9408,24.09,218304
FLY,2026-08-06 15:30:00-04:00,24.06,24.1695,23.96,24.03,398105
FLY,2026-08-07 09:30:00-04:00,24.54,25.26,24.279,25.14,683508
FLY,2026-08-07 10:30:00-04:00,25.135,25.64,24.8367,25.59,553762
FLY,2026-08-07 11:30:00-04:00,25.58,26.5482,25.57,26.335,672578
FLY,2026-08-07 12:30:00-04:00,26.35,26.5,26.0001,26.37,318946
FLY,2026-08-07 13:30:00-04:00,26.4,26.44,26.1,26.145,268400
FLY,2026-08-07 14:30:00-04:00,26.12,26.375,25.725,26.29,571789
FLY,2026-08-07 15:30:00-04:00,26.255,26.755,26.02,26.705,771902
FLY,2026-08-10 09:30:00-04:00,26.88,27.17,25.9,26.45,620772
FLY,2026-08-10 10:30:00-04:00,26.465,26.56,25.58,25.58,425704
FLY,2026-08-10 11:30:00-04:00,25.61,25.95,25.46,25.5,178117
FLY,2026-08-10 12:30:00-04:00,25.49,25.63,25.3,25.49,232373
FLY,2026-08-10 13:30:00-04:00,25.5,25.5,25.24,25.29,208665
FLY,2026-08-10 14:30:00-04:00,25.3,25.4,24.98,25.335,252728
FLY,2026-08-10 15:30:00-04:00,25.35,25.89,25.315,25.755,455577
FLY,2026-08-11 09:30:00-04:00,25.7578,26.2,25.08,25.96,480223
FLY,2026-08-11 10:30:00-04:00,26.11,26.22,25.6325,25.67,193131
FLY,2026-08-11 11:30:00-04:00,25.65,26.1395,25.63,25.815,228540
FLY,2026-08-11 12:30:00-04:00,25.81,26.1099,25.81,26.065,155351
FLY,2026-08-11 13:30:00-04:00,26.05,26.15,25.87,25.96,197568
FLY,2026-08-11 14:30:00-04:00,25.98,26.8499,25.98,26.61,599118
FLY,2026-08-11 15:30:00-04:00,26.62,26.73,26.19,26.37,703441
FLY,2026-08-12 09:30:00-04:00,27.0,27.74,26.04,27.37,1473886
FLY,2026-08-12 10:30:00-04:00,27.335,27.73,26.64,26.76,862769
FLY,2026-08-12 11:30:00-04:00,26.78,26.94,26.26,26.28,482574
FLY,2026-08-12 12:30:00-04:00,26.29,26.55,26.0101,26.22,892242
FLY,2026-08-12 13:30:00-04:00,26.2,26.59,26.1601,26.5899,462478
FLY,2026-08-12 14:30:00-04:00,26.6,26.7952,26.01,26.26,686374
FLY,2026-08-12 15:30:00-04:00,26.28,26.63,25.8501,26.54,1014189
FLY,2026-08-13 09:30:00-04:00,25.31,27.7024,25.2406,27.16,1017878
FLY,2026-08-13 10:30:00-04:00,27.09,27.13,26.43,26.6186,636140
FLY,2026-08-13 11:30:00-04:00,26.61,26.91,26.2301,26.44,330270
FLY,2026-08-13 12:30:00-04:00,26.43,26.77,26.33,26.635,235504
FLY,2026-08-13 13:30:00-04:00,26.635,26.79,26.59,26.75,244336
FLY,2026-08-13 14:30:00-04:00,26.76,27.16,26.76,26.9,399249
FLY,2026-08-13 15:30:00-04:00,26.88,27.01,26.54,26.77,554626
FLY,2026-08-14 09:30:00-04:00,27.68,28.2,26.2,27.075,877581
FLY,2026-08-14 10:30:00-04:00,27.075,27.075,26.26,26.49,355524
FLY,2026-08-14 11:30:00-04:00,26.415,26.99,26.214,26.88,414875
FLY,2026-08-14 12:30:00-04:00,26.89,26.9,26.55,26.88,214371
FLY,2026-08-14 13:30:00-04:00,26.88,26.93,26.43,26.44,143183
FLY,2026-08-14 14:30:00-04:00,26.45,26.48,26.2036,26.345,335117
FLY,2026-08-14 15:30:00-04:00,26.32,26.8,26.25,26.67,650620
FLY,2026-08-17 09:30:00-04:00,26.38,27.7,26.1101,27.38,646939
FLY,2026-08-17 10:30:00-04:00,27.39,27.39,26.808,26.94,284260
FLY,2026-08-17 11:30:00-04:00,26.97,27.49,26.91,27.19,276068
FLY,2026-08-17 12:30:00-04:00,27.185,27.345,27.03,27.03,261796
FLY,2026-08-17 13:30:00-04:00,27.04,27.15,26.815,26.94,219798
FLY,2026-08-17 14:30:00-04:00,26.96,27.24,26.96,27.1674,196029
FLY,2026-08-17 15:30:00-04:00,27.16,27.33,27.05,27.185,304451
FLY,2026-08-18 09:30:00-04:00,26.0,26.8025,25.48,25.92,618650
FLY,2026-08-18 10:30:00-04:00,25.93,26.38,25.6,26.3301,306981
FLY,2026-08-18 11:30:00-04:00,26.32,26.59,26.1614,26.44,115598
FLY,2026-08-18 12:30:00-04:00,26.37,26.96,26.37,26.75,137016
FLY,2026-08-18 13:30:00-04:00,26.77,26.8495,26.41,26.54,123782
FLY,2026-08-18 14:30:00-04:00,26.57,26.5865,26.0,26.2,255247
FLY,2026-08-18 15:30:00-04:00,26.2,26.35,26.035,26.15,270750
FLY,2026-08-19 09:30:00-04:00,26.01,26.0958,24.43,25.4099,893102
FLY,2026-08-19 10:30:00-04:00,25.4008,25.93,25.39,25.73,215407
FLY,2026-08-19 11:30:00-04:00,25.75,25.75,25.38,25.69,140134
FLY,2026-08-19 12:30:00-04:00,25.67,25.76,25.57,25.71,111528
FLY,2026-08-19 13:30:00-04:00,25.71,25.745,25.4,25.43,119147
FLY,2026-08-19 14:30:00-04:00,25.44,25.59,25.165,25.3,147642
FLY,2026-08-19 15:30:00-04:00,25.31,25.43,25.23,25.295,401375
FLY,2026-08-20 09:30:00-04:00,25.32,25.3607,23.8,23.89,573444
FLY,2026-08-20 10:30:00-04:00,23.865,23.91,23.12,23.22,510517
FLY,2026-08-20 11:30:00-04:00,23.23,23.39,22.94,23.115,413360
FLY,2026-08-20 12:30:00-04:00,23.11,23.2,22.93,23.02,344973
FLY,2026-08-20 13:30:00-04:00,23.02,23.37,23.02,23.19,292253
FLY,2026-08-20 14:30:00-04:00,23.18,23.3785,23.05,23.3,361325
FLY,2026-08-20 15:30:00-04:00,23.29,23.74,23.27,23.63,561599
FLY,2026-08-21 09:30:00-04:00,24.1399,24.54,23.715,24.105,575149
FLY,2026-08-21 10:30:00-04:00,24.14,24.785,23.92,24.625,239254
FLY,2026-08-21 11:30:00-04:00,24.5929,25.065,24.5929,25.03,290081
FLY,2026-08-21 12:30:00-04:00,25.05,25.165,24.79,24.94,157040
FLY,2026-08-21 13:30:00-04:00,24.96,25.17,24.81,24.84,175190
FLY,2026-08-21 14:30:00-04:00,24.8399,24.8758,24.66,24.73,162165
FLY,2026-08-21 15:30:00-04:00,24.7,24.73,24.41,24.44,277598
FLY,2026-08-24 09:30:00-04:00,23.8,23.91,23.0,23.67,747945
FLY,2026-08-24 10:30:00-04:00,23.71,23.86,23.56,23.8,195790
FLY,2026-08-24 11:30:00-04:00,23.79,23.8905,23.5107,23.67,184724
FLY,2026-08-24 12:30:00-04:00,23.67,23.67,23.43,23.495,175113
FLY,2026-08-24 13:30:00-04:00,23.48,23.53,23.37,23.45,147232
FLY,2026-08-24 14:30:00-04:00,23.47,23.56,23.25,23.435,278567
FLY,2026-08-24 15:30:00-04:00,23.435,23.45,23.05,23.07,316712
FLY,2026-08-25 09:30:00-04:00,23.5,23.61,22.315,22.56,840055
FLY,2026-08-25 10:30:00-04:00,22.55,22.73,22.37,22.605,286972
FLY,2026-08-25 11:30:00-04:00,22.6025,22.76,22.435,22.49,212875
FLY,2026-08-25 12:30:00-04:00,22.4828,22.59,22.29,22.495,250400
FLY,2026-08-25 13:30:00-04:00,22.5,23.1,22.43,22.49,203611
FLY,2026-08-25 14:30:00-04:00,22.485,22.49,22.14,22.2386,318609
FLY,2026-08-25 15:30:00-04:00,22.235,22.34,22.13,22.26,506924
FLY,2026-08-26 09:30:00-04:00,22.16,22.875,22.08,22.105,517013
FLY,2026-08-26 10:30:00-04:00,22.1,22.4,22.09,22.32,300176
FLY,2026-08-26 11:30:00-04:00,22.31,22.38,22.21,22.295,236529
FLY,2026-08-26 12:30:00-04:00,22.3,22.4651,22.29,22.39,181782
FLY,2026-08-26 13:30:00-04:00,22.39,22.41,22.215,22.2818,137570
FLY,2026-08-26 14:30:00-04:00,22.28,22.39,22.18,22.37,146062
FLY,2026-08-26 15:30:00-04:00,22.355,22.39,22.2,22.25,247787
FLY,2026-08-27 09:30:00-04:00,22.69,22.73,22.1,22.21,320727
FLY,2026-08-27 10:30:00-04:00,22.23,22.245,22.04,22.16,212192
FLY,2026-08-27 11:30:00-04:00,22.16,22.22,21.94,22.0853,326078
FLY,2026-08-27 12:30:00-04:00,22.09,22.21,22.0,22.07,184202
FLY,2026-08-27 13:30:00-04:00,22.088,22.16,22.03,22.045,156715
FLY,2026-08-27 14:30:00-04:00,22.06,22.155,22.0,22.08,145379
FLY,2026-08-27 15:30:00-04:00,22.075,22.28,22.055,22.165,335144
FLY,2026-08-28 09:30:00-04:00,21.87,22.06,21.18,21.53,512931
FLY,2026-08-28 10:30:00-04:00,21.53,21.7425,21.48,21.545,223827
FLY,2026-08-28 11:30:00-04:00,21.53,21.535,20.92,20.99,381017
FLY,2026-08-28 12:30:00-04:00,21.001,21.2,20.906,20.95,294534
FLY,2026-08-28 13:30:00-04:00,20.935,21.05,20.9,20.95,213999
FLY,2026-08-28 14:30:00-04:00,20.95,21.5,20.79,21.485,602216
FLY,2026-08-28 15:30:00-04:00,21.46,21.475,21.23,21.29,368439
FLY,2026-08-31 09:30:00-04:00,21.0,21.65,20.94,20.95,384613
FLY,2026-08-31 10:30:00-04:00,20.95,21.24,20.9,20.98,172679
FLY,2026-08-31 11:30:00-04:00,20.96,21.22,20.89,21.21,170367
FLY,2026-08-31 12:30:00-04:00,21.23,21.26,21.09,21.1,115140
FLY,2026-08-31 13:30:00-04:00,21.11,21.175,21.01,21.075,195826
FLY,2026-08-31 14:30:00-04:00,21.075,21.12,21.01,21.02,164143
FLY,2026-08-31 15:30:00-04:00,21.04,21.18,20.99,21.11,385834
FLY,2026-09-01 09:30:00-04:00,20.46,21.25,20.353,20.4,327127
FLY,2026-09-01 10:30:00-04:00,20.4195,20.64,20.38,20.525,188048
FLY,2026-09-01 11:30:00-04:00,20.51,20.65,20.485,20.56,130377
FLY,2026-09-01 12:30:00-04:00,20.56,20.75,20.4724,20.75,178544
FLY,2026-09-01 13:30:00-04:00,20.76,20.765,20.62,20.63,88916
FLY,2026-09-01 14:30:00-04:00,20.64,20.78,20.56,20.73,330392
FLY,2026-09-01 15:30:00-04:00,20.735,20.83,20.582,20.69,442167
FLY,2026-09-02 09:30:00-04:00,20.7,21.185,20.68,21.025,403765
FLY,2026-09-02 10:30:00-04:00,21.02,21.02,20.68,20.76,249446
FLY,2026-09-02 11:30:00-04:00,20.765,21.12,20.755,20.84,263359
FLY,2026-09-02 12:30:00-04:00,20.8446,20.895,20.75,20.79,120336
FLY,2026-09-02 13:30:00-04:00,20.775,21.1576,20.763,21.135,140854
FLY,2026-09-02 14:30:00-04:00,21.125,21.24,21.02,21.175,146926
FLY,2026-09-02 15:30:00-04:00,21.18,21.21,20.97,21.06,448565
FLY,2026-09-03 09:30:00-04:00,21.44,21.65,21.0701,21.34,325608
FLY,2026-09-03 10:30:00-04:00,21.285,21.39,21.14,21.18,275138
FLY,2026-09-03 11:30:00-04:00,21.19,21.195,20.7,20.875,232886
FLY,2026-09-03 12:30:00-04:00,20.86,20.93,20.805,20.895,127100
FLY,2026-09-03 13:30:00-04:00,20.9,21.045,20.782,20.89,173533
FLY,2026-09-03 14:30:00-04:00,20.88,20.93,20.74,20.915,171821
FLY,2026-09-03 15:30:00-04:00,20.92,21.12,20.86,21.07,307071
PL,2026-07-06 09:30:00-04:00,31.08,32.61,30.74,32.035,2334708
PL,2026-07-06 10:30:00-04:00,32.06,32.29,31.63,31.865,992894
PL,2026-07-06 11:30:00-04:00,31.85,31.92,31.495,31.55,781980
PL,2026-07-06 12:30:00-04:00,31.54,31.68,31.25,31.27,748075
PL,2026-07-06 13:30:00-04:00,31.26,31.31,30.77,31.05,865670
PL,2026-07-06 14:30:00-04:00,31.04,31.14,30.86,31.09,779211
PL,2026-07-06 15:30:00-04:00,31.09,31.09,30.61,30.89,1527965
PL,2026-07-07 09:30:00-04:00,29.83,30.175,28.54,29.12,1727926
PL,2026-07-07 10:30:00-04:00,29.14,29.265,28.73,29.07,716510
PL,2026-07-07 11:30:00-04:00,29.07,29.35,28.85,29.205,631428
PL,2026-07-07 12:30:00-04:00,29.2,29.28,28.995,29.25,417481
PL,2026-07-07 13:30:00-04:00,29.26,29.4,29.12,29.22,399577
PL,2026-07-07 14:30:00-04:00,29.23,29.23,28.65,28.77,577194
PL,2026-07-07 15:30:00-04:00,28.78,28.84,28.605,28.66,921515
PL,2026-07-08 09:30:00-04:00,28.0,29.01,27.2006,27.995,2273018
PL,2026-07-08 10:30:00-04:00,27.98,28.14,27.31,27.41,827419
PL,2026-07-08 11:30:00-04:00,27.42,27.57,27.25,27.405,921317
PL,2026-07-08 12:30:00-04:00,27.4,27.46,26.84,27.1099,1227763
PL,2026-07-08 13:30:00-04:00,27.1,27.38,27.02,27.25,738650
PL,2026-07-08 14:30:00-04:00,27.24,27.63,27.19,27.59,749455
PL,2026-07-08 15:30:00-04:00,27.6,27.88,27.49,27.725,1329739
PL,2026-07-09 09:30:00-04:00,28.19,28.4,27.225,27.715,1284024
PL,2026-07-09 10:30:00-04:00,27.725,27.86,27.55,27.81,538106
PL,2026-07-09 11:30:00-04:00,27.82,27.93,27.49,27.6,582709
PL,2026-07-09 12:30:00-04:00,27.59,27.6827,27.455,27.5975,517034
PL,2026-07-09 13:30:00-04:00,27.6,27.75,27.34,27.71,497714
PL,2026-07-09 14:30:00-04:00,27.72,27.73,27.26,27.26,581627
PL,2026-07-09 15:30:00-04:00,27.26,27.415,27.135,27.19,1400671
PL,2026-07-10 09:30:00-04:00,27.34,27.36,25.32,25.65,2440673
PL,2026-07-10 10:30:00-04:00,25.655,25.84,25.37,25.695,1030989
PL,2026-07-10 11:30:00-04:00,25.71,25.8781,25.49,25.83,572240
PL,2026-07-10 12:30:00-04:00,25.83,26.07,25.83,25.915,456851
PL,2026-07-10 13:30:00-04:00,25.91,26.07,25.91,25.965,468089
PL,2026-07-10 14:30:00-04:00,25.96,26.09,25.82,25.96,592156
PL,2026-07-10 15:30:00-04:00,25.95,26.11,25.92,26.05,854274
PL,2026-07-13 09:30:00-04:00,25.96,27.03,25.96,26.69,1560397
PL,2026-07-13 10:30:00-04:00,26.67,26.715,26.28,26.44,511348
PL,2026-07-13 11:30:00-04:00,26.44,26.535,25.98,26.065,611812
PL,2026-07-13 12:30:00-04:00,26.06,26.52,25.91,26.12,539091
PL,2026-07-13 13:30:00-04:00,26.1,26.1699,25.91,25.945,368018
PL,2026-07-13 14:30:00-04:00,25.94,25.975,25.68,25.77,688667
PL,2026-07-13 15:30:00-04:00,25.775,26.1,25.695,25.97,795001
PL,2026-07-14 09:30:00-04:00,26.18,26.8,25.7,25.91,1176131
PL,2026-07-14 10:30:00-04:00,25.91,26.14,25.61,26.01,588699
PL,2026-07-14 11:30:00-04:00,26.02,26.06,25.67,25.875,449262
PL,2026-07-14 12:30:00-04:00,25.88,25.92,25.41,25.68,425038
PL,2026-07-14 13:30:00-04:00,25.676,25.9003,25.622,25.67,561748
PL,2026-07-14 14:30:00-04:00,25.67,25.74,25.46,25.49,457118
PL,2026-07-14 15:30:00-04:00,25.47,25.635,25.43,25.56,822070
PL,2026-07-15 09:30:00-04:00,25.53,26.58,25.105,25.52,1273535
PL,2026-07-15 10:30:00-04:00,25.525,25.68,25.07,25.27,518123
PL,2026-07-15 11:30:00-04:00,25.27,25.27,24.35,24.4374,1071597
PL,2026-07-15 12:30:00-04:00,24.44,24.895,24.3,24.82,844953
PL,2026-07-15 13:30:00-04:00,24.83,25.11,24.81,25.04,686149
PL,2026-07-15 14:30:00-04:00,25.06,25.105,24.57,24.7,770156
PL,2026-07-15 15:30:00-04:00,24.71,24.95,24.71,24.905,1174924
PL,2026-07-16 09:30:00-04:00,24.13,24.16,22.9,23.135,3239682
PL,2026-07-16 10:30:00-04:00,23.13,23.13,22.46,22.63,1845492
PL,2026-07-16 11:30:00-04:00,22.63,22.63,21.645,22.1919,4025435
PL,2026-07-16 12:30:00-04:00,22.19,22.34,21.89,21.985,2144472
PL,2026-07-16 13:30:00-04:00,21.988,22.11,21.85,21.92,1892173
PL,2026-07-16 14:30:00-04:00,21.92,22.27,21.85,22.16,1798261
PL,2026-07-16 15:30:00-04:00,22.16,22.32,21.98,22.09,2411995
PL,2026-07-17 09:30:00-04:00,21.86,22.67,21.03,22.41,2082568
PL,2026-07-17 10:30:00-04:00,22.42,22.61,22.1701,22.395,884917
PL,2026-07-17 11:30:00-04:00,22.37,23.04,22.265,22.8,863265
PL,2026-07-17 12:30:00-04:00,22.79,23.22,22.7128,23.22,706147
PL,2026-07-17 13:30:00-04:00,23.22,23.29,22.87,22.92,853141
PL,2026-07-17 14:30:00-04:00,22.9123,23.04,22.65,22.715,728064
PL,2026-07-17 15:30:00-04:00,22.72,22.8,22.46,22.47,1947393
PL,2026-07-20 09:30:00-04:00,21.72,23.04,21.09,22.7206,2206039
PL,2026-07-20 10:30:00-04:00,22.71,22.74,22.41,22.47,909832
PL,2026-07-20 11:30:00-04:00,22.48,22.61,22.195,22.56,679154
PL,2026-07-20 12:30:00-04:00,22.56,22.615,22.36,22.4,564437
PL,2026-07-20 13:30:00-04:00,22.42,22.8,22.365,22.62,516889
PL,2026-07-20 14:30:00-04:00,22.61,22.61,22.2,22.27,755058
PL,2026-07-20 15:30:00-04:00,22.285,22.33,22.06,22.165,1434665
PL,2026-07-21 09:30:00-04:00,22.65,23.04,22.18,22.965,947515
PL,2026-07-21 10:30:00-04:00,22.97,23.42,22.8901,23.16,1185270
PL,2026-07-21 11:30:00-04:00,23.155,23.27,22.955,23.01,425166
PL,2026-07-21 12:30:00-04:00,23.01,23.24,22.8775,23.1,330141
PL,2026-07-21 13:30:00-04:00,23.09,23.18,22.985,23.02,474929
PL,2026-07-21 14:30:00-04:00,23.0221,23.04,22.81,22.86,554184
PL,2026-07-21 15:30:00-04:00,22.86,23.14,22.85,23.11,939383
PL,2026-07-22 09:30:00-04:00,22.9,23.1,22.3,22.815,1026187
PL,2026-07-22 10:30:00-04:00,22.815,23.05,22.63,22.965,525194
PL,2026-07-22 11:30:00-04:00,22.96,22.98,22.7301,22.79,514118
PL,2026-07-22 12:30:00-04:00,22.81,22.89,22.6021,22.74,530993
PL,2026-07-22 13:30:00-04:00,22.73,22.78,22.35,22.38,393607
PL,2026-07-22 14:30:00-04:00,22.38,22.45,22.3,22.405,401319
PL,2026-07-22 15:30:00-04:00,22.4014,22.67,22.28,22.61,1325473
PL,2026-07-23 09:30:00-04:00,22.29,22.805,22.04,22.22,732569
PL,2026-07-23 10:30:00-04:00,22.21,22.23,21.4,21.515,934752
PL,2026-07-23 11:30:00-04:00,21.51,22.1501,21.49,22.07,574542
PL,2026-07-23 12:30:00-04:00,22.07,22.19,21.925,22.14,450873
PL,2026-07-23 13:30:00-04:00,22.15,22.15,22.005,22.05,556638
PL,2026-07-23 14:30:00-04:00,22.04,22.185,21.86,22.02,551882
PL,2026-07-23 15:30:00-04:00,22.035,22.395,22.035,22.35,1093363
PL,2026-07-24 09:30:00-04:00,22.25,22.28,20.62,20.82,1558150
PL,2026-07-24 10:30:00-04:00,20.8,20.975,20.545,20.85,1774748
PL,2026-07-24 11:30:00-04:00,20.85,20.9017,20.4601,20.55,1336321
PL,2026-07-24 12:30:00-04:00,20.55,20.5779,20.29,20.54,996730
PL,2026-07-24 13:30:00-04:00,20.53,20.755,20.475,20.61,1186584
PL,2026-07-24 14:30:00-04:00,20.61,20.67,20.45,20.5175,1394798
PL,2026-07-24 15:30:00-04:00,20.53,20.7,20.42,20.49,1846664
PL,2026-07-27 09:30:00-04:00,20.51,21.47,20.42,20.5,1492489
PL,2026-07-27 10:30:00-04:00,20.51,20.76,20.21,20.68,602686
PL,2026-07-27 11:30:00-04:00,20.67,20.765,20.46,20.725,526871
PL,2026-07-27 12:30:00-04:00,20.74,20.86,20.44,20.44,732325
PL,2026-07-27 13:30:00-04:00,20.46,20.69,20.46,20.59,507246
PL,2026-07-27 14:30:00-04:00,20.59,20.825,20.475,20.78,564833
PL,2026-07-27 15:30:00-04:00,20.785,21.105,20.76,20.99,1225846
PL,2026-07-28 09:30:00-04:00,20.0,20.36,19.16,19.33,2066046
PL,2026-07-28 10:30:00-04:00,19.33,20.34,19.2201,20.315,1639998
PL,2026-07-28 11:30:00-04:00,20.32,20.46,20.13,20.27,806280
PL,2026-07-28 12:30:00-04:00,20.28,20.56,20.205,20.38,789591
PL,2026-07-28 13:30:00-04:00,20.37,20.46,20.22,20.3502,760969
PL,2026-07-28 14:30:00-04:00,20.35,20.475,20.2938,20.43,630033
PL,2026-07-28 15:30:00-04:00,20.43,20.46,20.26,20.425,1150346
PL,2026-07-29 09:30:00-04:00,20.4,20.8675,20.15,20.17,1042644
PL,2026-07-29 10:30:00-04:00,20.18,20.28,19.9,19.93,537193
PL,2026-07-29 11:30:00-04:00,19.91,20.0101,19.72,19.885,606535
PL,2026-07-29 12:30:00-04:00,19.89,20.2,19.81,20.075,368283
PL,2026-07-29 13:30:00-04:00,20.07,20.48,20.045,20.15,493052
PL,2026-07-29 14:30:00-04:00,20.15,20.84,20.0,20.125,818007
PL,2026-07-29 15:30:00-04:00,20.13,20.16,19.425,19.475,1364492
PL,2026-07-30 09:30:00-04:00,20.265,20.64,19.94,20.4,1315400
PL,2026-07-30 10:30:00-04:00,20.4,20.4,19.8335,19.92,1017052
PL,2026-07-30 11:30:00-04:00,19.92,20.105,19.86,20.07,600722
PL,2026-07-30 12:30:00-04:00,20.05,20.085,19.86,20.06,569574
PL,2026-07-30 13:30:00-04:00,20.06,20.27,19.97,20.0899,474750
PL,2026-07-30 14:30:00-04:00,20.08,20.35,20.055,20.25,649299
PL,2026-07-30 15:30:00-04:00,20.255,20.459,20.2,20.21,1076537
PL,2026-07-31 09:30:00-04:00,21.02,21.2692,19.791,20.08,1462135
PL,2026-07-31 10:30:00-04:00,20.1,20.45,20.035,20.1432,654653
PL,2026-07-31 11:30:00-04:00,20.15,20.33,20.035,20.3,400516
PL,2026-07-31 12:30:00-04:00,20.31,20.45,20.19,20.375,457210
PL,2026-07-31 13:30:00-04:00,20.37,20.5,20.33,20.44,392382
PL,2026-07-31 14:30:00-04:00,20.45,20.57,20.395,20.525,512991
PL,2026-07-31 15:30:00-04:00,20.53,20.58,20.415,20.49,1159308
PL,2026-08-03 09:30:00-04:00,19.93,21.09,19.71,21.06,1205275
PL,2026-08-03 10:30:00-04:00,21.07,21.46,21.04,21.29,802301
PL,2026-08-03 11:30:00-04:00,21.29,21.6,21.21,21.44,654423
PL,2026-08-03 12:30:00-04:00,21.45,21.49,21.265,21.42,420780
PL,2026-08-03 13:30:00-04:00,21.41,21.57,21.41,21.42,381520
PL,2026-08-03 14:30:00-04:00,21.43,21.595,21.37,21.525,485175
PL,2026-08-03 15:30:00-04:00,21.53,21.62,21.475,21.53,873010
PL,2026-08-04 09:30:00-04:00,22.29,23.3,22.15,22.47,1649606
PL,2026-08-04 10:30:00-04:00,22.47,22.73,22.4463,22.57,615543
PL,2026-08-04 11:30:00-04:00,22.56,22.81,22.52,22.74,439363
PL,2026-08-04 12:30:00-04:00,22.74,22.9595,22.655,22.91,449539
PL,2026-08-04 13:30:00-04:00,22.905,22.9477,22.68,22.82,382742
PL,2026-08-04 14:30:00-04:00,22.82,22.975,22.69,22.88,615096
PL,2026-08-04 15:30:00-04:00,22.89,22.93,22.76,22.83,1048339
PL,2026-08-05 09:30:00-04:00,22.51,22.925,21.99,22.64,1164498
PL,2026-08-05 10:30:00-04:00,22.63,22.63,22.25,22.51,783418
PL,2026-08-05 11:30:00-04:00,22.52,22.65,22.35,22.65,348981
PL,2026-08-05 12:30:00-04:00,22.64,22.64,22.44,22.51,358544
PL,2026-08-05 13:30:00-04:00,22.49,22.56,22.385,22.42,402828
PL,2026-08-05 14:30:00-04:00,22.425,22.545,22.29,22.5,684424
PL,2026-08-05 15:30:00-04:00,22.5,22.505,22.28,22.36,1030051
PL,2026-08-06 09:30:00-04:00,22.0,23.7,22.0,23.6,1073443
PL,2026-08-06 10:30:00-04:00,23.6105,23.75,23.1756,23.315,620092
PL,2026-08-06 11:30:00-04:00,23.34,23.38,22.72,22.79,352472
PL,2026-08-06 12:30:00-04:00,22.77,23.0,22.75,22.81,339668
PL,2026-08-06 13:30:00-04:00,22.8126,22.88,22.63,22.8,358796
PL,2026-08-06 14:30:00-04:00,22.8,22.96,22.71,22.81,395917
PL,2026-08-06 15:30:00-04:00,22.82,23.0,22.7,22.73,841909
PL,2026-08-07 09:30:00-04:00,23.34,24.08,22.96,23.83,1391353
PL,2026-08-07 10:30:00-04:00,23.835,23.85,23.35,23.84,632894
PL,2026-08-07 11:30:00-04:00,23.85,24.23,23.82,24.04,539431
PL,2026-08-07 12:30:00-04:00,24.0499,24.11,23.91,23.99,402790
PL,2026-08-07 13:30:00-04:00,23.9957,24.04,23.81,23.835,351774
PL,2026-08-07 14:30:00-04:00,23.84,23.93,23.64,23.88,484199
PL,2026-08-07 15:30:00-04:00,23.87,23.9799,23.74,23.92,904679
PL,2026-08-10 09:30:00-04:00,24.03,24.58,23.5406,24.04,1221930
PL,2026-08-10 10:30:00-04:00,24.035,24.1,23.57,23.62,507895
PL,2026-08-10 11:30:00-04:00,23.625,23.8899,23.62,23.62,368226
PL,2026-08-10 12:30:00-04:00,23.61,23.69,23.5,23.66,342062
PL,2026-08-10 13:30:00-04:00,23.67,23.77,23.5,23.52,367121
PL,2026-08-10 14:30:00-04:00,23.52,23.57,23.45,23.51,342829
PL,2026-08-10 15:30:00-04:00,23.515,23.515,23.07,23.095,1192323
PL,2026-08-11 09:30:00-04:00,23.185,23.6328,22.57,23.52,973564
PL,2026-08-11 10:30:00-04:00,23.54,23.84,23.35,23.45,534551
PL,2026-08-11 11:30:00-04:00,23.42,23.595,23.355,23.45,302332
PL,2026-08-11 12:30:00-04:00,23.44,23.63,23.41,23.59,267761
PL,2026-08-11 13:30:00-04:00,23.595,23.695,23.52,23.55,395831
PL,2026-08-11 14:30:00-04:00,23.56,23.96,23.56,23.825,503343
PL,2026-08-11 15:30:00-04:00,23.81,23.87,23.695,23.7,680714
PL,2026-08-12 09:30:00-04:00,24.29,24.45,23.72,24.24,1198207
PL,2026-08-12 10:30:00-04:00,24.23,24.35,24.05,24.185,461827
PL,2026-08-12 11:30:00-04:00,24.19,24.425,24.14,24.24,434577
PL,2026-08-12 12:30:00-04:00,24.244,24.68,24.24,24.68,632374
PL,2026-08-12 13:30:00-04:00,24.68,24.8,24.59,24.71,538899
PL,2026-08-12 14:30:00-04:00,24.71,24.76,24.475,24.61,487528
PL,2026-08-12 15:30:00-04:00,24.63,24.645,24.471,24.5,742474
PL,2026-08-13 09:30:00-04:00,23.76,24.96,23.7,24.825,1217802
PL,2026-08-13 10:30:00-04:00,24.835,24.835,24.42,24.5693,681426
PL,2026-08-13 11:30:00-04:00,24.565,24.7358,24.31,24.58,488620
PL,2026-08-13 12:30:00-04:00,24.57,24.76,24.51,24.7,216538
PL,2026-08-13 13:30:00-04:00,24.705,24.83,24.635,24.745,309266
PL,2026-08-13 14:30:00-04:00,24.745,24.945,24.7304,24.79,339157
PL,2026-08-13 15:30:00-04:00,24.79,24.885,24.675,24.7599,603817
PL,2026-08-14 09:30:00-04:00,24.86,25.53,24.55,24.9,1073157
PL,2026-08-14 10:30:00-04:00,24.9011,24.948,24.42,24.48,542794
PL,2026-08-14 11:30:00-04:00,24.49,24.8,24.2228,24.75,547066
PL,2026-08-14 12:30:00-04:00,24.74,24.8354,24.565,24.83,249964
PL,2026-08-14 13:30:00-04:00,24.85,24.88,24.54,24.57,212178
PL,2026-08-14 14:30:00-04:00,24.56,24.58,24.4207,24.5685,330867
PL,2026-08-14 15:30:00-04:00,24.57,24.73,24.5003,24.69,729722
PL,2026-08-17 09:30:00-04:00,24.57,25.1594,24.45,24.94,925559
PL,2026-08-17 10:30:00-04:00,24.945,24.959,24.5002,24.61,499800
PL,2026-08-17 11:30:00-04:00,24.61,24.86,24.585,24.765,469821
PL,2026-08-17 12:30:00-04:00,24.795,24.91,24.665,24.665,336040
PL,2026-08-17 13:30:00-04:00,24.67,24.84,24.555,24.58,303961
PL,2026-08-17 14:30:00-04:00,24.57,24.71,24.52,24.57,298081
PL,2026-08-17 15:30:00-04:00,24.57,24.6,24.36,24.38,642665
PL,2026-08-18 09:30:00-04:00,23.34,23.86,22.84,23.37,1463304
PL,2026-08-18 10:30:00-04:00,23.3601,23.5,22.985,23.46,788848
PL,2026-08-18 11:30:00-04:00,23.455,23.7499,23.18,23.645,356717
PL,2026-08-18 12:30:00-04:00,23.65,23.915,23.635,23.73,254031
PL,2026-08-18 13:30:00-04:00,23.72,23.79,23.4042,23.54,386780
PL,2026-08-18 14:30:00-04:00,23.54,23.57,23.335,23.42,343326
PL,2026-08-18 15:30:00-04:00,23.42,23.505,23.29,23.37,756380
PL,2026-08-19 09:30:00-04:00,23.49,23.5,22.1,22.56,1458793
PL,2026-08-19 10:30:00-04:00,22.565,22.9,22.46,22.66,409340
PL,2026-08-19 11:30:00-04:00,22.665,22.71,22.475,22.62,332553
PL,2026-08-19 12:30:00-04:00,22.61,22.69,22.515,22.64,268092
PL,2026-08-19 13:30:00-04:00,22.645,22.68,22.515,22.55,779113
PL,2026-08-19 14:30:00-04:00,22.545,22.745,22.47,22.675,384249
PL,2026-08-19 15:30:00-04:00,22.68,22.72,22.53,22.62,579148
PL,2026-08-20 09:30:00-04:00,22.38,22.42,21.86,22.0001,797972
PL,2026-08-20 10:30:00-04:00,21.98,22.15,21.75,21.76,482171
PL,2026-08-20 11:30:00-04:00,21.76,21.77,21.6,21.665,414683
PL,2026-08-20 12:30:00-04:00,21.65,21.825,21.57,21.68,271695
PL,2026-08-20 13:30:00-04:00,21.68,21.925,21.67,21.85,331476
PL,2026-08-20 14:30:00-04:00,21.855,21.92,21.73,21.895,436710
PL,2026-08-20 15:30:00-04:00,21.89,22.19,21.88,22.17,709734
PL,2026-08-21 09:30:00-04:00,22.45,22.96,21.85,22.08,794458
PL,2026-08-21 10:30:00-04:00,22.09,22.36,21.92,22.265,392144
PL,2026-08-21 11:30:00-04:00,22.265,22.45,22.19,22.28,460087
PL,2026-08-21 12:30:00-04:00,22.28,22.3,22.125,22.22,222717
PL,2026-08-21 13:30:00-04:00,22.215,22.38,22.205,22.25,320999
PL,2026-08-21 14:30:00-04:00,22.25,22.35,22.175,22.31,267296
PL,2026-08-21 15:30:00-04:00,22.3,22.4,22.26,22.3,631811
PL,2026-08-24 09:30:00-04:00,21.83,21.975,21.3,21.74,905379
PL,2026-08-24 10:30:00-04:00,21.74,22.0,21.74,21.93,499686
PL,2026-08-24 11:30:00-04:00,21.935,22.055,21.78,21.885,288638
PL,2026-08-24 12:30:00-04:00,21.88,21.905,21.76,21.8,194015
PL,2026-08-24 13:30:00-04:00,21.8,21.905,21.705,21.89,253466
PL,2026-08-24 14:30:00-04:00,21.89,21.92,21.795,21.83,262076
PL,2026-08-24 15:30:00-04:00,21.825,21.855,21.54,21.57,750317
PL,2026-08-25 09:30:00-04:00,22.12,22.29,21.45,21.59,1090189
PL,2026-08-25 10:30:00-04:00,21.595,21.69,21.44,21.505,667760
PL,2026-08-25 11:30:00-04:00,21.505,21.6,21.37,21.4589,385051
PL,2026-08-25 12:30:00-04:00,21.45,21.6577,21.35,21.56,324682
PL,2026-08-25 13:30:00-04:00,21.565,21.7,21.47,21.625,409295
PL,2026-08-25 14:30:00-04:00,21.62,21.64,21.435,21.455,312745
PL,2026-08-25 15:30:00-04:00,21.455,21.555,21.405,21.55,557106
PL,2026-08-26 09:30:00-04:00,21.41,21.8185,21.35,21.4,666532
PL,2026-08-26 10:30:00-04:00,21.4,21.505,21.24,21.315,536618
PL,2026-08-26 11:30:00-04:00,21.315,21.375,21.2,21.265,324446
PL,2026-08-26 12:30:00-04:00,21.265,21.285,21.204,21.25,233407
PL,2026-08-26 13:30:00-04:00,21.255,21.27,21.09,21.105,338217
PL,2026-08-26 14:30:00-04:00,21.105,21.24,21.015,21.205,495106
PL,2026-08-26 15:30:00-04:00,21.2,21.215,21.095,21.17,777432
PL,2026-08-27 09:30:00-04:00,21.56,21.68,21.25,21.37,616135
PL,2026-08-27 10:30:00-04:00,21.375,21.375,21.18,21.22,436785
PL,2026-08-27 11:30:00-04:00,21.225,21.37,21.1125,21.29,337187
PL,2026-08-27 12:30:00-04:00,21.29,21.565,21.255,21.435,329904
PL,2026-08-27 13:30:00-04:00,21.44,21.51,21.365,21.385,312079
PL,2026-08-27 14:30:00-04:00,21.38,21.4,21.155,21.155,384878
PL,2026-08-27 15:30:00-04:00,21.15,21.24,21.1,21.16,793742
PL,2026-08-28 09:30:00-04:00,21.08,21.1998,20.57,20.695,1131181
PL,2026-08-28 10:30:00-04:00,20.7,20.92,20.64,20.785,570928
PL,2026-08-28 11:30:00-04:00,20.78,20.78,20.2901,20.33,599515
PL,2026-08-28 12:30:00-04:00,20.325,20.46,20.185,20.205,802481
PL,2026-08-28 13:30:00-04:00,20.21,20.26,19.985,19.99,1017566
PL,2026-08-28 14:30:00-04:00,19.985,20.23,19.87,20.195,1391405
PL,2026-08-28 15:30:00-04:00,20.195,20.195,19.96,19.97,2008796
PL,2026-08-31 09:30:00-04:00,20.0,20.34,19.735,19.735,1584208
PL,2026-08-31 10:30:00-04:00,19.74,19.935,19.73,19.835,683281
PL,2026-08-31 11:30:00-04:00,19.8362,19.865,19.71,19.795,387553
PL,2026-08-31 12:30:00-04:00,19.8,19.91,19.77,19.815,514506
PL,2026-08-31 13:30:00-04:00,19.815,19.875,19.6805,19.6901,517624
PL,2026-08-31 14:30:00-04:00,19.7,19.79,19.675,19.775,621984
PL,2026-08-31 15:30:00-04:00,19.78,19.96,19.78,19.85,1286054
PL,2026-09-01 09:30:00-04:00,19.57,19.97,19.17,19.305,1170213
PL,2026-09-01 10:30:00-04:00,19.305,19.355,19.18,19.2595,699212
PL,2026-09-01 11:30:00-04:00,19.26,19.445,19.255,19.285,405792
PL,2026-09-01 12:30:00-04:00,19.28,19.34,19.185,19.335,409206
PL,2026-09-01 13:30:00-04:00,19.34,19.37,19.2,19.215,433583
PL,2026-09-01 14:30:00-04:00,19.22,19.34,19.08,19.315,682735
PL,2026-09-01 15:30:00-04:00,19.315,19.36,19.21,19.27,993994
PL,2026-09-02 09:30:00-04:00,19.84,20.38,19.63,20.175,1781536
PL,2026-09-02 10:30:00-04:00,20.17,20.19,19.645,19.65,645222
PL,2026-09-02 11:30:00-04:00,19.655,19.77,19.475,19.52,508259
PL,2026-09-02 12:30:00-04:00,19.52,19.64,19.52,19.595,314605
PL,2026-09-02 13:30:00-04:00,19.6,19.845,19.595,19.845,488269
PL,2026-09-02 14:30:00-04:00,19.84,20.09,19.79,20.02,644242
PL,2026-09-02 15:30:00-04:00,20.02,20.1,19.96,20.01,1091726
PL,2026-09-03 09:30:00-04:00,19.86,20.1,18.52,18.595,5414313
PL,2026-09-03 10:30:00-04:00,18.595,18.69,18.24,18.555,4095186
PL,2026-09-03 11:30:00-04:00,18.56,18.59,18.03,18.535,3264938
PL,2026-09-03 12:30:00-04:00,18.54,18.63,18.135,18.175,1975528
PL,2026-09-03 13:30:00-04:00,18.18,18.32,17.83,18.305,3148877
PL,2026-09-03 14:30:00-04:00,18.3,18.34,17.915,18.065,2871885
PL,2026-09-03 15:30:00-04:00,18.07,18.55,18.06,18.35,4341358
SIDU,2026-07-06 09:30:00-04:00,2.65,2.67,2.555,2.6,1303850
SIDU,2026-07-06 10:30:00-04:00,2.6,2.62,2.5209,2.55,1632516
SIDU,2026-07-06 11:30:00-04:00,2.555,2.605,2.54,2.5702,637816
SIDU,2026-07-06 12:30:00-04:00,2.57,2.59,2.53,2.5398,598718
SIDU,2026-07-06 13:30:00-04:00,2.535,2.535,2.5,2.515,570833
SIDU,2026-07-06 14:30:00-04:00,2.515,2.5397,2.475,2.5305,1091014
SIDU,2026-07-06 15:30:00-04:00,2.535,2.56,2.5,2.55,761476
SIDU,2026-07-07 09:30:00-04:00,2.485,2.5,2.33,2.35,2293259
SIDU,2026-07-07 10:30:00-04:00,2.3501,2.4,2.3209,2.375,1001111
SIDU,2026-07-07 11:30:00-04:00,2.3798,2.4098,2.34,2.405,755086
SIDU,2026-07-07 12:30:00-04:00,2.4,2.41,2.37,2.385,512466
SIDU,2026-07-07 13:30:00-04:00,2.385,2.4,2.37,2.375,479640
SIDU,2026-07-07 14:30:00-04:00,2.37,2.38,2.33,2.335,625648
SIDU,2026-07-07 15:30:00-04:00,2.335,2.35,2.31,2.315,859244
SIDU,2026-07-08 09:30:00-04:00,2.27,2.3999,2.26,2.305,1578015
SIDU,2026-07-08 10:30:00-04:00,2.305,2.3299,2.24,2.25,828503
SIDU,2026-07-08 11:30:00-04:00,2.2401,2.29,2.235,2.275,549429
SIDU,2026-07-08 12:30:00-04:00,2.275,2.29,2.21,2.235,889388
SIDU,2026-07-08 13:30:00-04:00,2.235,2.26,2.22,2.24,527522
SIDU,2026-07-08 14:30:00-04:00,2.245,2.26,2.23,2.255,524443
SIDU,2026-07-08 15:30:00-04:00,2.255,2.27,2.22,2.25,825922
SIDU,2026-07-09 09:30:00-04:00,2.25,2.31,2.21,2.285,1265010
SIDU,2026-07-09 10:30:00-04:00,2.285,2.3,2.27,2.27,426652
SIDU,2026-07-09 11:30:00-04:00,2.28,2.285,2.22,2.23,614374
SIDU,2026-07-09 12:30:00-04:00,2.24,2.26,2.22,2.25,568153
SIDU,2026-07-09 13:30:00-04:00,2.245,2.28,2.24,2.265,465060
SIDU,2026-07-09 14:30:00-04:00,2.265,2.28,2.245,2.245,335344
SIDU,2026-07-09 15:30:00-04:00,2.245,2.27,2.23,2.27,531168
SIDU,2026-07-10 09:30:00-04:00,2.26,2.2698,2.1,2.135,1791602
SIDU,2026-07-10 10:30:00-04:00,2.135,2.145,2.1,2.12,821120
SIDU,2026-07-10 11:30:00-04:00,2.1205,2.13,2.1,2.125,694414
SIDU,2026-07-10 12:30:00-04:00,2.125,2.14,2.12,2.1202,514425
SIDU,2026-07-10 13:30:00-04:00,2.125,2.14,2.12,2.125,485687
SIDU,2026-07-10 14:30:00-04:00,2.125,2.13,2.09,2.095,997930
SIDU,2026-07-10 15:30:00-04:00,2.09,2.17,2.09,2.1601,1158242
SIDU,2026-07-13 09:30:00-04:00,2.12,2.1491,2.06,2.095,1280730
SIDU,2026-07-13 10:30:00-04:00,2.095,2.12,2.06,2.085,522810
SIDU,2026-07-13 11:30:00-04:00,2.08,2.13,2.07,2.075,758353
SIDU,2026-07-13 12:30:00-04:00,2.075,2.09,2.05,2.05,428535
SIDU,2026-07-13 13:30:00-04:00,2.055,2.08,2.04,2.06,578479
SIDU,2026-07-13 14:30:00-04:00,2.06,2.07,2.0,2.025,792891
SIDU,2026-07-13 15:30:00-04:00,2.0298,2.07,2.02,2.065,717885
SIDU,2026-07-14 09:30:00-04:00,2.13,2.23,2.11,2.135,1897771
SIDU,2026-07-14 10:30:00-04:00,2.13,2.16,2.11,2.15,637100
SIDU,2026-07-14 11:30:00-04:00,2.1597,2.17,2.14,2.15,356575
SIDU,2026-07-14 12:30:00-04:00,2.16,2.17,2.11,2.12,577528
SIDU,2026-07-14 13:30:00-04:00,2.12,2.13,2.09,2.095,667212
SIDU,2026-07-14 14:30:00-04:00,2.095,2.11,2.08,2.105,651076
SIDU,2026-07-14 15:30:00-04:00,2.1,2.1198,2.05,2.0585,823392
SIDU,2026-07-15 09:30:00-04:00,2.1,2.16,2.03,2.055,1308170
SIDU,2026-07-15 10:30:00-04:00,2.0505,2.06,1.98,1.9892,1364058
SIDU,2026-07-15 11:30:00-04:00,1.985,2.0,1.95,1.965,1631788
SIDU,2026-07-15 12:30:00-04:00,1.965,2.01,1.955,1.99,654215
SIDU,2026-07-15 13:30:00-04:00,1.9999,2.03,1.99,2.015,324048
SIDU,2026-07-15 14:30:00-04:00,2.02,2.02,1.99,1.995,297907
SIDU,2026-07-15 15:30:00-04:00,2.0,2.01,1.99,1.99,326866
SIDU,2026-07-16 09:30:00-04:00,1.92,1.93,1.855,1.865,2000568
SIDU,2026-07-16 10:30:00-04:00,1.861,1.9098,1.86,1.905,1225124
SIDU,2026-07-16 11:30:00-04:00,1.905,2.0,1.88,1.885,701086
SIDU,2026-07-16 12:30:00-04:00,1.8882,1.9,1.86,1.885,732670
SIDU,2026-07-16 13:30:00-04:00,1.885,1.8899,1.86,1.875,497675
SIDU,2026-07-16 14:30:00-04:00,1.875,1.89,1.865,1.8701,779797
SIDU,2026-07-16 15:30:00-04:00,1.875,1.9,1.8501,1.9,926834
SIDU,2026-07-17 09:30:00-04:00,1.83,1.87,1.76,1.8137,2141696
SIDU,2026-07-17 10:30:00-04:00,1.8186,1.83,1.8,1.82,548499
SIDU,2026-07-17 11:30:00-04:00,1.825,1.9,1.815,1.895,980947
SIDU,2026-07-17 12:30:00-04:00,1.9,1.92,1.88,1.905,498605
SIDU,2026-07-17 13:30:00-04:00,1.91,1.92,1.86,1.865,617934
SIDU,2026-07-17 14:30:00-04:00,1.865,1.8799,1.84,1.84,413083
SIDU,2026-07-17 15:30:00-04:00,1.845,1.87,1.84,1.85,619467
SIDU,2026-07-20 09:30:00-04:00,1.87,1.888,1.74,1.765,1893373
SIDU,2026-07-20 10:30:00-04:00,1.77,1.78,1.75,1.755,708423
SIDU,2026-07-20 11:30:00-04:00,1.755,1.8,1.74,1.8,877482
SIDU,2026-07-20 12:30:00-04:00,1.7997,1.8,1.765,1.775,290235
SIDU,2026-07-20 13:30:00-04:00,1.775,1.805,1.76,1.785,646266
SIDU,2026-07-20 14:30:00-04:00,1.7877,1.7877,1.75,1.7575,443289
SIDU,2026-07-20 15:30:00-04:00,1.76,1.765,1.74,1.75,571247
SIDU,2026-07-21 09:30:00-04:00,1.78,1.9,1.76,1.9,1968448
SIDU,2026-07-21 10:30:00-04:00,1.89,1.97,1.89,1.9699,1525840
SIDU,2026-07-21 11:30:00-04:00,1.9601,2.06,1.945,2.015,2936663
SIDU,2026-07-21 12:30:00-04:00,2.01,2.05,2.0,2.025,1073469
SIDU,2026-07-21 13:30:00-04:00,2.0201,2.05,2.01,2.025,840803
SIDU,2026-07-21 14:30:00-04:00,2.025,2.03,1.98,1.985,967494
SIDU,2026-07-21 15:30:00-04:00,1.985,2.07,1.98,2.045,1219668
SIDU,2026-07-22 09:30:00-04:00,2.0,2.15,2.0,2.07,2391335
SIDU,2026-07-22 10:30:00-04:00,2.0695,2.1,2.03,2.085,708973
SIDU,2026-07-22 11:30:00-04:00,2.085,2.0895,2.035,2.04,724529
SIDU,2026-07-22 12:30:00-04:00,2.0498,2.06,2.03,2.035,389143
SIDU,2026-07-22 13:30:00-04:00,2.035,2.04,1.98,1.98,605701
SIDU,2026-07-22 14:30:00-04:00,1.98,2.0,1.97,1.995,451630
SIDU,2026-07-22 15:30:00-04:00,1.995,2.01,1.97,1.98,729200
SIDU,2026-07-23 09:30:00-04:00,1.92,2.04,1.91,1.98,1375145
SIDU,2026-07-23 10:30:00-04:00,1.98,1.99,1.91,1.925,607034
SIDU,2026-07-23 11:30:00-04:00,1.925,1.99,1.92,1.985,489795
SIDU,2026-07-23 12:30:00-04:00,1.9808,1.9808,1.95,1.97,248415
SIDU,2026-07-23 13:30:00-04:00,1.97,1.98,1.96,1.975,180678
SIDU,2026-07-23 14:30:00-04:00,1.9745,1.98,1.95,1.975,220505
SIDU,2026-07-23 15:30:00-04:00,1.98,2.0,1.965,1.97,439900
SIDU,2026-07-24 09:30:00-04:00,1.98,1.99,1.88,1.895,924315
SIDU,2026-07-24 10:30:00-04:00,1.89,1.91,1.86,1.905,406743
SIDU,2026-07-24 11:30:00-04:00,1.9001,1.925,1.895,1.905,195078
SIDU,2026-07-24 12:30:00-04:00,1.905,1.91,1.88,1.91,256642
SIDU,2026-07-24 13:30:00-04:00,1.9017,1.91,1.88,1.88,183232
SIDU,2026-07-24 14:30:00-04:00,1.885,1.89,1.865,1.885,258334
SIDU,2026-07-24 15:30:00-04:00,1.885,1.89,1.85,1.855,348299
SIDU,2026-07-27 09:30:00-04:00,1.86,1.9992,1.85,1.875,1418716
SIDU,2026-07-27 10:30:00-04:00,1.87,1.88,1.815,1.85,530406
SIDU,2026-07-27 11:30:00-04:00,1.855,1.86,1.82,1.855,408062
SIDU,2026-07-27 12:30:00-04:00,1.85,1.875,1.835,1.835,183113
SIDU,2026-07-27 13:30:00-04:00,1.8301,1.85,1.82,1.835,334629
SIDU,2026-07-27 14:30:00-04:00,1.83,1.88,1.83,1.875,413277
SIDU,2026-07-27 15:30:00-04:00,1.88,1.89,1.85,1.85,605653
SIDU,2026-07-28 09:30:00-04:00,1.79,1.79,1.7,1.72,2286728
SIDU,2026-07-28 10:30:00-04:00,1.72,1.8,1.7,1.795,951698
SIDU,2026-07-28 11:30:00-04:00,1.795,1.8099,1.78,1.78,410829
SIDU,2026-07-28 12:30:00-04:00,1.78,1.81,1.7721,1.79,361287
SIDU,2026-07-28 13:30:00-04:00,1.79,1.8,1.76,1.76,225313
SIDU,2026-07-28 14:30:00-04:00,1.7664,1.785,1.75,1.785,470731
SIDU,2026-07-28 15:30:00-04:00,1.785,1.79,1.74,1.775,668865
SIDU,2026-07-29 09:30:00-04:00,1.78,1.81,1.69,1.69,1115651
SIDU,2026-07-29 10:30:00-04:00,1.7,1.71,1.68,1.69,605212
SIDU,2026-07-29 11:30:00-04:00,1.7,1.71,1.68,1.71,558153
SIDU,2026-07-29 12:30:00-04:00,1.71,1.75,1.7,1.73,421987
SIDU,2026-07-29 13:30:00-04:00,1.74,1.77,1.72,1.72,460260
SIDU,2026-07-29 14:30:00-04:00,1.72,1.77,1.71,1.72,556629
SIDU,2026-07-29 15:30:00-04:00,1.715,1.73,1.66,1.675,673987
SIDU,2026-07-30 09:30:00-04:00,1.76,1.84,1.73,1.82,1649524
SIDU,2026-07-30 10:30:00-04:00,1.82,1.84,1.79,1.79,780788
SIDU,2026-07-30 11:30:00-04:00,1.79,1.81,1.76,1.775,922065
SIDU,2026-07-30 12:30:00-04:00,1.77,1.8,1.76,1.79,592708
SIDU,2026-07-30 13:30:00-04:00,1.79,1.81,1.78,1.795,381914
SIDU,2026-07-30 14:30:00-04:00,1.79,1.83,1.79,1.83,428030
SIDU,2026-07-30 15:30:00-04:00,1.83,1.84,1.82,1.835,469293
SIDU,2026-07-31 09:30:00-04:00,1.82,1.88,1.72,1.76,1482351
SIDU,2026-07-31 10:30:00-04:00,1.76,1.77,1.72,1.73,729992
SIDU,2026-07-31 11:30:00-04:00,1.73,1.74,1.72,1.7383,418770
SIDU,2026-07-31 12:30:00-04:00,1.73,1.76,1.73,1.76,635626
SIDU,2026-07-31 13:30:00-04:00,1.76,1.77,1.75,1.75,351026
SIDU,2026-07-31 14:30:00-04:00,1.75,1.78,1.75,1.78,405935
SIDU,2026-07-31 15:30:00-04:00,1.77,1.78,1.76,1.765,501952
SIDU,2026-08-03 09:30:00-04:00,1.75,1.86,1.71,1.855,1160052
SIDU,2026-08-03 10:30:00-04:00,1.86,1.91,1.85,1.89,838896
SIDU,2026-08-03 11:30:00-04:00,1.89,1.98,1.89,1.96,1219251
SIDU,2026-08-03 12:30:00-04:00,1.965,1.97,1.94,1.97,641860
SIDU,2026-08-03 13:30:00-04:00,1.97,1.98,1.94,1.94,748460
SIDU,2026-08-03 14:30:00-04:00,1.94,2.0,1.94,2.0,904435
SIDU,2026-08-03 15:30:00-04:00,1.99,2.0,1.98,1.98,700321
SIDU,2026-08-04 09:30:00-04:00,2.13,2.21,2.08,2.15,3523928
SIDU,2026-08-04 10:30:00-04:00,2.15,2.18,2.1,2.13,1697978
SIDU,2026-08-04 11:30:00-04:00,2.14,2.16,2.12,2.14,1162614
SIDU,2026-08-04 12:30:00-04:00,2.14,2.21,2.12,2.2,1121569
SIDU,2026-08-04 13:30:00-04:00,2.2,2.2,2.14,2.175,1152090
SIDU,2026-08-04 14:30:00-04:00,2.175,2.225,2.16,2.21,966286
SIDU,2026-08-04 15:30:00-04:00,2.205,2.24,2.2,2.24,973187
SIDU,2026-08-05 09:30:00-04:00,2.11,2.2,2.0927,2.1318,2174052
SIDU,2026-08-05 10:30:00-04:00,2.135,2.135,2.07,2.1,867359
SIDU,2026-08-05 11:30:00-04:00,2.11,2.12,2.09,2.105,454399
SIDU,2026-08-05 12:30:00-04:00,2.11,2.11,2.08,2.095,223502
SIDU,2026-08-05 13:30:00-04:00,2.1,2.12,2.09,2.095,370086
SIDU,2026-08-05 14:30:00-04:00,2.0901,2.11,2.06,2.08,741255
SIDU,2026-08-05 15:30:00-04:00,2.07,2.1,2.05,2.07,483569
SIDU,2026-08-06 09:30:00-04:00,2.005,2.25,1.99,2.2201,2562623
SIDU,2026-08-06 10:30:00-04:00,2.23,2.245,2.16,2.175,1029232
SIDU,2026-08-06 11:30:00-04:00,2.1787,2.1787,2.1,2.11,585539
SIDU,2026-08-06 12:30:00-04:00,2.115,2.16,2.1,2.14,375144
SIDU,2026-08-06 13:30:00-04:00,2.1397,2.1397,2.09,2.115,324252
SIDU,2026-08-06 14:30:00-04:00,2.115,2.12,2.09,2.1,371634
SIDU,2026-08-06 15:30:00-04:00,2.0998,2.11,2.08,2.09,458859
SIDU,2026-08-07 09:30:00-04:00,2.18,2.28,2.15,2.245,2707032
SIDU,2026-08-07 10:30:00-04:00,2.24,2.25,2.1742,2.245,788357
SIDU,2026-08-07 11:30:00-04:00,2.25,2.3,2.221,2.24,1307154
SIDU,2026-08-07 12:30:00-04:00,2.24,2.26,2.23,2.24,479169
SIDU,2026-08-07 13:30:00-04:00,2.245,2.25,2.22,2.225,454591
SIDU,2026-08-07 14:30:00-04:00,2.221,2.255,2.2,2.235,1073641
SIDU,2026-08-07 15:30:00-04:00,2.24,2.25,2.2,2.245,1007002
SIDU,2026-08-10 09:30:00-04:00,2.24,2.29,2.17,2.2491,1611101
SIDU,2026-08-10 10:30:00-04:00,2.245,2.355,2.23,2.285,1623972
SIDU,2026-08-10 11:30:00-04:00,2.285,2.34,2.28,2.295,917751
SIDU,2026-08-10 12:30:00-04:00,2.2919,2.3,2.2401,2.255,366168
SIDU,2026-08-10 13:30:00-04:00,2.255,2.26,2.24,2.255,182133
SIDU,2026-08-10 14:30:00-04:00,2.255,2.305,2.25,2.2899,450150
SIDU,2026-08-10 15:30:00-04:00,2.29,2.33,2.28,2.33,660216
SIDU,2026-08-11 09:30:00-04:00,2.31,2.4299,2.24,2.4018,1418490
SIDU,2026-08-11 10:30:00-04:00,2.405,2.45,2.395,2.42,1140061
SIDU,2026-08-11 11:30:00-04:00,2.425,2.51,2.42,2.475,1325978
SIDU,2026-08-11 12:30:00-04:00,2.475,2.53,2.47,2.5001,1020355
SIDU,2026-08-11 13:30:00-04:00,2.505,2.56,2.47,2.52,1040565
SIDU,2026-08-11 14:30:00-04:00,2.52,2.58,2.52,2.555,819873
SIDU,2026-08-11 15:30:00-04:00,2.55,2.61,2.55,2.6,1217855
SIDU,2026-08-12 09:30:00-04:00,2.63,2.67,2.501,2.5399,3195025
SIDU,2026-08-12 10:30:00-04:00,2.531,2.54,2.48,2.4902,888369
SIDU,2026-08-12 11:30:00-04:00,2.4901,2.5,2.45,2.46,1264210
SIDU,2026-08-12 12:30:00-04:00,2.46,2.49,2.45,2.48,538555
SIDU,2026-08-12 13:30:00-04:00,2.48,2.51,2.47,2.485,339003
SIDU,2026-08-12 14:30:00-04:00,2.49,2.51,2.47,2.485,556607
SIDU,2026-08-12 15:30:00-04:00,2.48,2.5,2.465,2.475,624620
SIDU,2026-08-13 09:30:00-04:00,2.4,2.6,2.37,2.575,2892134
SIDU,2026-08-13 10:30:00-04:00,2.58,2.58,2.51,2.525,606170
SIDU,2026-08-13 11:30:00-04:00,2.525,2.56,2.49,2.52,689301
SIDU,2026-08-13 12:30:00-04:00,2.52,2.54,2.5,2.53,455898
SIDU,2026-08-13 13:30:00-04:00,2.53,2.54,2.51,2.525,331576
SIDU,2026-08-13 14:30:00-04:00,2.53,2.565,2.51,2.525,399682
SIDU,2026-08-13 15:30:00-04:00,2.525,2.55,2.5,2.55,543517
SIDU,2026-08-14 09:30:00-04:00,2.55,2.63,2.441,2.51,2104119
SIDU,2026-08-14 10:30:00-04:00,2.505,2.51,2.46,2.505,580070
SIDU,2026-08-14 11:30:00-04:00,2.505,2.665,2.505,2.6355,1335064
SIDU,2026-08-14 12:30:00-04:00,2.63,2.635,2.58,2.6,599880
SIDU,2026-08-14 13:30:00-04:00,2.5969,2.61,2.56,2.5711,424502
SIDU,2026-08-14 14:30:00-04:00,2.57,2.59,2.56,2.58,408430
SIDU,2026-08-14 15:30:00-04:00,2.5711,2.61,2.565,2.59,906623
SIDU,2026-08-17 09:30:00-04:00,2.4,2.59,2.3501,2.565,2582567
SIDU,2026-08-17 10:30:00-04:00,2.565,2.57,2.5,2.515,509706
SIDU,2026-08-17 11:30:00-04:00,2.515,2.58,2.515,2.555,295350
SIDU,2026-08-17 12:30:00-04:00,2.5599,2.6,2.535,2.535,445767
SIDU,2026-08-17 13:30:00-04:00,2.535,2.54,2.49,2.515,423552
SIDU,2026-08-17 14:30:00-04:00,2.515,2.53,2.5,2.521,302070
SIDU,2026-08-17 15:30:00-04:00,2.525,2.54,2.51,2.5399,249622
SIDU,2026-08-18 09:30:00-04:00,2.43,2.645,2.42,2.495,1547176
SIDU,2026-08-18 10:30:00-04:00,2.495,2.51,2.46,2.51,393545
SIDU,2026-08-18 11:30:00-04:00,2.505,2.53,2.4701,2.481,565382
SIDU,2026-08-18 12:30:00-04:00,2.485,2.53,2.48,2.495,212477
SIDU,2026-08-18 13:30:00-04:00,2.495,2.5,2.48,2.485,188755
SIDU,2026-08-18 14:30:00-04:00,2.48,2.49,2.41,2.42,625979
SIDU,2026-08-18 15:30:00-04:00,2.42,2.44,2.41,2.44,441499
SIDU,2026-08-19 09:30:00-04:00,2.45,2.47,2.29,2.41,1515360
SIDU,2026-08-19 10:30:00-04:00,2.42,2.45,2.4001,2.4451,446163
SIDU,2026-08-19 11:30:00-04:00,2.45,2.47,2.43,2.44,343931
SIDU,2026-08-19 12:30:00-04:00,2.435,2.44,2.4001,2.415,194285
SIDU,2026-08-19 13:30:00-04:00,2.415,2.42,2.4,2.41,143792
SIDU,2026-08-19 14:30:00-04:00,2.405,2.43,2.39,2.425,236386
SIDU,2026-08-19 15:30:00-04:00,2.425,2.465,2.425,2.445,536846
SIDU,2026-08-20 09:30:00-04:00,2.42,2.44,2.32,2.32,647087
SIDU,2026-08-20 10:30:00-04:00,2.3223,2.35,2.29,2.3,532759
SIDU,2026-08-20 11:30:00-04:00,2.295,2.3,2.26,2.28,509979
SIDU,2026-08-20 12:30:00-04:00,2.285,2.335,2.28,2.315,226430
SIDU,2026-08-20 13:30:00-04:00,2.31,2.34,2.3,2.32,222814
SIDU,2026-08-20 14:30:00-04:00,2.325,2.33,2.31,2.325,185606
SIDU,2026-08-20 15:30:00-04:00,2.325,2.345,2.31,2.335,510620
SIDU,2026-08-21 09:30:00-04:00,2.34,2.45,2.31,2.3501,833515
SIDU,2026-08-21 10:30:00-04:00,2.355,2.3991,2.3,2.3744,659432
SIDU,2026-08-21 11:30:00-04:00,2.3712,2.39,2.35,2.375,446364
SIDU,2026-08-21 12:30:00-04:00,2.375,2.39,2.34,2.3699,207025
SIDU,2026-08-21 13:30:00-04:00,2.365,2.38,2.35,2.365,235230
SIDU,2026-08-21 14:30:00-04:00,2.37,2.37,2.34,2.355,241258
SIDU,2026-08-21 15:30:00-04:00,2.355,2.37,2.35,2.35,419114
SIDU,2026-08-24 09:30:00-04:00,2.3,2.31,2.25,2.29,565867
SIDU,2026-08-24 10:30:00-04:00,2.295,2.3,2.22,2.245,580500
SIDU,2026-08-24 11:30:00-04:00,2.24,2.26,2.21,2.255,492121
SIDU,2026-08-24 12:30:00-04:00,2.255,2.26,2.24,2.24,283540
SIDU,2026-08-24 13:30:00-04:00,2.245,2.26,2.22,2.2513,311654
SIDU,2026-08-24 14:30:00-04:00,2.2601,2.27,2.23,2.245,305380
SIDU,2026-08-24 15:30:00-04:00,2.245,2.25,2.21,2.215,501213
SIDU,2026-08-25 09:30:00-04:00,2.25,2.27,2.22,2.255,739866
SIDU,2026-08-25 10:30:00-04:00,2.25,2.32,2.235,2.3,343182
SIDU,2026-08-25 11:30:00-04:00,2.3,2.32,2.26,2.26,284411
SIDU,2026-08-25 12:30:00-04:00,2.265,2.27,2.23,2.265,273394
SIDU,2026-08-25 13:30:00-04:00,2.265,2.29,2.22,2.29,157385
SIDU,2026-08-25 14:30:00-04:00,2.285,2.29,2.25,2.28,154721
SIDU,2026-08-25 15:30:00-04:00,2.28,2.295,2.26,2.27,437318
SIDU,2026-08-26 09:30:00-04:00,2.25,2.32,2.21,2.225,821742
SIDU,2026-08-26 10:30:00-04:00,2.225,2.25,2.22,2.235,231805
SIDU,2026-08-26 11:30:00-04:00,2.235,2.26,2.2212,2.25,227452
SIDU,2026-08-26 12:30:00-04:00,2.245,2.25,2.23,2.245,204360
SIDU,2026-08-26 13:30:00-04:00,2.245,2.25,2.22,2.235,252468
SIDU,2026-08-26 14:30:00-04:00,2.24,2.26,2.23,2.25,227258
SIDU,2026-08-26 15:30:00-04:00,2.245,2.265,2.24,2.245,448547
SIDU,2026-08-27 09:30:00-04:00,2.28,2.31,2.22,2.305,407948
SIDU,2026-08-27 10:30:00-04:00,2.305,2.34,2.29,2.3223,518414
SIDU,2026-08-27 11:30:00-04:00,2.32,2.33,2.29,2.3,294292
SIDU,2026-08-27 12:30:00-04:00,2.3,2.32,2.3,2.305,279425
SIDU,2026-08-27 13:30:00-04:00,2.305,2.32,2.29,2.305,354562
SIDU,2026-08-27 14:30:00-04:00,2.305,2.32,2.3,2.31,195034
SIDU,2026-08-27 15:30:00-04:00,2.305,2.35,2.3,2.325,482929
SIDU,2026-08-28 09:30:00-04:00,2.31,2.345,2.23,2.24,534221
SIDU,2026-08-28 10:30:00-04:00,2.2499,2.28,2.24,2.2627,276428
SIDU,2026-08-28 11:30:00-04:00,2.2688,2.2688,2.21,2.2113,376275
SIDU,2026-08-28 12:30:00-04:00,2.22,2.225,2.18,2.185,423283
SIDU,2026-08-28 13:30:00-04:00,2.185,2.205,2.185,2.195,225155
SIDU,2026-08-28 14:30:00-04:00,2.195,2.21,2.18,2.205,299509
SIDU,2026-08-28 15:30:00-04:00,2.205,2.22,2.19,2.205,367931
SIDU,2026-08-31 09:30:00-04:00,2.1883,2.22,2.16,2.205,573470
SIDU,2026-08-31 10:30:00-04:00,2.205,2.205,2.18,2.195,256983
SIDU,2026-08-31 11:30:00-04:00,2.195,2.21,2.18,2.205,123506
SIDU,2026-08-31 12:30:00-04:00,2.215,2.22,2.2,2.2,173123
SIDU,2026-08-31 13:30:00-04:00,2.205,2.21,2.19,2.2,81985
SIDU,2026-08-31 14:30:00-04:00,2.2,2.2,2.16,2.17,454076
SIDU,2026-08-31 15:30:00-04:00,2.16,2.19,2.16,2.161,696132
SIDU,2026-09-01 09:30:00-04:00,2.115,2.16,2.06,2.065,727731
SIDU,2026-09-01 10:30:00-04:00,2.065,2.08,2.06,2.07,257997
SIDU,2026-09-01 11:30:00-04:00,2.07,2.12,2.07,2.1,454969
SIDU,2026-09-01 12:30:00-04:00,2.105,2.15,2.09,2.135,557074
SIDU,2026-09-01 13:30:00-04:00,2.14,2.17,2.12,2.145,324190
SIDU,2026-09-01 14:30:00-04:00,2.145,2.155,2.115,2.135,295661
SIDU,2026-09-01 15:30:00-04:00,2.135,2.14,2.105,2.135,500736
SIDU,2026-09-02 09:30:00-04:00,2.11,2.2,2.084,2.185,454043
SIDU,2026-09-02 10:30:00-04:00,2.185,2.19,2.13,2.1388,292539
SIDU,2026-09-02 11:30:00-04:00,2.135,2.16,2.13,2.13,199129
SIDU,2026-09-02 12:30:00-04:00,2.1378,2.14,2.13,2.1328,101820
SIDU,2026-09-02 13:30:00-04:00,2.135,2.19,2.13,2.1701,228356
SIDU,2026-09-02 14:30:00-04:00,2.175,2.18,2.15,2.1607,252175
SIDU,2026-09-02 15:30:00-04:00,2.16,2.165,2.115,2.15,406749
SIDU,2026-09-03 09:30:00-04:00,2.2,2.21,2.12,2.125,519418
SIDU,2026-09-03 10:30:00-04:00,2.13,2.13,2.09,2.105,540578
SIDU,2026-09-03 11:30:00-04:00,2.1,2.11,2.08,2.095,364207
SIDU,2026-09-03 12:30:00-04:00,2.095,2.11,2.09,2.09,263617
SIDU,2026-09-03 13:30:00-04:00,2.095,2.125,2.09,2.105,246247
SIDU,2026-09-03 14:30:00-04:00,2.105,2.11,2.08,2.1,245630
SIDU,2026-09-03 15:30:00-04:00,2.11,2.13,2.1,2.11,319289
BKSY,2026-07-06 09:30:00-04:00,27.85,28.53,27.42,27.81,149160
BKSY,2026-07-06 10:30:00-04:00,27.83,27.91,27.31,27.55,91990
BKSY,2026-07-06 11:30:00-04:00,27.5899,28.145,27.28,27.785,274860
BKSY,2026-07-06 12:30:00-04:00,27.785,27.86,27.42,27.53,127234
BKSY,2026-07-06 13:30:00-04:00,27.55,27.55,27.1,27.36,105077
BKSY,2026-07-06 14:30:00-04:00,27.3,27.42,27.12,27.39,77758
BKSY,2026-07-06 15:30:00-04:00,27.35,27.35,26.92,27.17,170479
BKSY,2026-07-07 09:30:00-04:00,27.0,27.0,25.4201,25.91,321379
BKSY,2026-07-07 10:30:00-04:00,25.96,26.2559,25.67,26.065,115270
BKSY,2026-07-07 11:30:00-04:00,26.02,26.315,25.79,26.315,63480
BKSY,2026-07-07 12:30:00-04:00,26.3175,26.45,26.0701,26.305,98246
BKSY,2026-07-07 13:30:00-04:00,26.28,26.52,26.25,26.25,80537
BKSY,2026-07-07 14:30:00-04:00,26.22,26.22,25.6,25.685,149651
BKSY,2026-07-07 15:30:00-04:00,25.665,25.7583,25.32,25.45,186822
BKSY,2026-07-08 09:30:00-04:00,25.38,27.24,25.34,26.805,259609
BKSY,2026-07-08 10:30:00-04:00,26.805,27.0499,25.71,25.8325,143594
BKSY,2026-07-08 11:30:00-04:00,25.85,25.95,25.6401,25.87,78668
BKSY,2026-07-08 12:30:00-04:00,25.85,25.94,24.87,25.19,170806
BKSY,2026-07-08 13:30:00-04:00,25.2397,25.535,25.095,25.535,106163
BKSY,2026-07-08 14:30:00-04:00,25.48,25.95,25.37,25.88,92795
BKSY,2026-07-08 15:30:00-04:00,25.9,26.01,25.78,25.9,156754
BKSY,2026-07-09 09:30:00-04:00,26.35,26.35,24.755,25.24,192295
BKSY,2026-07-09 10:30:00-04:00,25.18,25.62,25.16,25.54,87384
BKSY,2026-07-09 11:30:00-04:00,25.48,25.75,25.2,25.26,96000
BKSY,2026-07-09 12:30:00-04:00,25.29,25.36,25.1,25.28,91652
BKSY,2026-07-09 13:30:00-04:00,25.255,25.74,25.08,25.57,122179
BKSY,2026-07-09 14:30:00-04:00,25.575,25.81,25.34,25.345,114576
BKSY,2026-07-09 15:30:00-04:00,25.32,25.58,25.16,25.53,201443
BKSY,2026-07-10 09:30:00-04:00,25.8,25.8,24.055,24.29,206148
BKSY,2026-07-10 10:30:00-04:00,24.27,24.425,23.932,24.355,119002
BKSY,2026-07-10 11:30:00-04:00,24.355,24.615,24.2,24.615,72846
BKSY,2026-07-10 12:30:00-04:00,24.59,24.79,24.49,24.525,86115
BKSY,2026-07-10 13:30:00-04:00,24.525,24.69,24.43,24.4344,63288
BKSY,2026-07-10 14:30:00-04:00,24.41,25.37,24.2806,24.585,318546
BKSY,2026-07-10 15:30:00-04:00,24.585,25.17,24.49,25.07,389270
BKSY,2026-07-13 09:30:00-04:00,25.02,26.32,25.02,25.605,499490
BKSY,2026-07-13 10:30:00-04:00,25.57,25.62,24.9,25.47,158726
BKSY,2026-07-13 11:30:00-04:00,25.5,25.74,25.2688,25.4,101701
BKSY,2026-07-13 12:30:00-04:00,25.39,26.12,25.26,25.47,132237
BKSY,2026-07-13 13:30:00-04:00,25.48,26.0,25.36,25.86,191571
BKSY,2026-07-13 14:30:00-04:00,25.83,25.92,25.375,25.555,229684
BKSY,2026-07-13 15:30:00-04:00,25.555,26.15,25.32,26.07,489320
BKSY,2026-07-14 09:30:00-04:00,26.49,27.0,25.4,25.4848,247130
BKSY,2026-07-14 10:30:00-04:00,25.5,25.98,25.45,25.87,77658
BKSY,2026-07-14 11:30:00-04:00,25.86,26.217,25.64,25.85,316757
BKSY,2026-07-14 12:30:00-04:00,25.89,25.95,25.36,25.64,308221
BKSY,2026-07-14 13:30:00-04:00,25.64,25.85,25.32,25.44,51374
BKSY,2026-07-14 14:30:00-04:00,25.435,25.52,25.31,25.45,62713
BKSY,2026-07-14 15:30:00-04:00,25.41,25.67,25.3,25.66,182852
BKSY,2026-07-15 09:30:00-04:00,25.73,26.6648,25.32,26.2,148944
BKSY,2026-07-15 10:30:00-04:00,26.2,26.44,25.44,25.48,94522
BKSY,2026-07-15 11:30:00-04:00,25.495,25.5999,24.61,24.66,249400
BKSY,2026-07-15 12:30:00-04:00,24.695,24.96,24.39,24.82,98645
BKSY,2026-07-15 13:30:00-04:00,24.79,25.03,24.68,24.97,62796
BKSY,2026-07-15 14:30:00-04:00,24.96,24.985,24.23,24.29,68386
BKSY,2026-07-15 15:30:00-04:00,24.33,24.475,24.25,24.29,118121
BKSY,2026-07-16 09:30:00-04:00,24.06,24.07,22.9,23.28,395949
BKSY,2026-07-16 10:30:00-04:00,23.235,23.235,22.17,22.4346,247011
BKSY,2026-07-16 11:30:00-04:00,22.42,22.42,21.55,21.79,202764
BKSY,2026-07-16 12:30:00-04:00,21.83,21.89,21.325,21.4196,213919
BKSY,2026-07-16 13:30:00-04:00,21.4394,21.535,21.2977,21.48,212718
BKSY,2026-07-16 14:30:00-04:00,21.47,21.83,21.3,21.74,310681
BKSY,2026-07-16 15:30:00-04:00,21.75,21.7995,21.33,21.45,310261
BKSY,2026-07-17 09:30:00-04:00,20.98,22.3,20.29,22.055,318116
BKSY,2026-07-17 10:30:00-04:00,22.09,22.3595,21.8701,22.29,159728
BKSY,2026-07-17 11:30:00-04:00,22.255,23.135,22.18,22.84,209147
BKSY,2026-07-17 12:30:00-04:00,22.8124,23.26,22.53,23.24,115744
BKSY,2026-07-17 13:30:00-04:00,23.24,23.2899,22.75,22.79,61591
BKSY,2026-07-17 14:30:00-04:00,22.83,22.89,22.28,22.33,87496
BKSY,2026-07-17 15:30:00-04:00,22.37,22.4,22.165,22.19,135345
BKSY,2026-07-20 09:30:00-04:00,21.85,22.45,21.42,21.785,241599
BKSY,2026-07-20 10:30:00-04:00,21.78,21.8,21.34,21.47,185617
BKSY,2026-07-20 11:30:00-04:00,21.465,22.12,21.38,21.97,290850
BKSY,2026-07-20 12:30:00-04:00,22.02,22.08,21.83,22.01,79430
BKSY,2026-07-20 13:30:00-04:00,22.02,22.35,21.92,22.08,91358
BKSY,2026-07-20 14:30:00-04:00,22.07,22.0999,21.86,21.96,105944
BKSY,2026-07-20 15:30:00-04:00,21.98,22.045,21.82,21.86,187763
BKSY,2026-07-21 09:30:00-04:00,22.29,23.27,22.19,23.21,107046
BKSY,2026-07-21 10:30:00-04:00,23.28,23.73,23.18,23.72,128620
BKSY,2026-07-21 11:30:00-04:00,23.715,23.7399,23.28,23.39,83005
BKSY,2026-07-21 12:30:00-04:00,23.435,23.56,23.28,23.37,70291
BKSY,2026-07-21 13:30:00-04:00,23.41,23.5503,23.29,23.3,41458
BKSY,2026-07-21 14:30:00-04:00,23.33,23.52,23.18,23.41,67475
BKSY,2026-07-21 15:30:00-04:00,23.45,23.65,23.45,23.58,142441
BKSY,2026-07-22 09:30:00-04:00,23.22,23.9,22.85,23.11,124261
BKSY,2026-07-22 10:30:00-04:00,23.155,23.37,22.9,23.2916,71458
BKSY,2026-07-22 11:30:00-04:00,23.2895,23.34,23.0138,23.1,65926
BKSY,2026-07-22 12:30:00-04:00,23.08,23.175,22.925,23.0,41586
BKSY,2026-07-22 13:30:00-04:00,23.0,23.01,22.522,22.5443,57105
BKSY,2026-07-22 14:30:00-04:00,22.53,22.66,22.43,22.53,85787
BKSY,2026-07-22 15:30:00-04:00,22.56,22.62,22.48,22.5,132267
BKSY,2026-07-23 09:30:00-04:00,22.0,23.07,21.8077,22.55,190271
BKSY,2026-07-23 10:30:00-04:00,22.575,22.61,21.8,21.87,85414
BKSY,2026-07-23 11:30:00-04:00,21.88,22.6899,21.875,22.68,60538
BKSY,2026-07-23 12:30:00-04:00,22.65,22.68,22.43,22.65,58480
BKSY,2026-07-23 13:30:00-04:00,22.59,22.639,22.46,22.54,53575
BKSY,2026-07-23 14:30:00-04:00,22.48,22.58,22.24,22.4,56472
BKSY,2026-07-23 15:30:00-04:00,22.38,22.83,22.33,22.77,170731
BKSY,2026-07-24 09:30:00-04:00,22.87,22.95,21.5501,21.975,126905
BKSY,2026-07-24 10:30:00-04:00,22.06,22.39,21.75,22.22,125461
BKSY,2026-07-24 11:30:00-04:00,22.24,22.41,21.98,22.235,90140
BKSY,2026-07-24 12:30:00-04:00,22.16,22.215,21.86,22.135,60408
BKSY,2026-07-24 13:30:00-04:00,22.135,22.41,22.04,22.16,97320
BKSY,2026-07-24 14:30:00-04:00,22.185,22.185,21.5,21.845,335681
BKSY,2026-07-24 15:30:00-04:00,21.85,21.975,21.51,21.57,207926
BKSY,2026-07-27 09:30:00-04:00,21.55,22.55,21.4,21.695,212743
BKSY,2026-07-27 10:30:00-04:00,21.695,21.99,21.26,21.74,170640
BKSY,2026-07-27 11:30:00-04:00,21.735,21.905,21.45,21.8851,64413
BKSY,2026-07-27 12:30:00-04:00,21.93,22.045,21.615,21.63,107045
BKSY,2026-07-27 13:30:00-04:00,21.635,21.91,21.61,21.72,114145
BKSY,2026-07-27 14:30:00-04:00,21.725,22.1,21.575,22.09,58101
BKSY,2026-07-27 15:30:00-04:00,22.1,22.2,21.85,22.09,146698
BKSY,2026-07-28 09:30:00-04:00,21.49,22.0,20.95,21.41,348203
BKSY,2026-07-28 10:30:00-04:00,21.385,22.69,21.2569,22.62,196148
BKSY,2026-07-28 11:30:00-04:00,22.63,22.72,21.978,22.23,118374
BKSY,2026-07-28 12:30:00-04:00,22.18,22.37,21.91,21.99,49970
BKSY,2026-07-28 13:30:00-04:00,21.97,21.97,21.71,21.79,49085
BKSY,2026-07-28 14:30:00-04:00,21.83,21.97,21.76,21.97,64514
BKSY,2026-07-28 15:30:00-04:00,21.975,22.11,21.75,21.97,193958
BKSY,2026-07-29 09:30:00-04:00,21.97,22.5,21.41,21.44,160898
BKSY,2026-07-29 10:30:00-04:00,21.44,21.53,20.98,20.9895,88576
BKSY,2026-07-29 11:30:00-04:00,20.99,21.085,20.6701,20.8001,53278
BKSY,2026-07-29 12:30:00-04:00,20.82,21.13,20.69,20.9,60329
BKSY,2026-07-29 13:30:00-04:00,20.92,21.61,20.85,21.1,53929
BKSY,2026-07-29 14:30:00-04:00,21.14,21.735,20.905,21.05,86649
BKSY,2026-07-29 15:30:00-04:00,21.05,21.11,20.47,20.61,180207
BKSY,2026-07-30 09:30:00-04:00,21.17,22.37,20.77,22.145,203757
BKSY,2026-07-30 10:30:00-04:00,22.2145,22.2145,21.55,21.71,103146
BKSY,2026-07-30 11:30:00-04:00,21.7,21.9,21.57,21.82,50744
BKSY,2026-07-30 12:30:00-04:00,21.75,22.07,21.63,21.975,51001
BKSY,2026-07-30 13:30:00-04:00,21.965,22.21,21.79,22.0,99087
BKSY,2026-07-30 14:30:00-04:00,21.99,22.32,21.96,22.25,65929
BKSY,2026-07-30 15:30:00-04:00,22.22,22.47,22.22,22.46,156308
BKSY,2026-07-31 09:30:00-04:00,23.19,23.677,22.27,22.705,194225
BKSY,2026-07-31 10:30:00-04:00,22.65,23.07,22.63,22.79,123739
BKSY,2026-07-31 11:30:00-04:00,22.79,22.94,22.61,22.75,51274
BKSY,2026-07-31 12:30:00-04:00,22.75,22.88,22.585,22.8,51368
BKSY,2026-07-31 13:30:00-04:00,22.825,23.07,22.79,22.91,54153
BKSY,2026-07-31 14:30:00-04:00,22.925,23.11,22.781,23.04,80080
BKSY,2026-07-31 15:30:00-04:00,22.98,23.12,22.83,23.06,158783
BKSY,2026-08-03 09:30:00-04:00,22.49,23.57,22.0101,23.395,160321
BKSY,2026-08-03 10:30:00-04:00,23.395,23.95,23.35,23.72,102833
BKSY,2026-08-03 11:30:00-04:00,23.715,24.11,23.65,23.95,74145
BKSY,2026-08-03 12:30:00-04:00,23.97,24.0,23.61,23.77,45968
BKSY,2026-08-03 13:30:00-04:00,23.79,23.885,23.65,23.69,78880
BKSY,2026-08-03 14:30:00-04:00,23.695,23.76,23.31,23.545,149029
BKSY,2026-08-03 15:30:00-04:00,23.55,23.96,23.55,23.92,187484
BKSY,2026-08-04 09:30:00-04:00,24.64,25.7,24.64,25.33,188578
BKSY,2026-08-04 10:30:00-04:00,25.4,25.68,25.28,25.3877,91747
BKSY,2026-08-04 11:30:00-04:00,25.42,25.63,25.34,25.475,93589
BKSY,2026-08-04 12:30:00-04:00,25.43,25.69,25.4,25.67,87078
BKSY,2026-08-04 13:30:00-04:00,25.665,25.79,25.5049,25.755,114105
BKSY,2026-08-04 14:30:00-04:00,25.76,25.825,25.51,25.68,103917
BKSY,2026-08-04 15:30:00-04:00,25.66,25.74,25.34,25.37,201721
BKSY,2026-08-05 09:30:00-04:00,25.12,25.6,24.41,25.07,200843
BKSY,2026-08-05 10:30:00-04:00,25.125,25.125,24.575,24.845,73112
BKSY,2026-08-05 11:30:00-04:00,24.86,24.99,24.63,24.98,91496
BKSY,2026-08-05 12:30:00-04:00,25.01,25.08,24.73,24.81,60880
BKSY,2026-08-05 13:30:00-04:00,24.83,24.98,24.726,24.9,47213
BKSY,2026-08-05 14:30:00-04:00,24.86,25.14,24.75,25.085,75874
BKSY,2026-08-05 15:30:00-04:00,25.11,25.16,24.82,25.15,203551
BKSY,2026-08-06 09:30:00-04:00,25.6,28.98,25.14,28.83,407673
BKSY,2026-08-06 10:30:00-04:00,28.765,28.9,27.78,28.15,194507
BKSY,2026-08-06 11:30:00-04:00,28.2,28.21,27.4201,27.66,98572
BKSY,2026-08-06 12:30:00-04:00,27.6,28.11,27.54,27.93,165034
BKSY,2026-08-06 13:30:00-04:00,27.92,27.96,27.25,27.708,102606
BKSY,2026-08-06 14:30:00-04:00,27.7,28.3399,27.7,27.73,281485
BKSY,2026-08-06 15:30:00-04:00,27.75,28.06,27.66,27.82,228159
BKSY,2026-08-07 09:30:00-04:00,28.51,29.65,27.71,28.73,306359
BKSY,2026-08-07 10:30:00-04:00,28.62,28.8,28.12,28.73,132118
BKSY,2026-08-07 11:30:00-04:00,28.77,29.475,28.73,29.19,171380
BKSY,2026-08-07 12:30:00-04:00,29.11,29.34,28.9851,29.11,125406
BKSY,2026-08-07 13:30:00-04:00,29.11,29.2499,28.75,28.83,64796
BKSY,2026-08-07 14:30:00-04:00,28.84,29.17,28.66,29.015,81641
BKSY,2026-08-07 15:30:00-04:00,29.04,29.43,28.92,29.16,231786
BKSY,2026-08-10 09:30:00-04:00,30.4,31.4,30.28,30.605,325551
BKSY,2026-08-10 10:30:00-04:00,30.585,30.67,29.16,29.24,241814
BKSY,2026-08-10 11:30:00-04:00,29.26,29.98,29.255,29.58,104088
BKSY,2026-08-10 12:30:00-04:00,29.58,29.62,29.29,29.6,63795
BKSY,2026-08-10 13:30:00-04:00,29.61,29.72,29.09,29.15,125597
BKSY,2026-08-10 14:30:00-04:00,29.18,29.33,29.01,29.2,104726
BKSY,2026-08-10 15:30:00-04:00,29.25,29.34,28.61,28.65,198095
BKSY,2026-08-11 09:30:00-04:00,29.08,29.23,28.06,29.09,112546
BKSY,2026-08-11 10:30:00-04:00,29.125,29.325,28.755,28.975,65918
BKSY,2026-08-11 11:30:00-04:00,28.98,29.44,28.91,29.13,62581
BKSY,2026-08-11 12:30:00-04:00,29.13,29.43,29.01,29.4,81355
BKSY,2026-08-11 13:30:00-04:00,29.4,29.525,29.1801,29.32,112689
BKSY,2026-08-11 14:30:00-04:00,29.35,29.945,29.345,29.73,106828
BKSY,2026-08-11 15:30:00-04:00,29.73,29.95,29.68,29.91,220077
BKSY,2026-08-12 09:30:00-04:00,30.81,31.7157,29.8,31.19,271322
BKSY,2026-08-12 10:30:00-04:00,31.1,31.48,30.95,31.2,203584
BKSY,2026-08-12 11:30:00-04:00,31.21,31.6,31.0,31.36,108000
BKSY,2026-08-12 12:30:00-04:00,31.3783,32.08,31.34,31.86,143892
BKSY,2026-08-12 13:30:00-04:00,31.92,32.2657,31.86,32.14,108497
BKSY,2026-08-12 14:30:00-04:00,32.12,32.29,31.6012,32.24,176121
BKSY,2026-08-12 15:30:00-04:00,32.2275,32.34,31.83,31.88,197509
BKSY,2026-08-13 09:30:00-04:00,30.46,31.8871,30.18,31.5593,180645
BKSY,2026-08-13 10:30:00-04:00,31.61,31.61,30.6501,30.87,103976
BKSY,2026-08-13 11:30:00-04:00,30.86,31.155,30.46,30.745,113763
BKSY,2026-08-13 12:30:00-04:00,30.76,31.05,30.6058,30.89,52897
BKSY,2026-08-13 13:30:00-04:00,30.87,31.08,30.8101,30.965,50450
BKSY,2026-08-13 14:30:00-04:00,30.955,31.49,30.94,31.1031,99587
BKSY,2026-08-13 15:30:00-04:00,31.1,31.26,30.96,31.01,130998
BKSY,2026-08-14 09:30:00-04:00,30.99,32.39,30.75,31.82,157925
BKSY,2026-08-14 10:30:00-04:00,31.9082,31.9082,30.8127,30.96,72806
BKSY,2026-08-14 11:30:00-04:00,30.9864,31.199,30.28,31.1,55387
BKSY,2026-08-14 12:30:00-04:00,31.07,31.37,30.78,31.31,37177
BKSY,2026-08-14 13:30:00-04:00,31.41,31.41,30.82,30.82,39966
BKSY,2026-08-14 14:30:00-04:00,30.85,31.04,30.54,30.93,91680
BKSY,2026-08-14 15:30:00-04:00,30.84,31.1,30.77,30.98,86895
BKSY,2026-08-17 09:30:00-04:00,31.0,32.39,30.9,31.71,228166
BKSY,2026-08-17 10:30:00-04:00,31.77,31.9336,31.1011,31.15,77959
BKSY,2026-08-17 11:30:00-04:00,31.18,31.8399,31.09,31.56,68787
BKSY,2026-08-17 12:30:00-04:00,31.61,31.935,31.43,31.46,43329
BKSY,2026-08-17 13:30:00-04:00,31.49,31.58,31.11,31.1437,55905
BKSY,2026-08-17 14:30:00-04:00,31.125,31.4099,31.07,31.15,50176
BKSY,2026-08-17 15:30:00-04:00,31.15,31.335,30.75,30.79,153795
BKSY,2026-08-18 09:30:00-04:00,29.24,29.9819,28.64,29.22,274047
BKSY,2026-08-18 10:30:00-04:00,29.225,29.85,28.79,29.8,129108
BKSY,2026-08-18 11:30:00-04:00,29.82,29.94,29.5,29.83,47180
BKSY,2026-08-18 12:30:00-04:00,29.76,30.1588,29.53,29.68,112316
BKSY,2026-08-18 13:30:00-04:00,29.66,29.7258,29.16,29.28,69369
BKSY,2026-08-18 14:30:00-04:00,29.285,29.37,29.03,29.16,78640
BKSY,2026-08-18 15:30:00-04:00,29.16,29.2,28.82,28.93,220239
BKSY,2026-08-19 09:30:00-04:00,29.09,29.09,26.9,27.85,295110
BKSY,2026-08-19 10:30:00-04:00,27.77,28.3899,27.77,28.01,86025
BKSY,2026-08-19 11:30:00-04:00,27.95,28.14,27.66,28.12,72906
BKSY,2026-08-19 12:30:00-04:00,28.0313,28.4,27.98,28.35,63960
BKSY,2026-08-19 13:30:00-04:00,28.31,28.48,28.01,28.13,39401
BKSY,2026-08-19 14:30:00-04:00,28.14,28.195,27.92,28.05,59679
BKSY,2026-08-19 15:30:00-04:00,28.035,28.11,27.73,27.92,127602
BKSY,2026-08-20 09:30:00-04:00,27.47,27.8,26.39,26.52,146270
BKSY,2026-08-20 10:30:00-04:00,26.51,26.8594,26.22,26.2546,111786
BKSY,2026-08-20 11:30:00-04:00,26.225,26.24,25.71,25.82,214587
BKSY,2026-08-20 12:30:00-04:00,25.785,26.42,25.69,26.23,86636
BKSY,2026-08-20 13:30:00-04:00,26.23,26.65,26.23,26.56,53345
BKSY,2026-08-20 14:30:00-04:00,26.53,26.67,26.355,26.61,118658
BKSY,2026-08-20 15:30:00-04:00,26.585,26.83,26.58,26.72,164229
BKSY,2026-08-21 09:30:00-04:00,27.16,27.96,26.48,26.975,102569
BKSY,2026-08-21 10:30:00-04:00,26.92,28.1,26.63,27.76,115929
BKSY,2026-08-21 11:30:00-04:00,27.76,28.27,27.69,28.16,83643
BKSY,2026-08-21 12:30:00-04:00,28.155,28.25,27.87,28.1,74764
BKSY,2026-08-21 13:30:00-04:00,28.075,28.245,27.72,27.81,56726
BKSY,2026-08-21 14:30:00-04:00,27.8,27.85,27.585,27.65,72063
BKSY,2026-08-21 15:30:00-04:00,27.65,27.9,27.64,27.78,158861
BKSY,2026-08-24 09:30:00-04:00,27.17,27.6976,26.0005,26.19,146822
BKSY,2026-08-24 10:30:00-04:00,26.21,26.46,26.11,26.3705,93534
BKSY,2026-08-24 11:30:00-04:00,26.37,26.47,26.185,26.26,46344
BKSY,2026-08-24 12:30:00-04:00,26.27,26.33,26.06,26.115,41852
BKSY,2026-08-24 13:30:00-04:00,26.115,26.22,25.94,26.205,55750
BKSY,2026-08-24 14:30:00-04:00,26.21,26.24,25.98,25.99,54211
BKSY,2026-08-24 15:30:00-04:00,25.9705,26.03,25.47,25.58,152521
BKSY,2026-08-25 09:30:00-04:00,26.07,26.48,25.0,25.2999,115325
BKSY,2026-08-25 10:30:00-04:00,25.22,25.41,25.01,25.28,58522
BKSY,2026-08-25 11:30:00-04:00,25.315,25.45,25.135,25.2,62593
BKSY,2026-08-25 12:30:00-04:00,25.2,25.545,25.1,25.5025,49467
BKSY,2026-08-25 13:30:00-04:00,25.45,25.58,25.39,25.53,44499
BKSY,2026-08-25 14:30:00-04:00,25.5,25.51,25.13,25.13,54165
BKSY,2026-08-25 15:30:00-04:00,25.145,25.28,25.1,25.18,125068
BKSY,2026-08-26 09:30:00-04:00,24.94,25.6999,24.62,24.73,63590
BKSY,2026-08-26 10:30:00-04:00,24.78,24.95,24.5675,24.59,49913
BKSY,2026-08-26 11:30:00-04:00,24.6057,24.7177,24.42,24.6651,36346
BKSY,2026-08-26 12:30:00-04:00,24.72,24.7784,24.57,24.715,21575
BKSY,2026-08-26 13:30:00-04:00,24.7201,24.73,24.51,24.51,31588
BKSY,2026-08-26 14:30:00-04:00,24.5,24.7,24.4454,24.59,42433
BKSY,2026-08-26 15:30:00-04:00,24.575,24.69,24.5,24.68,113358
BKSY,2026-08-27 09:30:00-04:00,25.29,25.5399,24.88,25.22,119503
BKSY,2026-08-27 10:30:00-04:00,25.16,25.3,24.94,25.055,41941
BKSY,2026-08-27 11:30:00-04:00,24.99,25.125,24.57,24.7351,78864
BKSY,2026-08-27 12:30:00-04:00,24.75,25.28,24.65,25.0,83379
BKSY,2026-08-27 13:30:00-04:00,24.99,25.06,24.825,24.88,34791
BKSY,2026-08-27 14:30:00-04:00,24.91,24.96,24.6301,24.66,94582
BKSY,2026-08-27 15:30:00-04:00,24.64,24.94,24.62,24.76,136308
BKSY,2026-08-28 09:30:00-04:00,24.44,24.44,23.77,24.14,101612
BKSY,2026-08-28 10:30:00-04:00,24.03,24.33,23.93,24.285,94200
BKSY,2026-08-28 11:30:00-04:00,24.27,24.27,23.695,23.8,72296
BKSY,2026-08-28 12:30:00-04:00,23.82,23.94,23.75,23.88,51193
BKSY,2026-08-28 13:30:00-04:00,23.91,23.95,23.7,23.72,84248
BKSY,2026-08-28 14:30:00-04:00,23.705,23.705,23.44,23.67,80392
BKSY,2026-08-28 15:30:00-04:00,23.665,23.74,23.5,23.705,143562
BKSY,2026-08-31 09:30:00-04:00,23.5,24.0,23.2208,23.28,90415
BKSY,2026-08-31 10:30:00-04:00,23.27,23.58,23.26,23.39,43730
BKSY,2026-08-31 11:30:00-04:00,23.37,23.45,23.17,23.37,73706
BKSY,2026-08-31 12:30:00-04:00,23.37,23.375,23.1415,23.205,58627
BKSY,2026-08-31 13:30:00-04:00,23.205,23.28,23.11,23.1701,50764
BKSY,2026-08-31 14:30:00-04:00,23.17,23.22,23.1,23.12,69642
BKSY,2026-08-31 15:30:00-04:00,23.12,23.25,23.03,23.1,218614
BKSY,2026-09-01 09:30:00-04:00,23.025,23.1,22.041,22.23,108157
BKSY,2026-09-01 10:30:00-04:00,22.22,22.22,21.82,21.89,84379
BKSY,2026-09-01 11:30:00-04:00,21.902,22.01,21.7,21.7173,82238
BKSY,2026-09-01 12:30:00-04:00,21.685,21.7799,21.56,21.74,80439
BKSY,2026-09-01 13:30:00-04:00,21.7511,21.79,21.52,21.53,57310
BKSY,2026-09-01 14:30:00-04:00,21.54,21.605,21.31,21.53,112418
BKSY,2026-09-01 15:30:00-04:00,21.525,21.6,21.42,21.44,132500
BKSY,2026-09-02 09:30:00-04:00,21.61,22.0,21.45,21.9036,76165
BKSY,2026-09-02 10:30:00-04:00,21.93,21.9964,21.45,21.4747,62240
BKSY,2026-09-02 11:30:00-04:00,21.48,21.565,21.2697,21.3,42598
BKSY,2026-09-02 12:30:00-04:00,21.28,21.39,21.22,21.27,27579
BKSY,2026-09-02 13:30:00-04:00,21.2401,21.6876,21.2401,21.6876,34073
BKSY,2026-09-02 14:30:00-04:00,21.69,21.84,21.59,21.73,54641
BKSY,2026-09-02 15:30:00-04:00,21.73,21.935,21.69,21.775,126408
BKSY,2026-09-03 09:30:00-04:00,22.0,22.1138,20.9,20.915,183222
BKSY,2026-09-03 10:30:00-04:00,20.88,21.0,20.6,20.9149,167810
BKSY,2026-09-03 11:30:00-04:00,20.91,20.91,20.2914,20.55,141721
BKSY,2026-09-03 12:30:00-04:00,20.59,20.7,20.15,20.34,215585
BKSY,2026-09-03 13:30:00-04:00,20.31,20.41,20.2,20.3,107632
BKSY,2026-09-03 14:30:00-04:00,20.32,20.4299,20.23,20.28,197555
BKSY,2026-09-03 15:30:00-04:00,20.29,20.635,20.28,20.63,291379
SATL,2026-07-06 09:30:00-04:00,5.505,5.575,5.275,5.28,842022
SATL,2026-07-06 10:30:00-04:00,5.29,5.38,5.2003,5.32,499842
SATL,2026-07-06 11:30:00-04:00,5.315,5.37,5.252,5.315,299584
SATL,2026-07-06 12:30:00-04:00,5.31,5.33,5.23,5.255,230943
SATL,2026-07-06 13:30:00-04:00,5.255,5.32,5.175,5.275,494932
SATL,2026-07-06 14:30:00-04:00,5.265,5.27,5.21,5.255,299612
SATL,2026-07-06 15:30:00-04:00,5.255,5.255,5.15,5.18,754882
SATL,2026-07-07 09:30:00-04:00,5.18,5.21,4.9701,5.015,983546
SATL,2026-07-07 10:30:00-04:00,5.02,5.075,4.94,5.03,679708
SATL,2026-07-07 11:30:00-04:00,5.04,5.049,4.99,5.035,389741
SATL,2026-07-07 12:30:00-04:00,5.03,5.055,5.0,5.03,306495
SATL,2026-07-07 13:30:00-04:00,5.04,5.09,5.02,5.045,372767
SATL,2026-07-07 14:30:00-04:00,5.04,5.045,4.89,4.915,534532
SATL,2026-07-07 15:30:00-04:00,4.915,4.935,4.805,4.82,1085896
SATL,2026-07-08 09:30:00-04:00,4.75,5.11,4.75,4.995,1015071
SATL,2026-07-08 10:30:00-04:00,4.9998,5.0,4.7414,4.76,686682
SATL,2026-07-08 11:30:00-04:00,4.755,4.815,4.745,4.795,422427
SATL,2026-07-08 12:30:00-04:00,4.795,4.82,4.69,4.735,485574
SATL,2026-07-08 13:30:00-04:00,4.735,4.78,4.69,4.71,400346
SATL,2026-07-08 14:30:00-04:00,4.715,4.74,4.675,4.7386,548492
SATL,2026-07-08 15:30:00-04:00,4.735,4.755,4.67,4.735,818731
SATL,2026-07-09 09:30:00-04:00,4.73,4.77,4.53,4.615,845779
SATL,2026-07-09 10:30:00-04:00,4.615,4.65,4.6,4.625,817735
SATL,2026-07-09 11:30:00-04:00,4.625,4.645,4.57,4.58,432631
SATL,2026-07-09 12:30:00-04:00,4.575,4.625,4.565,4.615,609630
SATL,2026-07-09 13:30:00-04:00,4.615,4.68,4.6,4.665,443945
SATL,2026-07-09 14:30:00-04:00,4.665,4.6787,4.63,4.6401,372966
SATL,2026-07-09 15:30:00-04:00,4.64,4.64,4.575,4.605,638100
SATL,2026-07-10 09:30:00-04:00,4.61,4.63,4.28,4.4,1705576
SATL,2026-07-10 10:30:00-04:00,4.39,4.45,4.34,4.395,432430
SATL,2026-07-10 11:30:00-04:00,4.3999,4.46,4.385,4.455,545127
SATL,2026-07-10 12:30:00-04:00,4.45,4.5,4.44,4.455,297580
SATL,2026-07-10 13:30:00-04:00,4.455,4.495,4.44,4.445,264498
SATL,2026-07-10 14:30:00-04:00,4.445,4.475,4.44,4.4571,304340
SATL,2026-07-10 15:30:00-04:00,4.455,4.56,4.455,4.52,540691
SATL,2026-07-13 09:30:00-04:00,4.54,4.57,4.34,4.47,763463
SATL,2026-07-13 10:30:00-04:00,4.47,4.5,4.41,4.445,313746
SATL,2026-07-13 11:30:00-04:00,4.445,4.47,4.37,4.39,279210
SATL,2026-07-13 12:30:00-04:00,4.385,4.445,4.35,4.365,367279
SATL,2026-07-13 13:30:00-04:00,4.365,4.41,4.35,4.36,295798
SATL,2026-07-13 14:30:00-04:00,4.36,4.38,4.295,4.3123,356691
SATL,2026-07-13 15:30:00-04:00,4.32,4.36,4.31,4.335,392650
SATL,2026-07-14 09:30:00-04:00,4.52,4.65,4.44,4.45,916937
SATL,2026-07-14 10:30:00-04:00,4.451,4.54,4.425,4.505,362095
SATL,2026-07-14 11:30:00-04:00,4.505,4.525,4.45,4.48,255513
SATL,2026-07-14 12:30:00-04:00,4.4701,4.485,4.36,4.39,204686
SATL,2026-07-14 13:30:00-04:00,4.395,4.4,4.35,4.36,182043
SATL,2026-07-14 14:30:00-04:00,4.36,4.375,4.31,4.31,304298
SATL,2026-07-14 15:30:00-04:00,4.315,4.352,4.28,4.295,532706
SATL,2026-07-15 09:30:00-04:00,4.27,4.45,4.16,4.195,810270
SATL,2026-07-15 10:30:00-04:00,4.2,4.23,4.02,4.065,795015
SATL,2026-07-15 11:30:00-04:00,4.07,4.0786,3.98,3.995,676582
SATL,2026-07-15 12:30:00-04:00,4.0,4.02,3.96,4.005,572196
SATL,2026-07-15 13:30:00-04:00,4.005,4.05,4.0,4.0302,385939
SATL,2026-07-15 14:30:00-04:00,4.0307,4.04,3.92,3.938,432278
SATL,2026-07-15 15:30:00-04:00,3.935,3.98,3.935,3.945,397787
SATL,2026-07-16 09:30:00-04:00,3.89,3.91,3.68,3.705,1627691
SATL,2026-07-16 10:30:00-04:00,3.695,3.7,3.63,3.665,727874
SATL,2026-07-16 11:30:00-04:00,3.662,3.96,3.5601,3.61,883545
SATL,2026-07-16 12:30:00-04:00,3.615,3.64,3.57,3.63,542109
SATL,2026-07-16 13:30:00-04:00,3.63,3.63,3.57,3.58,473172
SATL,2026-07-16 14:30:00-04:00,3.58,3.635,3.55,3.625,645150
SATL,2026-07-16 15:30:00-04:00,3.63,3.665,3.545,3.56,968934
SATL,2026-07-17 09:30:00-04:00,3.49,3.76,3.465,3.715,1616784
SATL,2026-07-17 10:30:00-04:00,3.715,3.755,3.675,3.755,710252
SATL,2026-07-17 11:30:00-04:00,3.75,3.97,3.745,3.9,1058494
SATL,2026-07-17 12:30:00-04:00,3.89,3.98,3.8527,3.97,776174
SATL,2026-07-17 13:30:00-04:00,3.98,3.99,3.8701,3.885,516460
SATL,2026-07-17 14:30:00-04:00,3.885,3.9,3.82,3.84,589574
SATL,2026-07-17 15:30:00-04:00,3.84,3.87,3.81,3.815,815139
SATL,2026-07-20 09:30:00-04:00,3.88,3.94,3.54,3.5987,1614859
SATL,2026-07-20 10:30:00-04:00,3.595,3.64,3.555,3.575,962741
SATL,2026-07-20 11:30:00-04:00,3.57,3.65,3.57,3.6,582383
SATL,2026-07-20 12:30:00-04:00,3.61,3.6298,3.57,3.615,528771
SATL,2026-07-20 13:30:00-04:00,3.6139,3.73,3.6002,3.685,720519
SATL,2026-07-20 14:30:00-04:00,3.68,3.68,3.59,3.605,445232
SATL,2026-07-20 15:30:00-04:00,3.605,3.61,3.545,3.565,1054769
SATL,2026-07-21 09:30:00-04:00,3.62,3.82,3.58,3.775,1261975
SATL,2026-07-21 10:30:00-04:00,3.7764,3.86,3.77,3.845,458659
SATL,2026-07-21 11:30:00-04:00,3.84,3.89,3.82,3.875,596060
SATL,2026-07-21 12:30:00-04:00,3.875,3.905,3.8501,3.885,521770
SATL,2026-07-21 13:30:00-04:00,3.89,3.94,3.85,3.86,835990
SATL,2026-07-21 14:30:00-04:00,3.86,3.8798,3.81,3.83,349629
SATL,2026-07-21 15:30:00-04:00,3.835,3.93,3.83,3.9,536080
SATL,2026-07-22 09:30:00-04:00,3.84,3.96,3.78,3.84,1012052
SATL,2026-07-22 10:30:00-04:00,3.85,3.92,3.81,3.891,413759
SATL,2026-07-22 11:30:00-04:00,3.8914,3.9,3.845,3.85,250936
SATL,2026-07-22 12:30:00-04:00,3.8537,3.86,3.81,3.835,199254
SATL,2026-07-22 13:30:00-04:00,3.835,3.84,3.73,3.74,432125
SATL,2026-07-22 14:30:00-04:00,3.74,3.76,3.72,3.755,316282
SATL,2026-07-22 15:30:00-04:00,3.755,3.765,3.735,3.755,432058
SATL,2026-07-23 09:30:00-04:00,3.74,3.88,3.73,3.795,612600
SATL,2026-07-23 10:30:00-04:00,3.795,3.81,3.68,3.695,333639
SATL,2026-07-23 11:30:00-04:00,3.69,3.79,3.69,3.7886,405023
SATL,2026-07-23 12:30:00-04:00,3.79,3.795,3.75,3.785,165943
SATL,2026-07-23 13:30:00-04:00,3.785,3.785,3.75,3.77,201043
SATL,2026-07-23 14:30:00-04:00,3.765,3.79,3.75,3.77,289026
SATL,2026-07-23 15:30:00-04:00,3.77,3.815,3.75,3.81,435533
SATL,2026-07-24 09:30:00-04:00,3.8,3.8,3.555,3.59,520201
SATL,2026-07-24 10:30:00-04:00,3.59,3.62,3.5403,3.61,679467
SATL,2026-07-24 11:30:00-04:00,3.605,3.63,3.58,3.605,278929
SATL,2026-07-24 12:30:00-04:00,3.605,3.645,3.58,3.635,228698
SATL,2026-07-24 13:30:00-04:00,3.6301,3.645,3.6,3.62,166090
SATL,2026-07-24 14:30:00-04:00,3.6156,3.62,3.56,3.58,260533
SATL,2026-07-24 15:30:00-04:00,3.575,3.605,3.57,3.585,465541
SATL,2026-07-27 09:30:00-04:00,3.59,3.75,3.515,3.5202,751450
SATL,2026-07-27 10:30:00-04:00,3.525,3.525,3.45,3.46,730630
SATL,2026-07-27 11:30:00-04:00,3.4501,3.5,3.4101,3.488,514048
SATL,2026-07-27 12:30:00-04:00,3.49,3.5021,3.425,3.425,329460
SATL,2026-07-27 13:30:00-04:00,3.425,3.465,3.42,3.445,245689
SATL,2026-07-27 14:30:00-04:00,3.445,3.525,3.415,3.525,575757
SATL,2026-07-27 15:30:00-04:00,3.525,3.55,3.49,3.525,882201
SATL,2026-07-28 09:30:00-04:00,3.44,3.44,3.295,3.335,1784299
SATL,2026-07-28 10:30:00-04:00,3.335,3.5,3.3,3.495,704369
SATL,2026-07-28 11:30:00-04:00,3.495,3.56,3.48,3.525,583646
SATL,2026-07-28 12:30:00-04:00,3.52,3.565,3.51,3.515,187732
SATL,2026-07-28 13:30:00-04:00,3.51,3.52,3.45,3.455,194253
SATL,2026-07-28 14:30:00-04:00,3.455,3.51,3.455,3.505,225071
SATL,2026-07-28 15:30:00-04:00,3.5099,3.54,3.47,3.54,660560
SATL,2026-07-29 09:30:00-04:00,3.5,3.54,3.345,3.345,824054
SATL,2026-07-29 10:30:00-04:00,3.35,3.38,3.32,3.34,410487
SATL,2026-07-29 11:30:00-04:00,3.3399,3.35,3.28,3.305,428313
SATL,2026-07-29 12:30:00-04:00,3.305,3.375,3.29,3.35,454640
SATL,2026-07-29 13:30:00-04:00,3.355,3.415,3.325,3.36,405761
SATL,2026-07-29 14:30:00-04:00,3.37,3.49,3.345,3.385,428413
SATL,2026-07-29 15:30:00-04:00,3.39,3.4,3.28,3.31,515386
SATL,2026-07-30 09:30:00-04:00,3.5,3.57,3.42,3.545,920678
SATL,2026-07-30 10:30:00-04:00,3.55,3.555,3.458,3.475,509499
SATL,2026-07-30 11:30:00-04:00,3.48,3.52,3.46,3.51,253959
SATL,2026-07-30 12:30:00-04:00,3.505,3.505,3.44,3.475,247933
SATL,2026-07-30 13:30:00-04:00,3.48,3.48,3.41,3.425,285768
SATL,2026-07-30 14:30:00-04:00,3.425,3.475,3.42,3.4501,363537
SATL,2026-07-30 15:30:00-04:00,3.45,3.5,3.45,3.485,706909
SATL,2026-07-31 09:30:00-04:00,3.72,3.72,3.485,3.53,1155974
SATL,2026-07-31 10:30:00-04:00,3.53,3.6,3.52,3.535,281448
SATL,2026-07-31 11:30:00-04:00,3.535,3.55,3.49,3.54,336540
SATL,2026-07-31 12:30:00-04:00,3.54,3.58,3.515,3.565,259063
SATL,2026-07-31 13:30:00-04:00,3.56,3.59,3.53,3.57,219119
SATL,2026-07-31 14:30:00-04:00,3.575,3.645,3.56,3.635,380098
SATL,2026-07-31 15:30:00-04:00,3.635,3.6464,3.57,3.575,566426
SATL,2026-08-03 09:30:00-04:00,3.55,3.83,3.48,3.815,1256481
SATL,2026-08-03 10:30:00-04:00,3.815,3.9,3.8,3.82,499853
SATL,2026-08-03 11:30:00-04:00,3.81,3.89,3.8,3.885,275252
SATL,2026-08-03 12:30:00-04:00,3.885,3.925,3.865,3.905,732104
SATL,2026-08-03 13:30:00-04:00,3.9,3.94,3.9,3.915,389358
SATL,2026-08-03 14:30:00-04:00,3.92,3.97,3.895,3.95,687602
SATL,2026-08-03 15:30:00-04:00,3.955,3.98,3.92,3.96,774849
SATL,2026-08-04 09:30:00-04:00,4.24,4.36,4.1688,4.345,1888898
SATL,2026-08-04 10:30:00-04:00,4.345,4.46,4.32,4.44,858187
SATL,2026-08-04 11:30:00-04:00,4.44,4.46,4.37,4.43,921011
SATL,2026-08-04 12:30:00-04:00,4.43,4.525,4.4,4.495,747376
SATL,2026-08-04 13:30:00-04:00,4.495,4.52,4.45,4.4999,431698
SATL,2026-08-04 14:30:00-04:00,4.495,4.52,4.45,4.495,418729
SATL,2026-08-04 15:30:00-04:00,4.5,4.56,4.47,4.495,834286
SATL,2026-08-05 09:30:00-04:00,4.41,4.45,4.25,4.36,1666564
SATL,2026-08-05 10:30:00-04:00,4.355,4.385,4.31,4.37,574382
SATL,2026-08-05 11:30:00-04:00,4.37,4.455,4.35,4.44,558542
SATL,2026-08-05 12:30:00-04:00,4.435,4.4798,4.375,4.47,831760
SATL,2026-08-05 13:30:00-04:00,4.465,4.83,4.445,4.705,2665442
SATL,2026-08-05 14:30:00-04:00,4.705,4.725,4.63,4.72,2223802
SATL,2026-08-05 15:30:00-04:00,4.72,4.825,4.655,4.815,3387718
SATL,2026-08-06 09:30:00-04:00,4.77,5.33,4.65,5.305,4968912
SATL,2026-08-06 10:30:00-04:00,5.315,5.332,5.135,5.145,1624883
SATL,2026-08-06 11:30:00-04:00,5.155,5.16,5.045,5.07,889294
SATL,2026-08-06 12:30:00-04:00,5.06,5.19,5.06,5.12,693572
SATL,2026-08-06 13:30:00-04:00,5.12,5.156,5.0201,5.11,872916
SATL,2026-08-06 14:30:00-04:00,5.1103,5.21,5.08,5.125,874732
SATL,2026-08-06 15:30:00-04:00,5.13,5.135,5.02,5.03,1244724
SATL,2026-08-07 09:30:00-04:00,5.37,5.495,5.145,5.46,2019441
SATL,2026-08-07 10:30:00-04:00,5.445,5.445,5.215,5.42,1008735
SATL,2026-08-07 11:30:00-04:00,5.42,5.58,5.42,5.535,1233677
SATL,2026-08-07 12:30:00-04:00,5.54,5.57,5.47,5.4701,655027
SATL,2026-08-07 13:30:00-04:00,5.475,5.485,5.41,5.425,466887
SATL,2026-08-07 14:30:00-04:00,5.42,5.48,5.38,5.438,476991
SATL,2026-08-07 15:30:00-04:00,5.435,5.55,5.405,5.52,783904
SATL,2026-08-10 09:30:00-04:00,5.62,5.945,5.58,5.635,2144372
SATL,2026-08-10 10:30:00-04:00,5.635,5.7299,5.51,5.5397,1201638
SATL,2026-08-10 11:30:00-04:00,5.535,5.575,5.43,5.445,1252840
SATL,2026-08-10 12:30:00-04:00,5.445,5.465,5.37,5.395,1089522
SATL,2026-08-10 13:30:00-04:00,5.4,5.42,5.345,5.3501,696549
SATL,2026-08-10 14:30:00-04:00,5.35,5.39,5.28,5.33,1323578
SATL,2026-08-10 15:30:00-04:00,5.335,5.4,5.305,5.33,847329
SATL,2026-08-11 09:30:00-04:00,5.26,5.422,5.15,5.422,1152654
SATL,2026-08-11 10:30:00-04:00,5.42,5.595,5.37,5.44,1072452
SATL,2026-08-11 11:30:00-04:00,5.435,5.555,5.435,5.51,389440
SATL,2026-08-11 12:30:00-04:00,5.51,5.8,5.51,5.695,1218864
SATL,2026-08-11 13:30:00-04:00,5.695,5.715,5.635,5.678,778589
SATL,2026-08-11 14:30:00-04:00,5.678,5.76,5.67,5.68,756215
SATL,2026-08-11 15:30:00-04:00,5.685,5.775,5.645,5.745,961704
SATL,2026-08-12 09:30:00-04:00,5.75,5.955,5.685,5.865,1566477
SATL,2026-08-12 10:30:00-04:00,5.86,5.9,5.815,5.865,694375
SATL,2026-08-12 11:30:00-04:00,5.865,5.875,5.8,5.835,623114
SATL,2026-08-12 12:30:00-04:00,5.835,5.9299,5.815,5.885,530744
SATL,2026-08-12 13:30:00-04:00,5.89,5.965,5.855,5.885,507741
SATL,2026-08-12 14:30:00-04:00,5.885,5.97,5.8,5.965,707964
SATL,2026-08-12 15:30:00-04:00,5.965,5.98,5.89,5.97,1263103
SATL,2026-08-13 09:30:00-04:00,5.88,6.025,5.8,5.955,1225591
SATL,2026-08-13 10:30:00-04:00,5.955,5.955,5.74,5.805,702908
SATL,2026-08-13 11:30:00-04:00,5.805,5.88,5.74,5.775,470860
SATL,2026-08-13 12:30:00-04:00,5.775,5.825,5.73,5.79,455872
SATL,2026-08-13 13:30:00-04:00,5.795,5.91,5.775,5.8991,456947
SATL,2026-08-13 14:30:00-04:00,5.895,5.955,5.885,5.89,473986
SATL,2026-08-13 15:30:00-04:00,5.88,5.93,5.855,5.895,567339
SATL,2026-08-14 09:30:00-04:00,5.98,6.2096,5.74,6.0301,2115421
SATL,2026-08-14 10:30:00-04:00,6.035,6.035,5.765,5.775,842599
SATL,2026-08-14 11:30:00-04:00,5.775,5.865,5.61,5.83,1058415
SATL,2026-08-14 12:30:00-04:00,5.835,5.88,5.75,5.86,475611
SATL,2026-08-14 13:30:00-04:00,5.865,5.885,5.78,5.785,362946
SATL,2026-08-14 14:30:00-04:00,5.78,5.78,5.715,5.765,567373
SATL,2026-08-14 15:30:00-04:00,5.765,5.825,5.745,5.795,619177
SATL,2026-08-17 09:30:00-04:00,5.81,6.035,5.73,5.955,868457
SATL,2026-08-17 10:30:00-04:00,5.95,5.9599,5.82,5.82,393913
SATL,2026-08-17 11:30:00-04:00,5.825,5.945,5.82,5.935,294488
SATL,2026-08-17 12:30:00-04:00,5.935,6.01,5.915,5.915,401942
SATL,2026-08-17 13:30:00-04:00,5.915,5.9399,5.85,5.8669,325934
SATL,2026-08-17 14:30:00-04:00,5.865,5.935,5.865,5.8876,308525
SATL,2026-08-17 15:30:00-04:00,5.89,5.945,5.785,5.82,579381
SATL,2026-08-18 09:30:00-04:00,5.5,5.8676,5.43,5.675,1298206
SATL,2026-08-18 10:30:00-04:00,5.67,5.87,5.61,5.865,680185
SATL,2026-08-18 11:30:00-04:00,5.8699,5.945,5.795,5.87,583701
SATL,2026-08-18 12:30:00-04:00,5.87,5.95,5.87,5.915,643629
SATL,2026-08-18 13:30:00-04:00,5.91,5.925,5.87,5.885,521781
SATL,2026-08-18 14:30:00-04:00,5.89,5.9,5.71,5.77,860344
SATL,2026-08-18 15:30:00-04:00,5.77,5.785,5.73,5.745,430177
SATL,2026-08-19 09:30:00-04:00,5.82,5.83,5.36,5.605,1401284
SATL,2026-08-19 10:30:00-04:00,5.61,5.76,5.52,5.595,614110
SATL,2026-08-19 11:30:00-04:00,5.595,5.64,5.54,5.625,231089
SATL,2026-08-19 12:30:00-04:00,5.63,5.64,5.565,5.59,282641
SATL,2026-08-19 13:30:00-04:00,5.585,5.61,5.53,5.535,344393
SATL,2026-08-19 14:30:00-04:00,5.5323,5.595,5.515,5.568,422057
SATL,2026-08-19 15:30:00-04:00,5.57,5.59,5.52,5.53,614820
SATL,2026-08-20 09:30:00-04:00,5.43,5.43,5.23,5.26,1157738
SATL,2026-08-20 10:30:00-04:00,5.2686,5.3018,5.18,5.205,424005
SATL,2026-08-20 11:30:00-04:00,5.2044,5.22,5.165,5.205,317273
SATL,2026-08-20 12:30:00-04:00,5.195,5.255,5.18,5.215,326094
SATL,2026-08-20 13:30:00-04:00,5.215,5.31,5.205,5.255,318071
SATL,2026-08-20 14:30:00-04:00,5.255,5.275,5.22,5.26,354628
SATL,2026-08-20 15:30:00-04:00,5.265,5.331,5.26,5.305,751463
SATL,2026-08-21 09:30:00-04:00,5.45,5.73,5.4419,5.54,1397489
SATL,2026-08-21 10:30:00-04:00,5.55,5.735,5.5,5.665,442400
SATL,2026-08-21 11:30:00-04:00,5.66,5.78,5.66,5.725,591016
SATL,2026-08-21 12:30:00-04:00,5.725,5.745,5.6221,5.68,345242
SATL,2026-08-21 13:30:00-04:00,5.68,5.775,5.655,5.67,511197
SATL,2026-08-21 14:30:00-04:00,5.675,5.71,5.65,5.675,351149
SATL,2026-08-21 15:30:00-04:00,5.67,5.72,5.66,5.71,652193
SATL,2026-08-24 09:30:00-04:00,5.57,5.57,5.31,5.4624,1000501
SATL,2026-08-24 10:30:00-04:00,5.465,5.525,5.37,5.425,604199
SATL,2026-08-24 11:30:00-04:00,5.42,5.455,5.365,5.385,282895
SATL,2026-08-24 12:30:00-04:00,5.385,5.445,5.365,5.42,234410
SATL,2026-08-24 13:30:00-04:00,5.415,5.44,5.38,5.43,163361
SATL,2026-08-24 14:30:00-04:00,5.435,5.435,5.34,5.36,323689
SATL,2026-08-24 15:30:00-04:00,5.3593,5.3593,5.26,5.275,897868
SATL,2026-08-25 09:30:00-04:00,5.33,5.3993,5.2105,5.285,730125
SATL,2026-08-25 10:30:00-04:00,5.28,5.485,5.245,5.41,596362
SATL,2026-08-25 11:30:00-04:00,5.41,5.4406,5.33,5.345,616893
SATL,2026-08-25 12:30:00-04:00,5.345,5.4,5.3,5.37,485000
SATL,2026-08-25 13:30:00-04:00,5.36,5.435,5.28,5.4101,258442
SATL,2026-08-25 14:30:00-04:00,5.4114,5.42,5.265,5.305,345078
SATL,2026-08-25 15:30:00-04:00,5.305,5.36,5.285,5.36,1122279
SATL,2026-08-26 09:30:00-04:00,5.4,5.57,5.18,5.185,1512491
SATL,2026-08-26 10:30:00-04:00,5.185,5.3088,5.13,5.18,640947
SATL,2026-08-26 11:30:00-04:00,5.175,5.21,5.155,5.18,256183
SATL,2026-08-26 12:30:00-04:00,5.175,5.225,5.135,5.225,419273
SATL,2026-08-26 13:30:00-04:00,5.225,5.225,5.14,5.14,283667
SATL,2026-08-26 14:30:00-04:00,5.145,5.19,5.102,5.175,464395
SATL,2026-08-26 15:30:00-04:00,5.175,5.215,5.12,5.12,831955
SATL,2026-08-27 09:30:00-04:00,5.19,5.43,5.18,5.36,801671
SATL,2026-08-27 10:30:00-04:00,5.36,5.375,5.3,5.35,388440
SATL,2026-08-27 11:30:00-04:00,5.3577,5.38,5.28,5.29,269996
SATL,2026-08-27 12:30:00-04:00,5.285,5.375,5.28,5.335,255588
SATL,2026-08-27 13:30:00-04:00,5.335,5.36,5.2933,5.34,220348
SATL,2026-08-27 14:30:00-04:00,5.34,5.36,5.272,5.295,218795
SATL,2026-08-27 15:30:00-04:00,5.295,5.32,5.275,5.295,235031
SATL,2026-08-28 09:30:00-04:00,5.23,5.252,5.035,5.075,820762
SATL,2026-08-28 10:30:00-04:00,5.085,5.105,5.0301,5.05,310149
SATL,2026-08-28 11:30:00-04:00,5.05,5.05,4.94,4.945,685664
SATL,2026-08-28 12:30:00-04:00,4.95,4.995,4.945,4.965,318334
SATL,2026-08-28 13:30:00-04:00,4.965,4.9899,4.91,4.915,385748
SATL,2026-08-28 14:30:00-04:00,4.91,4.915,4.825,4.88,533544
SATL,2026-08-28 15:30:00-04:00,4.885,4.885,4.83,4.83,750917
SATL,2026-08-31 09:30:00-04:00,4.81,4.9,4.77,4.83,602898
SATL,2026-08-31 10:30:00-04:00,4.82,4.86,4.8,4.825,238455
SATL,2026-08-31 11:30:00-04:00,4.82,4.835,4.79,4.805,211472
SATL,2026-08-31 12:30:00-04:00,4.805,4.83,4.79,4.798,153511
SATL,2026-08-31 13:30:00-04:00,4.795,4.825,4.79,4.81,144794
SATL,2026-08-31 14:30:00-04:00,4.81,4.835,4.785,4.83,247892
SATL,2026-08-31 15:30:00-04:00,4.825,4.89,4.8,4.885,525516
SATL,2026-09-01 09:30:00-04:00,4.73,4.81,4.63,4.645,620623
SATL,2026-09-01 10:30:00-04:00,4.645,4.68,4.6,4.62,279793
SATL,2026-09-01 11:30:00-04:00,4.615,4.665,4.61,4.63,284317
SATL,2026-09-01 12:30:00-04:00,4.625,4.65,4.61,4.645,145007
SATL,2026-09-01 13:30:00-04:00,4.65,4.655,4.61,4.615,247799
SATL,2026-09-01 14:30:00-04:00,4.615,4.64,4.58,4.64,360125
SATL,2026-09-01 15:30:00-04:00,4.635,4.645,4.6,4.61,541753
SATL,2026-09-02 09:30:00-04:00,4.59,4.81,4.58,4.7986,715046
SATL,2026-09-02 10:30:00-04:00,4.8,4.8,4.645,4.665,441532
SATL,2026-09-02 11:30:00-04:00,4.665,4.69,4.65,4.655,214290
SATL,2026-09-02 12:30:00-04:00,4.655,4.675,4.64,4.65,187552
SATL,2026-09-02 13:30:00-04:00,4.65,4.76,4.645,4.755,237809
SATL,2026-09-02 14:30:00-04:00,4.75,4.805,4.7301,4.765,450208
SATL,2026-09-02 15:30:00-04:00,4.765,4.765,4.695,4.75,674152
SATL,2026-09-03 09:30:00-04:00,4.84,4.975,4.665,4.665,919552
SATL,2026-09-03 10:30:00-04:00,4.66,4.7,4.62,4.665,535825
SATL,2026-09-03 11:30:00-04:00,4.665,4.665,4.53,4.5699,377785
SATL,2026-09-03 12:30:00-04:00,4.57,4.58,4.53,4.5565,194596
SATL,2026-09-03 13:30:00-04:00,4.555,4.605,4.53,4.55,395985
SATL,2026-09-03 14:30:00-04:00,4.545,4.63,4.5,4.625,412846
SATL,2026-09-03 15:30:00-04:00,4.625,4.695,4.61,4.625,666386
SPIR,2026-07-06 09:30:00-04:00,18.25,18.71,17.72,17.72,86619
SPIR,2026-07-06 10:30:00-04:00,17.8,18.06,17.54,17.9,50103
SPIR,2026-07-06 11:30:00-04:00,17.895,18.05,17.78,17.92,42962
SPIR,2026-07-06 12:30:00-04:00,17.895,18.07,17.73,17.8,28244
SPIR,2026-07-06 13:30:00-04:00,17.765,17.77,17.4912,17.66,46216
SPIR,2026-07-06 14:30:00-04:00,17.59,17.7695,17.39,17.55,50268
SPIR,2026-07-06 15:30:00-04:00,17.55,17.7,17.32,17.7,153512
SPIR,2026-07-07 09:30:00-04:00,17.35,17.43,16.53,16.98,196971
SPIR,2026-07-07 10:30:00-04:00,17.03,17.09,16.5,16.92,79156
SPIR,2026-07-07 11:30:00-04:00,16.95,17.3,16.74,17.26,183754
SPIR,2026-07-07 12:30:00-04:00,17.235,17.55,17.13,17.27,45610
SPIR,2026-07-07 13:30:00-04:00,17.32,17.5,17.285,17.46,48990
SPIR,2026-07-07 14:30:00-04:00,17.46,17.49,17.0,17.0455,102635
SPIR,2026-07-07 15:30:00-04:00,17.035,17.05,16.83,16.85,103483
SPIR,2026-07-08 09:30:00-04:00,16.72,17.54,16.61,17.11,73582
SPIR,2026-07-08 10:30:00-04:00,17.02,17.2799,16.55,16.565,40074
SPIR,2026-07-08 11:30:00-04:00,16.565,16.69,16.5,16.67,40134
SPIR,2026-07-08 12:30:00-04:00,16.66,16.68,15.96,16.24,93303
SPIR,2026-07-08 13:30:00-04:00,16.24,16.4483,16.14,16.3492,48505
SPIR,2026-07-08 14:30:00-04:00,16.3,16.4,16.2,16.35,53521
SPIR,2026-07-08 15:30:00-04:00,16.34,16.44,16.25,16.275,61816
SPIR,2026-07-09 09:30:00-04:00,16.58,16.8075,16.13,16.32,93012
SPIR,2026-07-09 10:30:00-04:00,16.32,16.49,16.15,16.355,143867
SPIR,2026-07-09 11:30:00-04:00,16.31,16.41,16.02,16.02,101858
SPIR,2026-07-09 12:30:00-04:00,16.03,16.07,15.945,16.05,47963
SPIR,2026-07-09 13:30:00-04:00,16.065,16.19,15.99,16.18,40792
SPIR,2026-07-09 14:30:00-04:00,16.21,16.35,16.15,16.17,37799
SPIR,2026-07-09 15:30:00-04:00,16.16,16.2,16.03,16.045,92152
SPIR,2026-07-10 09:30:00-04:00,16.12,16.12,14.8552,15.06,252627
SPIR,2026-07-10 10:30:00-04:00,15.12,15.24,14.87,15.13,116212
SPIR,2026-07-10 11:30:00-04:00,15.13,15.24,15.03,15.15,113040
SPIR,2026-07-10 12:30:00-04:00,15.15,15.305,15.06,15.13,49560
SPIR,2026-07-10 13:30:00-04:00,15.115,15.16,14.71,14.71,215577
SPIR,2026-07-10 14:30:00-04:00,14.71,14.89,14.68,14.74,144793
SPIR,2026-07-10 15:30:00-04:00,14.755,14.8,14.64,14.72,207362
SPIR,2026-07-13 09:30:00-04:00,14.52,14.87,14.2,14.29,130808
SPIR,2026-07-13 10:30:00-04:00,14.29,14.35,14.09,14.11,157085
SPIR,2026-07-13 11:30:00-04:00,14.09,14.2,13.97,14.025,183358
SPIR,2026-07-13 12:30:00-04:00,14.01,14.3,13.94,14.05,136093
SPIR,2026-07-13 13:30:00-04:00,14.05,14.14,13.93,13.95,127690
SPIR,2026-07-13 14:30:00-04:00,13.97,14.02,13.86,13.88,128856
SPIR,2026-07-13 15:30:00-04:00,13.88,14.005,13.8551,13.995,232231
SPIR,2026-07-14 09:30:00-04:00,14.27,15.0,14.02,14.69,132730
SPIR,2026-07-14 10:30:00-04:00,14.71,15.0499,14.66,15.01,65927
SPIR,2026-07-14 11:30:00-04:00,15.0423,15.1098,14.7807,14.995,68194
SPIR,2026-07-14 12:30:00-04:00,14.989,15.1125,14.755,14.83,50592
SPIR,2026-07-14 13:30:00-04:00,14.86,14.92,14.77,14.77,35679
SPIR,2026-07-14 14:30:00-04:00,14.8,14.87,14.72,14.75,55445
SPIR,2026-07-14 15:30:00-04:00,14.72,14.76,14.5,14.52,105193
SPIR,2026-07-15 09:30:00-04:00,14.42,14.92,14.25,14.385,91878
SPIR,2026-07-15 10:30:00-04:00,14.38,14.5393,13.97,14.06,75039
SPIR,2026-07-15 11:30:00-04:00,14.05,14.09,13.77,13.78,95236
SPIR,2026-07-15 12:30:00-04:00,13.8,13.92,13.7,13.88,80801
SPIR,2026-07-15 13:30:00-04:00,13.86,13.98,13.83,13.88,76149
SPIR,2026-07-15 14:30:00-04:00,13.875,13.95,13.675,13.72,131256
SPIR,2026-07-15 15:30:00-04:00,13.72,13.77,13.62,13.65,145664
SPIR,2026-07-16 09:30:00-04:00,13.25,13.5,12.85,12.97,322281
SPIR,2026-07-16 10:30:00-04:00,12.93,12.98,12.11,12.71,395443
SPIR,2026-07-16 11:30:00-04:00,12.71,12.73,12.38,12.49,87869
SPIR,2026-07-16 12:30:00-04:00,12.49,12.495,12.21,12.28,155053
SPIR,2026-07-16 13:30:00-04:00,12.265,12.29,12.18,12.26,180725
SPIR,2026-07-16 14:30:00-04:00,12.25,12.28,12.09,12.115,178034
SPIR,2026-07-16 15:30:00-04:00,12.13,12.15,12.0,12.15,276515
SPIR,2026-07-17 09:30:00-04:00,11.81,12.175,11.61,12.08,258169
SPIR,2026-07-17 10:30:00-04:00,12.08,12.36,12.0,12.17,165088
SPIR,2026-07-17 11:30:00-04:00,12.175,12.44,12.09,12.27,76844
SPIR,2026-07-17 12:30:00-04:00,12.25,12.44,12.2,12.39,55975
SPIR,2026-07-17 13:30:00-04:00,12.41,12.43,12.18,12.23,52710
SPIR,2026-07-17 14:30:00-04:00,12.2201,12.2201,12.1025,12.14,61112
SPIR,2026-07-17 15:30:00-04:00,12.14,12.195,12.1104,12.13,132993
SPIR,2026-07-20 09:30:00-04:00,11.84,12.14,11.3801,11.44,307599
SPIR,2026-07-20 10:30:00-04:00,11.44,11.46,11.11,11.12,267946
SPIR,2026-07-20 11:30:00-04:00,11.11,11.33,11.0,11.285,452970
SPIR,2026-07-20 12:30:00-04:00,11.285,11.35,11.14,11.15,199152
SPIR,2026-07-20 13:30:00-04:00,11.15,11.24,11.08,11.08,152015
SPIR,2026-07-20 14:30:00-04:00,11.08,11.08,10.88,10.95,243270
SPIR,2026-07-20 15:30:00-04:00,10.95,11.01,10.92,10.955,307257
SPIR,2026-07-21 09:30:00-04:00,11.06,11.6381,11.06,11.52,163671
SPIR,2026-07-21 10:30:00-04:00,11.54,11.615,11.44,11.59,190762
SPIR,2026-07-21 11:30:00-04:00,11.5999,11.69,11.47,11.585,127748
SPIR,2026-07-21 12:30:00-04:00,11.57,11.735,11.54,11.6,100749
SPIR,2026-07-21 13:30:00-04:00,11.61,11.73,11.56,11.58,122614
SPIR,2026-07-21 14:30:00-04:00,11.56,11.59,11.395,11.45,87709
SPIR,2026-07-21 15:30:00-04:00,11.455,11.65,11.44,11.64,293380
SPIR,2026-07-22 09:30:00-04:00,11.49,11.91,11.34,11.4815,73401
SPIR,2026-07-22 10:30:00-04:00,11.53,11.71,11.41,11.61,46906
SPIR,2026-07-22 11:30:00-04:00,11.6,11.63,11.456,11.49,43782
SPIR,2026-07-22 12:30:00-04:00,11.5,11.59,11.43,11.525,51449
SPIR,2026-07-22 13:30:00-04:00,11.5499,11.56,11.39,11.43,91684
SPIR,2026-07-22 14:30:00-04:00,11.45,11.48,11.36,11.455,82279
SPIR,2026-07-22 15:30:00-04:00,11.44,11.51,11.39,11.43,108257
SPIR,2026-07-23 09:30:00-04:00,11.37,11.7341,11.25,11.51,70572
SPIR,2026-07-23 10:30:00-04:00,11.45,11.4652,11.18,11.22,35524
SPIR,2026-07-23 11:30:00-04:00,11.21,11.46,11.21,11.46,27912
SPIR,2026-07-23 12:30:00-04:00,11.44,11.515,11.35,11.48,26124
SPIR,2026-07-23 13:30:00-04:00,11.4502,11.4502,11.34,11.34,23206
SPIR,2026-07-23 14:30:00-04:00,11.35,11.5099,11.34,11.48,44109
SPIR,2026-07-23 15:30:00-04:00,11.49,11.55,11.455,11.535,66191
SPIR,2026-07-24 09:30:00-04:00,11.56,11.6,11.0,11.105,74296
SPIR,2026-07-24 10:30:00-04:00,11.09,11.16,10.99,11.16,44276
SPIR,2026-07-24 11:30:00-04:00,11.155,11.19,11.045,11.13,43066
SPIR,2026-07-24 12:30:00-04:00,11.11,11.19,11.06,11.18,45706
SPIR,2026-07-24 13:30:00-04:00,11.18,11.22,11.1,11.1,36150
SPIR,2026-07-24 14:30:00-04:00,11.11,11.11,10.93,11.005,59845
SPIR,2026-07-24 15:30:00-04:00,11.005,11.05,10.96,11.0,91902
SPIR,2026-07-27 09:30:00-04:00,11.11,11.66,11.0,11.0,123154
SPIR,2026-07-27 10:30:00-04:00,11.02,11.235,10.85,11.029,43684
SPIR,2026-07-27 11:30:00-04:00,11.04,11.05,10.91,11.05,30045
SPIR,2026-07-27 12:30:00-04:00,11.06,11.09,10.86,10.86,36569
SPIR,2026-07-27 13:30:00-04:00,10.87,11.025,10.86,10.93,50576
SPIR,2026-07-27 14:30:00-04:00,10.92,11.155,10.9,11.15,42412
SPIR,2026-07-27 15:30:00-04:00,11.17,11.225,11.1,11.17,94379
SPIR,2026-07-28 09:30:00-04:00,11.0,11.0,10.52,10.6,240852
SPIR,2026-07-28 10:30:00-04:00,10.5867,11.29,10.56,11.28,126784
SPIR,2026-07-28 11:30:00-04:00,11.27,11.35,11.0857,11.1599,27140
SPIR,2026-07-28 12:30:00-04:00,11.12,11.32,11.1,11.215,50807
SPIR,2026-07-28 13:30:00-04:00,11.19,11.2502,11.11,11.11,17546
SPIR,2026-07-28 14:30:00-04:00,11.12,11.215,11.09,11.215,37747
SPIR,2026-07-28 15:30:00-04:00,11.185,11.37,11.11,11.35,107404
SPIR,2026-07-29 09:30:00-04:00,11.15,11.3,10.77,10.79,67288
SPIR,2026-07-29 10:30:00-04:00,10.79,10.83,10.475,10.505,124942
SPIR,2026-07-29 11:30:00-04:00,10.505,10.5596,10.44,10.48,76732
SPIR,2026-07-29 12:30:00-04:00,10.51,10.75,10.49,10.69,37903
SPIR,2026-07-29 13:30:00-04:00,10.68,11.04,10.67,10.875,51550
SPIR,2026-07-29 14:30:00-04:00,10.91,11.115,10.75,10.82,61241
SPIR,2026-07-29 15:30:00-04:00,10.8,10.83,10.48,10.54,113936
SPIR,2026-07-30 09:30:00-04:00,11.05,11.505,10.91,11.475,101840
SPIR,2026-07-30 10:30:00-04:00,11.521,11.8,11.25,11.25,71824
SPIR,2026-07-30 11:30:00-04:00,11.24,11.4499,11.23,11.335,28663
SPIR,2026-07-30 12:30:00-04:00,11.32,11.38,11.25,11.325,31111
SPIR,2026-07-30 13:30:00-04:00,11.31,11.395,11.3,11.335,26507
SPIR,2026-07-30 14:30:00-04:00,11.35,11.42,11.28,11.38,44797
SPIR,2026-07-30 15:30:00-04:00,11.385,11.41,11.33,11.36,94650
SPIR,2026-07-31 09:30:00-04:00,11.81,11.81,11.18,11.32,82988
SPIR,2026-07-31 10:30:00-04:00,11.3032,11.4035,11.25,11.27,71871
SPIR,2026-07-31 11:30:00-04:00,11.29,11.4,11.24,11.4,44228
SPIR,2026-07-31 12:30:00-04:00,11.3935,11.469,11.32,11.469,33048
SPIR,2026-07-31 13:30:00-04:00,11.445,11.5,11.415,11.48,45197
SPIR,2026-07-31 14:30:00-04:00,11.48,11.51,11.4125,11.46,49889
SPIR,2026-07-31 15:30:00-04:00,11.455,11.515,11.36,11.47,134028
SPIR,2026-08-03 09:30:00-04:00,11.22,11.88,11.06,11.81,76234
SPIR,2026-08-03 10:30:00-04:00,11.85,11.94,11.8,11.825,70379
SPIR,2026-08-03 11:30:00-04:00,11.84,12.096,11.825,12.055,41264
SPIR,2026-08-03 12:30:00-04:00,12.05,12.07,11.87,12.07,28758
SPIR,2026-08-03 13:30:00-04:00,12.045,12.09,12.0187,12.02,32039
SPIR,2026-08-03 14:30:00-04:00,12.05,12.13,12.01,12.11,82539
SPIR,2026-08-03 15:30:00-04:00,12.115,12.33,12.11,12.28,188499
SPIR,2026-08-04 09:30:00-04:00,12.8,13.15,12.64,13.11,137584
SPIR,2026-08-04 10:30:00-04:00,13.125,13.38,13.1,13.29,133329
SPIR,2026-08-04 11:30:00-04:00,13.32,13.53,13.29,13.45,96422
SPIR,2026-08-04 12:30:00-04:00,13.46,13.5443,13.41,13.525,67176
SPIR,2026-08-04 13:30:00-04:00,13.51,13.5296,13.35,13.46,55204
SPIR,2026-08-04 14:30:00-04:00,13.45,13.57,13.39,13.52,69030
SPIR,2026-08-04 15:30:00-04:00,13.525,13.57,13.4067,13.46,150443
SPIR,2026-08-05 09:30:00-04:00,13.56,13.59,13.0,13.22,119129
SPIR,2026-08-05 10:30:00-04:00,13.2,13.2,12.83,12.94,70173
SPIR,2026-08-05 11:30:00-04:00,12.94,12.98,12.8301,12.98,31146
SPIR,2026-08-05 12:30:00-04:00,12.96,12.965,12.765,12.82,39380
SPIR,2026-08-05 13:30:00-04:00,12.8,12.85,12.76,12.78,37147
SPIR,2026-08-05 14:30:00-04:00,12.78,12.94,12.73,12.9375,39484
SPIR,2026-08-05 15:30:00-04:00,12.935,12.985,12.84,12.94,149010
SPIR,2026-08-06 09:30:00-04:00,12.71,13.93,12.7,13.88,101150
SPIR,2026-08-06 10:30:00-04:00,13.98,14.0,13.5,13.6555,49887
SPIR,2026-08-06 11:30:00-04:00,13.59,13.62,13.29,13.335,42893
SPIR,2026-08-06 12:30:00-04:00,13.3467,13.55,13.315,13.48,20695
SPIR,2026-08-06 13:30:00-04:00,13.475,13.5,13.27,13.4202,24046
SPIR,2026-08-06 14:30:00-04:00,13.36,13.49,13.36,13.4167,31791
SPIR,2026-08-06 15:30:00-04:00,13.425,13.53,13.35,13.395,68909
SPIR,2026-08-07 09:30:00-04:00,13.68,14.3831,13.68,14.12,150794
SPIR,2026-08-07 10:30:00-04:00,14.11,14.17,13.88,14.1608,58436
SPIR,2026-08-07 11:30:00-04:00,14.16,14.32,14.13,14.2,65709
SPIR,2026-08-07 12:30:00-04:00,14.22,14.37,14.16,14.29,33310
SPIR,2026-08-07 13:30:00-04:00,14.26,14.29,14.21,14.21,31010
SPIR,2026-08-07 14:30:00-04:00,14.19,14.4,14.14,14.33,38789
SPIR,2026-08-07 15:30:00-04:00,14.33,14.44,14.24,14.34,96613
SPIR,2026-08-10 09:30:00-04:00,14.33,14.83,14.27,14.38,147449
SPIR,2026-08-10 10:30:00-04:00,14.375,14.45,14.01,14.05,63029
SPIR,2026-08-10 11:30:00-04:00,14.07,14.1,13.9609,13.9609,42058
SPIR,2026-08-10 12:30:00-04:00,13.98,14.03,13.84,13.97,40814
SPIR,2026-08-10 13:30:00-04:00,13.98,14.02,13.87,13.8954,45265
SPIR,2026-08-10 14:30:00-04:00,13.9,13.99,13.87,13.98,50517
SPIR,2026-08-10 15:30:00-04:00,13.985,14.15,13.985,14.03,102812
SPIR,2026-08-11 09:30:00-04:00,14.0,14.25,13.78,14.12,104272
SPIR,2026-08-11 10:30:00-04:00,14.2,14.425,14.155,14.21,33464
SPIR,2026-08-11 11:30:00-04:00,14.225,14.42,14.22,14.23,27919
SPIR,2026-08-11 12:30:00-04:00,14.28,14.5,14.27,14.435,30229
SPIR,2026-08-11 13:30:00-04:00,14.435,14.5188,14.36,14.395,28244
SPIR,2026-08-11 14:30:00-04:00,14.445,14.6999,14.4289,14.625,77442
SPIR,2026-08-11 15:30:00-04:00,14.66,14.87,14.62,14.84,106149
SPIR,2026-08-12 09:30:00-04:00,14.96,15.158,14.52,14.82,131878
SPIR,2026-08-12 10:30:00-04:00,14.82,14.9,14.67,14.72,59933
SPIR,2026-08-12 11:30:00-04:00,14.74,14.82,14.5905,14.78,38350
SPIR,2026-08-12 12:30:00-04:00,14.7125,15.04,14.7125,14.89,63796
SPIR,2026-08-12 13:30:00-04:00,14.86,15.0,14.82,14.88,52251
SPIR,2026-08-12 14:30:00-04:00,14.88,14.93,14.649,14.87,72408
SPIR,2026-08-12 15:30:00-04:00,14.87,14.9299,14.7123,14.77,111870
SPIR,2026-08-13 09:30:00-04:00,13.165,14.6608,13.165,14.07,189279
SPIR,2026-08-13 10:30:00-04:00,14.07,14.13,13.77,13.88,88825
SPIR,2026-08-13 11:30:00-04:00,13.88,14.04,13.76,13.9294,69440
SPIR,2026-08-13 12:30:00-04:00,13.88,14.085,13.82,14.065,46371
SPIR,2026-08-13 13:30:00-04:00,14.06,14.255,14.01,14.21,42366
SPIR,2026-08-13 14:30:00-04:00,14.23,14.26,14.04,14.07,50651
SPIR,2026-08-13 15:30:00-04:00,14.06,14.11,13.81,13.91,135979
SPIR,2026-08-14 09:30:00-04:00,14.42,14.92,14.06,14.55,89280
SPIR,2026-08-14 10:30:00-04:00,14.51,14.51,13.8,13.83,54687
SPIR,2026-08-14 11:30:00-04:00,13.83,14.065,13.69,13.99,46138
SPIR,2026-08-14 12:30:00-04:00,13.96,14.1,13.84,13.96,40515
SPIR,2026-08-14 13:30:00-04:00,13.92,13.965,13.76,13.9,93535
SPIR,2026-08-14 14:30:00-04:00,13.885,13.92,13.81,13.85,55549
SPIR,2026-08-14 15:30:00-04:00,13.85,14.03,13.82,13.99,104222
SPIR,2026-08-17 09:30:00-04:00,13.72,14.475,13.64,14.16,102442
SPIR,2026-08-17 10:30:00-04:00,14.18,14.22,13.8778,13.9382,54981
SPIR,2026-08-17 11:30:00-04:00,13.9101,14.31,13.9101,14.19,44382
SPIR,2026-08-17 12:30:00-04:00,14.195,14.31,14.065,14.08,27191
SPIR,2026-08-17 13:30:00-04:00,14.08,14.13,13.98,14.03,44999
SPIR,2026-08-17 14:30:00-04:00,14.01,14.08,13.83,13.88,52306
SPIR,2026-08-17 15:30:00-04:00,13.88,13.9,13.74,13.74,110385
SPIR,2026-08-18 09:30:00-04:00,13.33,13.83,13.15,13.42,132263
SPIR,2026-08-18 10:30:00-04:00,13.4492,13.75,13.31,13.75,70333
SPIR,2026-08-18 11:30:00-04:00,13.75,13.98,13.68,13.86,47551
SPIR,2026-08-18 12:30:00-04:00,13.85,14.22,13.85,13.9056,88265
SPIR,2026-08-18 13:30:00-04:00,13.94,13.96,13.79,13.9,32253
SPIR,2026-08-18 14:30:00-04:00,13.9,13.9,13.76,13.8,48412
SPIR,2026-08-18 15:30:00-04:00,13.8,13.89,13.73,13.89,83305
SPIR,2026-08-19 09:30:00-04:00,13.85,13.87,13.26,13.54,108557
SPIR,2026-08-19 10:30:00-04:00,13.545,13.65,13.45,13.63,23104
SPIR,2026-08-19 11:30:00-04:00,13.58,13.74,13.54,13.725,27644
SPIR,2026-08-19 12:30:00-04:00,13.725,13.77,13.62,13.7,27459
SPIR,2026-08-19 13:30:00-04:00,13.7,13.8429,13.685,13.76,31337
SPIR,2026-08-19 14:30:00-04:00,13.76,13.85,13.71,13.81,38005
SPIR,2026-08-19 15:30:00-04:00,13.83,13.83,13.675,13.71,89152
SPIR,2026-08-20 09:30:00-04:00,13.48,13.55,13.09,13.1,79761
SPIR,2026-08-20 10:30:00-04:00,13.13,13.3,13.08,13.15,57882
SPIR,2026-08-20 11:30:00-04:00,13.14,13.4629,12.94,13.445,189524
SPIR,2026-08-20 12:30:00-04:00,13.4001,13.54,13.37,13.4644,29746
SPIR,2026-08-20 13:30:00-04:00,13.44,14.0,13.44,13.5757,55351
SPIR,2026-08-20 14:30:00-04:00,13.57,13.72,13.49,13.62,34749
SPIR,2026-08-20 15:30:00-04:00,13.635,13.92,13.635,13.9,83500
SPIR,2026-08-21 09:30:00-04:00,14.16,14.4,13.69,13.98,106555
SPIR,2026-08-21 10:30:00-04:00,13.9,14.2158,13.7913,14.14,39810
SPIR,2026-08-21 11:30:00-04:00,14.12,14.2729,14.09,14.265,35118
SPIR,2026-08-21 12:30:00-04:00,14.24,14.24,14.08,14.155,45265
SPIR,2026-08-21 13:30:00-04:00,14.14,14.24,13.98,14.015,28584
SPIR,2026-08-21 14:30:00-04:00,14.015,14.05,13.97,13.99,28412
SPIR,2026-08-21 15:30:00-04:00,14.0,14.13,13.89,13.93,83120
SPIR,2026-08-24 09:30:00-04:00,13.94,14.4,13.81,14.06,180849
SPIR,2026-08-24 10:30:00-04:00,14.06,14.15,13.69,13.765,95256
SPIR,2026-08-24 11:30:00-04:00,13.79,13.94,13.73,13.89,59414
SPIR,2026-08-24 12:30:00-04:00,13.89,13.95,13.795,13.84,50064
SPIR,2026-08-24 13:30:00-04:00,13.84,13.95,13.71,13.88,56583
SPIR,2026-08-24 14:30:00-04:00,13.88,14.01,13.85,13.97,77916
SPIR,2026-08-24 15:30:00-04:00,13.9717,14.11,13.87,13.89,154614
SPIR,2026-08-25 09:30:00-04:00,14.22,14.26,13.36,13.59,113405
SPIR,2026-08-25 10:30:00-04:00,13.54,13.65,13.44,13.64,39673
SPIR,2026-08-25 11:30:00-04:00,13.5993,13.82,13.58,13.76,43471
SPIR,2026-08-25 12:30:00-04:00,13.6896,13.83,13.5757,13.76,31916
SPIR,2026-08-25 13:30:00-04:00,13.74,13.95,13.71,13.9,34735
SPIR,2026-08-25 14:30:00-04:00,13.89,13.91,13.745,13.8,56442
SPIR,2026-08-25 15:30:00-04:00,13.795,13.83,13.625,13.7,72803
SPIR,2026-08-26 09:30:00-04:00,13.75,14.06,13.61,13.61,65862
SPIR,2026-08-26 10:30:00-04:00,13.59,13.69,13.4484,13.5,62107
SPIR,2026-08-26 11:30:00-04:00,13.47,13.57,13.4,13.5,27565
SPIR,2026-08-26 12:30:00-04:00,13.49,13.565,13.44,13.565,18911
SPIR,2026-08-26 13:30:00-04:00,13.565,13.68,13.5352,13.67,56902
SPIR,2026-08-26 14:30:00-04:00,13.65,13.71,13.58,13.605,61005
SPIR,2026-08-26 15:30:00-04:00,13.6,13.62,13.51,13.56,61615
SPIR,2026-08-27 09:30:00-04:00,14.0,14.27,13.85,13.92,125187
SPIR,2026-08-27 10:30:00-04:00,13.89,13.98,13.86,13.97,25059
SPIR,2026-08-27 11:30:00-04:00,13.95,14.06,13.89,13.94,20089
SPIR,2026-08-27 12:30:00-04:00,13.91,14.0501,13.865,13.98,38227
SPIR,2026-08-27 13:30:00-04:00,13.99,14.0199,13.8911,14.0199,24129
SPIR,2026-08-27 14:30:00-04:00,14.02,14.1,13.9072,13.96,43185
SPIR,2026-08-27 15:30:00-04:00,13.93,14.11,13.93,14.0,69324
SPIR,2026-08-28 09:30:00-04:00,13.82,13.8319,13.55,13.7,44279
SPIR,2026-08-28 10:30:00-04:00,13.72,13.885,13.69,13.745,35916
SPIR,2026-08-28 11:30:00-04:00,13.72,13.74,13.29,13.335,75080
SPIR,2026-08-28 12:30:00-04:00,13.35,13.4599,13.31,13.35,39612
SPIR,2026-08-28 13:30:00-04:00,13.34,13.38,13.24,13.24,29639
SPIR,2026-08-28 14:30:00-04:00,13.23,13.24,13.095,13.215,63084
SPIR,2026-08-28 15:30:00-04:00,13.215,13.26,13.0,13.17,100477
SPIR,2026-08-31 09:30:00-04:00,13.32,13.72,13.12,13.3995,90964
SPIR,2026-08-31 10:30:00-04:00,13.36,13.39,13.155,13.24,34150
SPIR,2026-08-31 11:30:00-04:00,13.22,13.25,13.185,13.205,16054
SPIR,2026-08-31 12:30:00-04:00,13.23,13.35,13.21,13.265,33569
SPIR,2026-08-31 13:30:00-04:00,13.265,13.32,13.24,13.275,28123
SPIR,2026-08-31 14:30:00-04:00,13.28,13.33,13.24,13.24,27920
SPIR,2026-08-31 15:30:00-04:00,13.25,13.315,13.165,13.26,67114
SPIR,2026-09-01 09:30:00-04:00,13.01,13.12,12.33,12.69,306593
SPIR,2026-09-01 10:30:00-04:00,12.67,12.68,12.33,12.36,61309
SPIR,2026-09-01 11:30:00-04:00,12.36,12.4603,12.33,12.37,39003
SPIR,2026-09-01 12:30:00-04:00,12.36,12.36,12.09,12.14,125110
SPIR,2026-09-01 13:30:00-04:00,12.16,12.175,12.03,12.03,51485
SPIR,2026-09-01 14:30:00-04:00,12.06,12.125,11.9,12.11,170979
SPIR,2026-09-01 15:30:00-04:00,12.125,12.1299,11.99,12.01,104923
SPIR,2026-09-02 09:30:00-04:00,11.9,12.12,11.85,11.96,95750
SPIR,2026-09-02 10:30:00-04:00,11.96,11.96,11.565,11.57,93590
SPIR,2026-09-02 11:30:00-04:00,11.57,11.57,11.39,11.39,127701
SPIR,2026-09-02 12:30:00-04:00,11.4,11.45,11.325,11.325,118036
SPIR,2026-09-02 13:30:00-04:00,11.34,11.7662,11.32,11.755,111570
SPIR,2026-09-02 14:30:00-04:00,11.75,11.89,11.68,11.87,116606
SPIR,2026-09-02 15:30:00-04:00,11.855,11.94,11.82,11.91,123239
SPIR,2026-09-03 09:30:00-04:00,12.06,12.09,11.81,11.87,76547
SPIR,2026-09-03 10:30:00-04:00,11.935,11.935,11.74,11.77,80777
SPIR,2026-09-03 11:30:00-04:00,11.77,11.77,11.53,11.64,43871
SPIR,2026-09-03 12:30:00-04:00,11.645,11.73,11.59,11.67,51012
SPIR,2026-09-03 13:30:00-04:00,11.69,11.7838,11.645,11.7838,34432
SPIR,2026-09-03 14:30:00-04:00,11.8,11.805,11.74,11.76,74418
SPIR,2026-09-03 15:30:00-04:00,11.76,11.91,11.76,11.9,53976
VOYG,2026-07-06 09:30:00-04:00,33.98,35.0,33.35,33.94,180855
VOYG,2026-07-06 10:30:00-04:00,34.03,34.59,33.59,34.3,69603
VOYG,2026-07-06 11:30:00-04:00,34.335,34.7,34.0,34.67,98000
VOYG,2026-07-06 12:30:00-04:00,34.655,34.77,34.26,34.35,47410
VOYG,2026-07-06 13:30:00-04:00,34.32,34.46,33.68,33.69,94312
VOYG,2026-07-06 14:30:00-04:00,33.69,33.84,33.47,33.785,145984
VOYG,2026-07-06 15:30:00-04:00,33.75,34.06,33.48,33.89,261535
VOYG,2026-07-07 09:30:00-04:00,33.0,33.45,30.9601,31.48,258664
VOYG,2026-07-07 10:30:00-04:00,31.485,32.12,30.9628,31.81,131067
VOYG,2026-07-07 11:30:00-04:00,31.9,32.59,31.61,32.515,72206
VOYG,2026-07-07 12:30:00-04:00,32.56,32.63,31.65,31.755,108638
VOYG,2026-07-07 13:30:00-04:00,31.755,32.16,31.6501,31.85,161283
VOYG,2026-07-07 14:30:00-04:00,31.76,31.79,31.35,31.43,88906
VOYG,2026-07-07 15:30:00-04:00,31.455,31.9,31.42,31.89,213087
VOYG,2026-07-08 09:30:00-04:00,31.32,33.85,31.31,33.56,343791
VOYG,2026-07-08 10:30:00-04:00,33.56,33.7599,33.14,33.5,150536
VOYG,2026-07-08 11:30:00-04:00,33.5,33.9,33.25,33.75,133916
VOYG,2026-07-08 12:30:00-04:00,33.71,33.8,32.48,32.925,114438
VOYG,2026-07-08 13:30:00-04:00,32.93,33.45,32.77,33.01,130963
VOYG,2026-07-08 14:30:00-04:00,33.0,33.5199,32.91,33.45,140656
VOYG,2026-07-08 15:30:00-04:00,33.455,34.18,33.455,34.08,232863
VOYG,2026-07-09 09:30:00-04:00,34.75,34.9656,32.7501,33.36,238653
VOYG,2026-07-09 10:30:00-04:00,33.375,33.5699,33.02,33.38,127391
VOYG,2026-07-09 11:30:00-04:00,33.29,33.36,32.675,32.785,93289
VOYG,2026-07-09 12:30:00-04:00,32.8316,32.8799,32.46,32.81,88284
VOYG,2026-07-09 13:30:00-04:00,32.89,33.25,32.68,33.185,102487
VOYG,2026-07-09 14:30:00-04:00,33.21,33.38,32.895,32.9,112364
VOYG,2026-07-09 15:30:00-04:00,32.895,32.895,32.54,32.64,219684
VOYG,2026-07-10 09:30:00-04:00,32.7,32.7,30.69,31.26,226930
VOYG,2026-07-10 10:30:00-04:00,31.24,31.68,30.98,31.27,123258
VOYG,2026-07-10 11:30:00-04:00,31.233,31.28,30.895,31.23,74506
VOYG,2026-07-10 12:30:00-04:00,31.26,31.57,31.26,31.35,45983
VOYG,2026-07-10 13:30:00-04:00,31.3401,31.56,31.2982,31.33,58217
VOYG,2026-07-10 14:30:00-04:00,31.36,31.5,31.15,31.185,66335
VOYG,2026-07-10 15:30:00-04:00,31.19,31.47,31.11,31.17,211697
VOYG,2026-07-13 09:30:00-04:00,30.84,31.04,30.19,30.78,148233
VOYG,2026-07-13 10:30:00-04:00,30.73,31.265,30.4967,30.995,115597
VOYG,2026-07-13 11:30:00-04:00,31.0888,31.12,30.34,30.4,63695
VOYG,2026-07-13 12:30:00-04:00,30.37,30.6,30.0,30.0,74819
VOYG,2026-07-13 13:30:00-04:00,30.0,30.02,29.52,29.53,266515
VOYG,2026-07-13 14:30:00-04:00,29.515,29.61,29.14,29.235,273404
VOYG,2026-07-13 15:30:00-04:00,29.23,29.7,29.14,29.7,242458
VOYG,2026-07-14 09:30:00-04:00,30.03,31.38,29.795,30.72,179757
VOYG,2026-07-14 10:30:00-04:00,30.72,31.37,30.665,30.97,84541
VOYG,2026-07-14 11:30:00-04:00,31.005,31.0104,30.415,30.62,100688
VOYG,2026-07-14 12:30:00-04:00,30.67,30.68,30.15,30.38,348243
VOYG,2026-07-14 13:30:00-04:00,30.39,30.42,30.17,30.17,73359
VOYG,2026-07-14 14:30:00-04:00,30.14,30.16,29.96,30.085,84275
VOYG,2026-07-14 15:30:00-04:00,30.06,30.06,29.53,29.76,203920
VOYG,2026-07-15 09:30:00-04:00,29.51,30.65,28.0201,28.935,586702
VOYG,2026-07-15 10:30:00-04:00,28.88,29.33,27.88,28.04,355610
VOYG,2026-07-15 11:30:00-04:00,28.09,28.3,27.3379,27.6,401323
VOYG,2026-07-15 12:30:00-04:00,27.61,27.84,27.23,27.58,434946
VOYG,2026-07-15 13:30:00-04:00,27.58,27.9,27.465,27.8,238796
VOYG,2026-07-15 14:30:00-04:00,27.8,27.8399,26.0,26.365,927311
VOYG,2026-07-15 15:30:00-04:00,26.365,26.58,26.035,26.58,717476
VOYG,2026-07-16 09:30:00-04:00,26.06,26.3,25.27,25.31,356499
VOYG,2026-07-16 10:30:00-04:00,25.33,26.0,25.09,25.865,183386
VOYG,2026-07-16 11:30:00-04:00,25.865,25.9377,25.085,25.41,326533
VOYG,2026-07-16 12:30:00-04:00,25.44,25.5,24.99,25.1,262523
VOYG,2026-07-16 13:30:00-04:00,25.15,25.338,24.94,25.23,170734
VOYG,2026-07-16 14:30:00-04:00,25.18,25.36,25.02,25.065,283557
VOYG,2026-07-16 15:30:00-04:00,25.04,25.14,24.9,25.03,463698
VOYG,2026-07-17 09:30:00-04:00,24.55,25.62,23.79,25.6,309447
VOYG,2026-07-17 10:30:00-04:00,25.4701,25.79,24.88,25.26,197952
VOYG,2026-07-17 11:30:00-04:00,25.255,25.8425,25.13,25.63,87960
VOYG,2026-07-17 12:30:00-04:00,25.63,26.28,25.54,26.2228,149833
VOYG,2026-07-17 13:30:00-04:00,26.25,26.27,25.82,25.925,93670
VOYG,2026-07-17 14:30:00-04:00,25.905,25.975,25.47,25.53,108913
VOYG,2026-07-17 15:30:00-04:00,25.58,25.9,25.3202,25.88,196247
VOYG,2026-07-20 09:30:00-04:00,26.0,26.3999,24.66,25.1,228271
VOYG,2026-07-20 10:30:00-04:00,25.18,25.2983,24.65,25.26,152674
VOYG,2026-07-20 11:30:00-04:00,25.29,25.78,25.14,25.75,89062
VOYG,2026-07-20 12:30:00-04:00,25.78,25.79,25.34,25.39,139581
VOYG,2026-07-20 13:30:00-04:00,25.44,25.8,25.435,25.565,79681
VOYG,2026-07-20 14:30:00-04:00,25.53,25.53,25.1,25.16,175930
VOYG,2026-07-20 15:30:00-04:00,25.21,25.26,24.87,24.94,223875
VOYG,2026-07-21 09:30:00-04:00,25.22,26.2093,25.0,26.19,138581
VOYG,2026-07-21 10:30:00-04:00,26.175,27.015,26.17,26.93,237990
VOYG,2026-07-21 11:30:00-04:00,26.865,26.98,26.59,26.74,92052
VOYG,2026-07-21 12:30:00-04:00,26.75,27.18,26.615,27.04,143247
VOYG,2026-07-21 13:30:00-04:00,27.025,27.255,26.855,26.99,111832
VOYG,2026-07-21 14:30:00-04:00,26.985,27.13,26.66,26.685,113057
VOYG,2026-07-21 15:30:00-04:00,26.66,27.04,26.62,26.93,257914
VOYG,2026-07-22 09:30:00-04:00,26.75,27.35,26.66,27.09,117722
VOYG,2026-07-22 10:30:00-04:00,27.01,27.37,26.77,27.2,52049
VOYG,2026-07-22 11:30:00-04:00,27.19,27.31,26.8,26.88,78282
VOYG,2026-07-22 12:30:00-04:00,26.88,26.88,26.6,26.714,47155
VOYG,2026-07-22 13:30:00-04:00,26.685,26.75,26.35,26.42,86752
VOYG,2026-07-22 14:30:00-04:00,26.395,26.51,26.3,26.445,78335
VOYG,2026-07-22 15:30:00-04:00,26.44,26.54,26.26,26.39,176148
VOYG,2026-07-23 09:30:00-04:00,25.9,27.51,25.86,26.96,110134
VOYG,2026-07-23 10:30:00-04:00,26.9,26.9,26.0,26.17,109486
VOYG,2026-07-23 11:30:00-04:00,26.1495,26.78,26.1495,26.71,167496
VOYG,2026-07-23 12:30:00-04:00,26.61,26.68,26.38,26.57,45466
VOYG,2026-07-23 13:30:00-04:00,26.56,26.56,26.285,26.39,104160
VOYG,2026-07-23 14:30:00-04:00,26.4,26.6,26.31,26.53,69621
VOYG,2026-07-23 15:30:00-04:00,26.53,26.67,26.225,26.375,158738
VOYG,2026-07-24 09:30:00-04:00,26.5,26.68,25.26,25.535,109570
VOYG,2026-07-24 10:30:00-04:00,25.44,25.945,25.18,25.68,98398
VOYG,2026-07-24 11:30:00-04:00,25.66,25.87,25.525,25.77,54503
VOYG,2026-07-24 12:30:00-04:00,25.74,25.745,25.45,25.645,56170
VOYG,2026-07-24 13:30:00-04:00,25.6751,25.775,25.52,25.55,79418
VOYG,2026-07-24 14:30:00-04:00,25.53,25.53,25.13,25.275,132183
VOYG,2026-07-24 15:30:00-04:00,25.275,25.36,25.07,25.24,245031
VOYG,2026-07-27 09:30:00-04:00,25.5,27.0,25.49,26.28,164622
VOYG,2026-07-27 10:30:00-04:00,26.27,26.605,25.93,26.29,106297
VOYG,2026-07-27 11:30:00-04:00,26.31,26.31,25.89,26.145,87495
VOYG,2026-07-27 12:30:00-04:00,26.14,26.36,25.93,25.93,82966
VOYG,2026-07-27 13:30:00-04:00,25.93,26.26,25.88,26.04,210556
VOYG,2026-07-27 14:30:00-04:00,26.015,26.36,25.87,26.355,104089
VOYG,2026-07-27 15:30:00-04:00,26.41,26.469,26.2301,26.24,175125
VOYG,2026-07-28 09:30:00-04:00,25.6,25.9,24.66,24.96,244364
VOYG,2026-07-28 10:30:00-04:00,25.05,26.17,24.96,26.17,143022
VOYG,2026-07-28 11:30:00-04:00,26.1825,26.325,25.93,26.13,67262
VOYG,2026-07-28 12:30:00-04:00,26.135,26.3644,25.87,25.92,89089
VOYG,2026-07-28 13:30:00-04:00,25.87,25.96,25.49,25.5,68747
VOYG,2026-07-28 14:30:00-04:00,25.53,25.63,25.36,25.63,81552
VOYG,2026-07-28 15:30:00-04:00,25.63,25.7,25.38,25.655,155178
VOYG,2026-07-29 09:30:00-04:00,25.63,25.7,23.68,23.76,174705
VOYG,2026-07-29 10:30:00-04:00,23.755,23.8989,23.25,23.26,150374
VOYG,2026-07-29 11:30:00-04:00,23.25,23.34,23.0,23.18,146701
VOYG,2026-07-29 12:30:00-04:00,23.233,23.58,23.11,23.435,105461
VOYG,2026-07-29 13:30:00-04:00,23.39,23.94,23.38,23.495,129689
VOYG,2026-07-29 14:30:00-04:00,23.52,24.12,23.23,23.31,165824
VOYG,2026-07-29 15:30:00-04:00,23.33,23.3757,22.58,22.61,283259
VOYG,2026-07-30 09:30:00-04:00,22.81,23.96,22.31,23.618,335140
VOYG,2026-07-30 10:30:00-04:00,23.53,23.8197,23.185,23.185,94897
VOYG,2026-07-30 11:30:00-04:00,23.18,23.35,23.11,23.21,71435
VOYG,2026-07-30 12:30:00-04:00,23.19,23.26,23.038,23.205,66861
VOYG,2026-07-30 13:30:00-04:00,23.205,23.53,23.17,23.49,85834
VOYG,2026-07-30 14:30:00-04:00,23.52,24.01,23.51,23.915,134543
VOYG,2026-07-30 15:30:00-04:00,23.93,24.04,23.82,23.96,307761
VOYG,2026-07-31 09:30:00-04:00,24.12,24.75,23.07,23.27,148895
VOYG,2026-07-31 10:30:00-04:00,23.28,23.69,23.255,23.39,93831
VOYG,2026-07-31 11:30:00-04:00,23.3525,23.76,23.28,23.67,115429
VOYG,2026-07-31 12:30:00-04:00,23.75,23.95,23.68,23.915,54479
VOYG,2026-07-31 13:30:00-04:00,23.925,24.08,23.885,24.08,82627
VOYG,2026-07-31 14:30:00-04:00,24.085,24.36,23.98,24.29,61503
VOYG,2026-07-31 15:30:00-04:00,24.28,24.61,24.12,24.56,191893
VOYG,2026-08-03 09:30:00-04:00,24.5,26.08,24.0547,25.95,150404
VOYG,2026-08-03 10:30:00-04:00,25.9201,26.64,25.9201,26.44,104070
VOYG,2026-08-03 11:30:00-04:00,26.4,26.9441,26.36,26.545,87878
VOYG,2026-08-03 12:30:00-04:00,26.555,26.61,26.21,26.59,74751
VOYG,2026-08-03 13:30:00-04:00,26.565,26.94,26.52,26.84,96736
VOYG,2026-08-03 14:30:00-04:00,26.91,27.59,26.885,27.53,468835
VOYG,2026-08-03 15:30:00-04:00,27.53,28.29,27.44,28.11,525195
VOYG,2026-08-04 09:30:00-04:00,33.99,35.98,32.9,35.21,1641301
VOYG,2026-08-04 10:30:00-04:00,35.28,35.478,34.09,34.29,619328
VOYG,2026-08-04 11:30:00-04:00,34.2907,34.8771,33.85,34.69,367430
VOYG,2026-08-04 12:30:00-04:00,34.69,35.01,34.6601,34.73,232219
VOYG,2026-08-04 13:30:00-04:00,34.72,34.739,33.7205,34.4502,275460
VOYG,2026-08-04 14:30:00-04:00,34.475,34.575,33.67,34.45,346667
VOYG,2026-08-04 15:30:00-04:00,34.46,34.51,33.44,33.4688,669373
VOYG,2026-08-05 09:30:00-04:00,32.54,34.71,31.76,33.74,437718
VOYG,2026-08-05 10:30:00-04:00,33.76,34.03,33.17,33.725,193582
VOYG,2026-08-05 11:30:00-04:00,33.78,34.76,33.49,34.59,167785
VOYG,2026-08-05 12:30:00-04:00,34.53,35.055,34.33,34.76,311710
VOYG,2026-08-05 13:30:00-04:00,34.79,34.84,34.45,34.665,157577
VOYG,2026-08-05 14:30:00-04:00,34.68,35.39,34.56,35.2627,195660
VOYG,2026-08-05 15:30:00-04:00,35.26,35.31,34.39,34.76,370897
VOYG,2026-08-06 09:30:00-04:00,34.505,38.45,34.22,38.35,508388
VOYG,2026-08-06 10:30:00-04:00,38.35,38.65,37.32,37.49,340483
VOYG,2026-08-06 11:30:00-04:00,37.5699,37.58,37.04,37.34,128610
VOYG,2026-08-06 12:30:00-04:00,37.24,38.77,37.21,38.51,190770
VOYG,2026-08-06 13:30:00-04:00,38.465,38.51,37.47,37.98,238309
VOYG,2026-08-06 14:30:00-04:00,37.9775,38.35,37.8272,37.9503,189365
VOYG,2026-08-06 15:30:00-04:00,37.98,38.38,37.78,38.29,430262
VOYG,2026-08-07 09:30:00-04:00,38.94,40.82,38.43,39.705,416588
VOYG,2026-08-07 10:30:00-04:00,39.705,40.43,39.18,40.345,167040
VOYG,2026-08-07 11:30:00-04:00,40.3,41.07,40.15,40.805,234383
VOYG,2026-08-07 12:30:00-04:00,40.83,41.405,40.76,41.06,259695
VOYG,2026-08-07 13:30:00-04:00,41.13,41.49,40.8101,41.345,164176
VOYG,2026-08-07 14:30:00-04:00,41.345,42.01,41.2301,41.77,191255
VOYG,2026-08-07 15:30:00-04:00,41.77,42.0,41.64,41.88,324838
VOYG,2026-08-10 09:30:00-04:00,42.98,43.47,41.5,43.16,496821
VOYG,2026-08-10 10:30:00-04:00,43.16,43.58,42.34,42.34,288993
VOYG,2026-08-10 11:30:00-04:00,42.42,42.91,42.2454,42.35,157658
VOYG,2026-08-10 12:30:00-04:00,42.2817,43.08,42.065,42.91,270411
VOYG,2026-08-10 13:30:00-04:00,42.97,43.09,42.57,42.65,126377
VOYG,2026-08-10 14:30:00-04:00,42.64,42.875,42.24,42.32,157113
VOYG,2026-08-10 15:30:00-04:00,42.38,43.24,42.38,43.1,410216
VOYG,2026-08-11 09:30:00-04:00,42.63,43.4399,40.8652,43.19,351401
VOYG,2026-08-11 10:30:00-04:00,43.315,44.29,43.0,43.195,159113
VOYG,2026-08-11 11:30:00-04:00,43.195,43.655,43.085,43.1,93953
VOYG,2026-08-11 12:30:00-04:00,43.1,43.55,43.03,43.17,117283
VOYG,2026-08-11 13:30:00-04:00,43.2,43.35,42.64,42.99,156559
VOYG,2026-08-11 14:30:00-04:00,43.045,43.59,42.9801,43.13,190407
VOYG,2026-08-11 15:30:00-04:00,43.18,43.365,42.79,42.9,409573
VOYG,2026-08-12 09:30:00-04:00,43.67,44.25,42.67,43.095,296048
VOYG,2026-08-12 10:30:00-04:00,43.07,43.5968,42.39,42.47,253555
VOYG,2026-08-12 11:30:00-04:00,42.55,42.93,42.34,42.435,108499
VOYG,2026-08-12 12:30:00-04:00,42.435,43.2,42.2875,43.0,163529
VOYG,2026-08-12 13:30:00-04:00,43.01,43.46,43.01,43.32,177704
VOYG,2026-08-12 14:30:00-04:00,43.3,43.515,42.91,43.3,123188
VOYG,2026-08-12 15:30:00-04:00,43.31,43.4604,42.94,43.0,336582
VOYG,2026-08-13 09:30:00-04:00,42.99,45.33,42.4483,44.955,305015
VOYG,2026-08-13 10:30:00-04:00,44.91,44.91,43.7,43.855,120801
VOYG,2026-08-13 11:30:00-04:00,43.85,44.3,43.39,43.99,131314
VOYG,2026-08-13 12:30:00-04:00,44.055,44.435,43.81,44.315,77242
VOYG,2026-08-13 13:30:00-04:00,44.305,44.3899,43.955,44.205,105575
VOYG,2026-08-13 14:30:00-04:00,44.155,44.57,43.8901,44.46,223528
VOYG,2026-08-13 15:30:00-04:00,44.41,44.64,44.11,44.28,227177
VOYG,2026-08-14 09:30:00-04:00,44.49,45.4,43.5,43.98,205495
VOYG,2026-08-14 10:30:00-04:00,43.96,44.06,42.66,42.78,202688
VOYG,2026-08-14 11:30:00-04:00,42.81,43.12,42.33,42.82,361689
VOYG,2026-08-14 12:30:00-04:00,42.8,43.13,42.42,42.86,160093
VOYG,2026-08-14 13:30:00-04:00,42.86,42.97,42.25,42.3,121373
VOYG,2026-08-14 14:30:00-04:00,42.25,42.555,42.02,42.5,121225
VOYG,2026-08-14 15:30:00-04:00,42.48,43.125,42.4201,43.0,317620
VOYG,2026-08-17 09:30:00-04:00,42.12,43.82,41.6302,43.3901,202180
VOYG,2026-08-17 10:30:00-04:00,43.4,43.81,42.98,43.265,172953
VOYG,2026-08-17 11:30:00-04:00,43.3,43.93,43.15,43.64,102635
VOYG,2026-08-17 12:30:00-04:00,43.7,44.0,43.6,43.635,124382
VOYG,2026-08-17 13:30:00-04:00,43.63,43.63,43.11,43.145,99589
VOYG,2026-08-17 14:30:00-04:00,43.165,43.73,43.13,43.465,169571
VOYG,2026-08-17 15:30:00-04:00,43.455,44.14,43.1501,44.0,502856
VOYG,2026-08-18 09:30:00-04:00,41.83,43.4899,41.53,42.48,304188
VOYG,2026-08-18 10:30:00-04:00,42.385,42.74,41.6,42.66,155419
VOYG,2026-08-18 11:30:00-04:00,42.62,42.765,42.31,42.48,191554
VOYG,2026-08-18 12:30:00-04:00,42.47,42.86,42.23,42.35,133118
VOYG,2026-08-18 13:30:00-04:00,42.32,42.785,42.21,42.24,98557
VOYG,2026-08-18 14:30:00-04:00,42.27,42.435,41.94,42.05,151752
VOYG,2026-08-18 15:30:00-04:00,42.045,42.249,41.82,42.23,572036
VOYG,2026-08-19 09:30:00-04:00,41.93,41.93,38.8,39.5059,296321
VOYG,2026-08-19 10:30:00-04:00,39.5344,40.0,39.31,39.65,214547
VOYG,2026-08-19 11:30:00-04:00,39.65,39.65,39.02,39.25,109248
VOYG,2026-08-19 12:30:00-04:00,39.185,39.35,38.92,39.155,105745
VOYG,2026-08-19 13:30:00-04:00,39.1363,39.1363,38.6001,38.69,108211
VOYG,2026-08-19 14:30:00-04:00,38.69,38.91,38.535,38.62,156568
VOYG,2026-08-19 15:30:00-04:00,38.595,38.85,38.35,38.84,422681
VOYG,2026-08-20 09:30:00-04:00,38.25,38.35,37.18,37.21,232907
VOYG,2026-08-20 10:30:00-04:00,37.254,37.58,36.57,36.62,180236
VOYG,2026-08-20 11:30:00-04:00,36.65,36.66,35.86,35.96,198367
VOYG,2026-08-20 12:30:00-04:00,35.92,36.74,35.88,36.67,141089
VOYG,2026-08-20 13:30:00-04:00,36.695,37.86,36.64,37.105,185360
VOYG,2026-08-20 14:30:00-04:00,37.12,37.2,36.85,37.02,139155
VOYG,2026-08-20 15:30:00-04:00,37.09,37.93,37.07,37.91,419161
VOYG,2026-08-21 09:30:00-04:00,38.84,40.4099,38.45,38.905,231808
VOYG,2026-08-21 10:30:00-04:00,38.73,39.2,38.245,38.91,183753
VOYG,2026-08-21 11:30:00-04:00,38.955,39.395,38.603,39.355,140248
VOYG,2026-08-21 12:30:00-04:00,39.355,39.37,38.825,39.06,85686
VOYG,2026-08-21 13:30:00-04:00,39.08,39.71,39.08,39.325,156953
VOYG,2026-08-21 14:30:00-04:00,39.3,39.45,39.135,39.31,125130
VOYG,2026-08-21 15:30:00-04:00,39.29,39.4,38.3,38.39,339281
VOYG,2026-08-24 09:30:00-04:00,37.88,37.88,35.89,36.21,171395
VOYG,2026-08-24 10:30:00-04:00,36.2,36.55,35.97,36.21,83672
VOYG,2026-08-24 11:30:00-04:00,36.15,36.57,36.11,36.51,55728
VOYG,2026-08-24 12:30:00-04:00,36.47,36.505,36.2,36.34,65008
VOYG,2026-08-24 13:30:00-04:00,36.27,36.305,35.925,35.955,74578
VOYG,2026-08-24 14:30:00-04:00,35.965,36.04,35.56,35.67,110545
VOYG,2026-08-24 15:30:00-04:00,35.68,35.9099,35.46,35.5,291849
VOYG,2026-08-25 09:30:00-04:00,35.97,36.2,34.29,34.72,145061
VOYG,2026-08-25 10:30:00-04:00,34.59,34.84,34.2,34.56,92365
VOYG,2026-08-25 11:30:00-04:00,34.61,34.89,34.38,34.645,65589
VOYG,2026-08-25 12:30:00-04:00,34.6,35.0475,34.48,34.92,53725
VOYG,2026-08-25 13:30:00-04:00,34.83,35.06,34.62,34.83,85747
VOYG,2026-08-25 14:30:00-04:00,34.79,34.86,34.315,34.53,116384
VOYG,2026-08-25 15:30:00-04:00,34.53,34.81,34.46,34.55,202702
VOYG,2026-08-26 09:30:00-04:00,34.48,35.7854,34.48,34.78,116421
VOYG,2026-08-26 10:30:00-04:00,34.84,34.98,34.545,34.68,49426
VOYG,2026-08-26 11:30:00-04:00,34.65,34.84,34.5,34.7,35667
VOYG,2026-08-26 12:30:00-04:00,34.68,34.85,34.64,34.73,30543
VOYG,2026-08-26 13:30:00-04:00,34.72,34.79,34.49,34.56,42545
VOYG,2026-08-26 14:30:00-04:00,34.52,34.9199,34.45,34.7,64739
VOYG,2026-08-26 15:30:00-04:00,34.69,34.78,34.45,34.64,128567
VOYG,2026-08-27 09:30:00-04:00,35.31,35.48,34.49,34.755,97756
VOYG,2026-08-27 10:30:00-04:00,34.7844,34.82,34.31,34.72,37783
VOYG,2026-08-27 11:30:00-04:00,34.745,35.04,34.5242,34.8,44335
VOYG,2026-08-27 12:30:00-04:00,34.82,35.005,34.76,34.87,24378
VOYG,2026-08-27 13:30:00-04:00,34.84,34.89,34.6112,34.685,32936
VOYG,2026-08-27 14:30:00-04:00,34.685,34.76,34.6,34.715,39946
VOYG,2026-08-27 15:30:00-04:00,34.715,34.915,34.69,34.745,170021
VOYG,2026-08-28 09:30:00-04:00,34.38,34.94,33.5,34.01,88611
VOYG,2026-08-28 10:30:00-04:00,34.01,34.4,33.89,34.36,44136
VOYG,2026-08-28 11:30:00-04:00,34.28,34.3,33.5,33.6,57330
VOYG,2026-08-28 12:30:00-04:00,33.63,33.7727,33.53,33.68,45046
VOYG,2026-08-28 13:30:00-04:00,33.68,33.78,33.62,33.73,39628
VOYG,2026-08-28 14:30:00-04:00,33.73,34.36,33.61,34.21,96097
VOYG,2026-08-28 15:30:00-04:00,34.19,34.375,34.0202,34.32,178257
VOYG,2026-08-31 09:30:00-04:00,33.95,34.75,33.37,33.37,112720
VOYG,2026-08-31 10:30:00-04:00,33.37,33.93,33.3407,33.55,59781
VOYG,2026-08-31 11:30:00-04:00,33.54,33.81,33.505,33.81,30754
VOYG,2026-08-31 12:30:00-04:00,33.865,33.88,33.53,33.54,37200
VOYG,2026-08-31 13:30:00-04:00,33.52,33.58,33.42,33.5,47268
VOYG,2026-08-31 14:30:00-04:00,33.51,33.68,33.4,33.655,44237
VOYG,2026-08-31 15:30:00-04:00,33.63,34.01,33.565,33.64,260069
VOYG,2026-09-01 09:30:00-04:00,33.0,33.765,32.72,33.455,119497
VOYG,2026-09-01 10:30:00-04:00,33.455,33.78,33.13,33.26,116414
VOYG,2026-09-01 11:30:00-04:00,33.27,33.38,32.77,32.815,88693
VOYG,2026-09-01 12:30:00-04:00,32.76,32.92,32.45,32.885,124125
VOYG,2026-09-01 13:30:00-04:00,32.88,33.26,32.85,33.0,111815
VOYG,2026-09-01 14:30:00-04:00,33.05,33.32,33.01,33.3,110423
VOYG,2026-09-01 15:30:00-04:00,33.29,33.31,32.77,32.98,225706
VOYG,2026-09-02 09:30:00-04:00,33.11,34.06,32.5701,33.9,114799
VOYG,2026-09-02 10:30:00-04:00,33.9,33.9,32.98,33.19,78785
VOYG,2026-09-02 11:30:00-04:00,33.21,33.3,32.89,33.045,70645
VOYG,2026-09-02 12:30:00-04:00,33.065,33.21,33.04,33.11,56474
VOYG,2026-09-02 13:30:00-04:00,33.11,33.56,33.07,33.4726,71338
VOYG,2026-09-02 14:30:00-04:00,33.475,33.59,33.27,33.485,86382
VOYG,2026-09-02 15:30:00-04:00,33.53,33.605,33.22,33.29,181243
VOYG,2026-09-03 09:30:00-04:00,33.49,34.06,32.59,33.01,137449
VOYG,2026-09-03 10:30:00-04:00,32.93,33.005,32.37,32.5,225648
VOYG,2026-09-03 11:30:00-04:00,32.5282,32.67,31.96,32.19,96228
VOYG,2026-09-03 12:30:00-04:00,32.18,32.58,32.1,32.4999,61623
VOYG,2026-09-03 13:30:00-04:00,32.5,32.79,32.42,32.445,53790
VOYG,2026-09-03 14:30:00-04:00,32.445,32.79,32.26,32.79,87419
VOYG,2026-09-03 15:30:00-04:00,32.785,33.01,32.62,32.68,226338
VELO,2026-07-06 09:30:00-04:00,15.55,16.0799,14.91,15.54,489568
VELO,2026-07-06 10:30:00-04:00,15.58,15.75,15.22,15.46,175221
VELO,2026-07-06 11:30:00-04:00,15.445,15.85,15.385,15.73,171784
VELO,2026-07-06 12:30:00-04:00,15.7467,15.94,15.29,15.3013,234262
VELO,2026-07-06 13:30:00-04:00,15.29,15.3525,15.1081,15.21,152968
VELO,2026-07-06 14:30:00-04:00,15.1872,15.24,15.05,15.24,119469
VELO,2026-07-06 15:30:00-04:00,15.21,15.21,14.99,15.04,208747
VELO,2026-07-07 09:30:00-04:00,14.595,14.83,13.71,13.75,607566
VELO,2026-07-07 10:30:00-04:00,13.75,14.24,13.532,14.01,303530
VELO,2026-07-07 11:30:00-04:00,14.035,14.22,13.83,14.2,108515
VELO,2026-07-07 12:30:00-04:00,14.15,14.205,14.02,14.11,90414
VELO,2026-07-07 13:30:00-04:00,14.15,14.18,13.9901,14.01,114837
VELO,2026-07-07 14:30:00-04:00,14.0,14.0,13.63,13.73,197486
VELO,2026-07-07 15:30:00-04:00,13.715,13.79,13.57,13.59,310594
VELO,2026-07-08 09:30:00-04:00,13.162,13.72,13.14,13.24,312117
VELO,2026-07-08 10:30:00-04:00,13.24,13.285,12.9006,12.925,436561
VELO,2026-07-08 11:30:00-04:00,12.95,13.26,12.8801,13.21,161283
VELO,2026-07-08 12:30:00-04:00,13.19,13.4,13.02,13.4,189602
VELO,2026-07-08 13:30:00-04:00,13.395,13.53,13.28,13.465,235580
VELO,2026-07-08 14:30:00-04:00,13.45,13.715,13.32,13.645,338373
VELO,2026-07-08 15:30:00-04:00,13.645,13.78,13.5249,13.735,283243
VELO,2026-07-09 09:30:00-04:00,14.29,14.7797,13.805,14.59,607905
VELO,2026-07-09 10:30:00-04:00,14.5425,14.5691,14.34,14.4819,126306
VELO,2026-07-09 11:30:00-04:00,14.445,14.57,14.18,14.24,92780
VELO,2026-07-09 12:30:00-04:00,14.217,14.59,14.217,14.58,112041
VELO,2026-07-09 13:30:00-04:00,14.544,14.63,14.405,14.585,103911
VELO,2026-07-09 14:30:00-04:00,14.595,14.638,14.39,14.48,131518
VELO,2026-07-09 15:30:00-04:00,14.455,14.67,14.39,14.65,256059
VELO,2026-07-10 09:30:00-04:00,14.251,14.38,13.25,13.3759,382418
VELO,2026-07-10 10:30:00-04:00,13.4002,13.48,13.1,13.42,195207
VELO,2026-07-10 11:30:00-04:00,13.37,13.47,13.2608,13.455,138761
VELO,2026-07-10 12:30:00-04:00,13.46,13.6,13.41,13.45,102834
VELO,2026-07-10 13:30:00-04:00,13.445,13.5061,13.375,13.4,102148
VELO,2026-07-10 14:30:00-04:00,13.4,13.46,13.25,13.33,170662
VELO,2026-07-10 15:30:00-04:00,13.33,13.3517,13.21,13.2389,168195
VELO,2026-07-13 09:30:00-04:00,12.9084,13.0,12.422,12.805,351951
VELO,2026-07-13 10:30:00-04:00,12.8,12.8846,12.36,12.535,401024
VELO,2026-07-13 11:30:00-04:00,12.53,12.53,12.23,12.25,217305
VELO,2026-07-13 12:30:00-04:00,12.24,12.33,12.1,12.165,152314
VELO,2026-07-13 13:30:00-04:00,12.165,12.1828,11.9713,12.0868,126503
VELO,2026-07-13 14:30:00-04:00,12.08,12.12,11.97,11.98,166002
VELO,2026-07-13 15:30:00-04:00,11.99,12.28,11.94,12.06,285956
VELO,2026-07-14 09:30:00-04:00,12.45,12.78,12.23,12.66,326547
VELO,2026-07-14 10:30:00-04:00,12.585,13.08,12.5684,13.01,173983
VELO,2026-07-14 11:30:00-04:00,13.01,13.01,12.71,12.77,106550
VELO,2026-07-14 12:30:00-04:00,12.8,12.89,12.47,12.57,153814
VELO,2026-07-14 13:30:00-04:00,12.58,12.83,12.51,12.68,110617
VELO,2026-07-14 14:30:00-04:00,12.665,13.1999,12.58,12.925,389957
VELO,2026-07-14 15:30:00-04:00,12.89,12.9,12.71,12.77,268796
VELO,2026-07-15 09:30:00-04:00,12.77,13.27,12.3,12.52,325742
VELO,2026-07-15 10:30:00-04:00,12.485,12.55,11.15,11.1802,752410
VELO,2026-07-15 11:30:00-04:00,11.18,11.235,10.6601,10.67,730136
VELO,2026-07-15 12:30:00-04:00,10.7,11.26,10.46,11.175,490717
VELO,2026-07-15 13:30:00-04:00,11.175,11.375,11.175,11.33,235026
VELO,2026-07-15 14:30:00-04:00,11.3122,11.34,10.995,11.035,277499
VELO,2026-07-15 15:30:00-04:00,11.04,11.25,11.035,11.22,283762
VELO,2026-07-16 09:30:00-04:00,10.83,11.25,10.545,11.075,673783
VELO,2026-07-16 10:30:00-04:00,11.09,11.09,10.78,10.97,268418
VELO,2026-07-16 11:30:00-04:00,10.95,11.21,10.3225,10.39,323124
VELO,2026-07-16 12:30:00-04:00,10.41,10.78,10.365,10.6327,267450
VELO,2026-07-16 13:30:00-04:00,10.65,10.66,10.4601,10.615,162610
VELO,2026-07-16 14:30:00-04:00,10.6,10.61,10.485,10.53,168123
VELO,2026-07-16 15:30:00-04:00,10.54,10.542,10.31,10.345,294901
VELO,2026-07-17 09:30:00-04:00,10.01,10.64,9.77,10.385,486502
VELO,2026-07-17 10:30:00-04:00,10.33,10.75,10.31,10.45,313229
VELO,2026-07-17 11:30:00-04:00,10.43,10.86,10.36,10.69,171902
VELO,2026-07-17 12:30:00-04:00,10.7,11.16,10.64,11.1,296618
VELO,2026-07-17 13:30:00-04:00,11.1399,11.145,10.6822,10.75,220372
VELO,2026-07-17 14:30:00-04:00,10.8,10.81,10.5183,10.64,138277
VELO,2026-07-17 15:30:00-04:00,10.66,10.73,10.55,10.58,212792
VELO,2026-07-20 09:30:00-04:00,10.44,10.82,9.9765,10.15,337941
VELO,2026-07-20 10:30:00-04:00,10.19,10.195,9.9,10.07,247113
VELO,2026-07-20 11:30:00-04:00,10.0511,10.21,9.97,10.1,123024
VELO,2026-07-20 12:30:00-04:00,10.08,10.12,9.9501,10.0,123182
VELO,2026-07-20 13:30:00-04:00,10.005,10.27,9.99,10.17,123922
VELO,2026-07-20 14:30:00-04:00,10.1768,10.1768,9.925,9.995,117863
VELO,2026-07-20 15:30:00-04:00,10.02,10.06,9.96,9.99,149482
VELO,2026-07-21 09:30:00-04:00,10.205,10.77,10.11,10.75,377827
VELO,2026-07-21 10:30:00-04:00,10.725,10.8949,10.62,10.84,192751
VELO,2026-07-21 11:30:00-04:00,10.825,11.1,10.805,10.92,263211
VELO,2026-07-21 12:30:00-04:00,10.92,11.09,10.86,11.0601,145358
VELO,2026-07-21 13:30:00-04:00,11.05,11.2799,11.04,11.17,209330
VELO,2026-07-21 14:30:00-04:00,11.19,11.23,10.98,11.075,163133
VELO,2026-07-21 15:30:00-04:00,11.07,11.355,11.0431,11.32,255076
VELO,2026-07-22 09:30:00-04:00,10.9,11.68,10.85,11.155,489477
VELO,2026-07-22 10:30:00-04:00,11.155,11.425,11.04,11.3301,133801
VELO,2026-07-22 11:30:00-04:00,11.331,11.35,11.03,11.065,121109
VELO,2026-07-22 12:30:00-04:00,11.08,11.095,10.94,10.9721,98594
VELO,2026-07-22 13:30:00-04:00,10.97,10.97,10.59,10.625,173725
VELO,2026-07-22 14:30:00-04:00,10.59,10.6299,10.53,10.55,103335
VELO,2026-07-22 15:30:00-04:00,10.55,10.57,10.41,10.52,249008
VELO,2026-07-23 09:30:00-04:00,10.12,10.62,10.11,10.46,307491
VELO,2026-07-23 10:30:00-04:00,10.46,10.46,9.92,10.0,250058
VELO,2026-07-23 11:30:00-04:00,9.99,10.25,9.96,10.25,108028
VELO,2026-07-23 12:30:00-04:00,10.21,10.25,10.1,10.25,85509
VELO,2026-07-23 13:30:00-04:00,10.21,10.2599,10.0605,10.15,71171
VELO,2026-07-23 14:30:00-04:00,10.14,10.24,10.11,10.22,83418
VELO,2026-07-23 15:30:00-04:00,10.25,10.25,10.07,10.12,167833
VELO,2026-07-24 09:30:00-04:00,10.12,10.17,9.55,9.7,220759
VELO,2026-07-24 10:30:00-04:00,9.7,10.0,9.5,9.93,186423
VELO,2026-07-24 11:30:00-04:00,9.92,10.01,9.87,9.98,68710
VELO,2026-07-24 12:30:00-04:00,9.96,9.96,9.75,9.91,53748
VELO,2026-07-24 13:30:00-04:00,9.92,9.98,9.81,9.82,53288
VELO,2026-07-24 14:30:00-04:00,9.815,9.815,9.6401,9.7,142047
VELO,2026-07-24 15:30:00-04:00,9.7,9.775,9.65,9.68,187938
VELO,2026-07-27 09:30:00-04:00,9.82,10.47,9.65,10.0,480053
VELO,2026-07-27 10:30:00-04:00,9.99,10.33,9.82,10.08,199340
VELO,2026-07-27 11:30:00-04:00,10.05,10.2137,9.87,10.2,190267
VELO,2026-07-27 12:30:00-04:00,10.23,10.2806,9.95,9.95,79368
VELO,2026-07-27 13:30:00-04:00,9.97,10.08,9.94,10.005,91221
VELO,2026-07-27 14:30:00-04:00,9.99,10.28,9.92,10.255,80725
VELO,2026-07-27 15:30:00-04:00,10.275,10.305,10.14,10.255,121172
VELO,2026-07-28 09:30:00-04:00,9.91,9.98,9.09,9.2375,464036
VELO,2026-07-28 10:30:00-04:00,9.2224,9.58,9.15,9.55,192929
VELO,2026-07-28 11:30:00-04:00,9.55,9.6,9.48,9.5618,111010
VELO,2026-07-28 12:30:00-04:00,9.56,9.7,9.47,9.57,113054
VELO,2026-07-28 13:30:00-04:00,9.57,9.571,9.3801,9.4,40520
VELO,2026-07-28 14:30:00-04:00,9.41,9.49,9.3701,9.49,91293
VELO,2026-07-28 15:30:00-04:00,9.48,9.51,9.355,9.46,178062
VELO,2026-07-29 09:30:00-04:00,9.58,9.6823,8.99,9.005,306939
VELO,2026-07-29 10:30:00-04:00,8.9889,9.08,8.81,8.8498,317438
VELO,2026-07-29 11:30:00-04:00,8.84,8.9139,8.63,8.74,261877
VELO,2026-07-29 12:30:00-04:00,8.74,8.91,8.69,8.84,137562
VELO,2026-07-29 13:30:00-04:00,8.825,9.105,8.7871,8.81,197805
VELO,2026-07-29 14:30:00-04:00,8.83,9.18,8.7,8.755,198356
VELO,2026-07-29 15:30:00-04:00,8.78,8.7935,8.405,8.435,329082
VELO,2026-07-30 09:30:00-04:00,9.01,9.39,8.8367,9.33,378728
VELO,2026-07-30 10:30:00-04:00,9.3101,9.48,9.15,9.25,153173
VELO,2026-07-30 11:30:00-04:00,9.2699,9.34,9.19,9.24,101171
VELO,2026-07-30 12:30:00-04:00,9.24,9.39,9.13,9.3523,90136
VELO,2026-07-30 13:30:00-04:00,9.34,9.74,9.33,9.7,449124
VELO,2026-07-30 14:30:00-04:00,9.69,9.87,9.58,9.83,382110
VELO,2026-07-30 15:30:00-04:00,9.83,9.84,9.69,9.71,215372
VELO,2026-07-31 09:30:00-04:00,10.075,10.5799,9.73,10.0544,535734
VELO,2026-07-31 10:30:00-04:00,10.065,10.27,10.0,10.06,138516
VELO,2026-07-31 11:30:00-04:00,10.05,10.14,9.97,10.126,225583
VELO,2026-07-31 12:30:00-04:00,10.13,10.25,10.08,10.2,93771
VELO,2026-07-31 13:30:00-04:00,10.17,10.2599,10.095,10.2,159088
VELO,2026-07-31 14:30:00-04:00,10.2033,10.2889,10.19,10.27,121759
VELO,2026-07-31 15:30:00-04:00,10.27,10.29,10.13,10.145,192160
VELO,2026-08-03 09:30:00-04:00,10.0,11.21,9.75,11.17,457059
VELO,2026-08-03 10:30:00-04:00,11.23,11.5345,11.14,11.2178,374120
VELO,2026-08-03 11:30:00-04:00,11.23,11.53,11.2,11.45,136927
VELO,2026-08-03 12:30:00-04:00,11.44,11.51,11.2109,11.41,79149
VELO,2026-08-03 13:30:00-04:00,11.4,11.55,11.36,11.4149,102430
VELO,2026-08-03 14:30:00-04:00,11.4031,11.4469,11.2,11.29,246712
VELO,2026-08-03 15:30:00-04:00,11.31,11.405,11.24,11.4,234463
VELO,2026-08-04 09:30:00-04:00,12.56,12.87,12.2674,12.6996,602752
VELO,2026-08-04 10:30:00-04:00,12.695,12.93,12.55,12.85,393002
VELO,2026-08-04 11:30:00-04:00,12.85,13.0,12.78,12.9356,321904
VELO,2026-08-04 12:30:00-04:00,12.93,13.08,12.875,13.04,204488
VELO,2026-08-04 13:30:00-04:00,13.025,13.11,12.83,13.095,180896
VELO,2026-08-04 14:30:00-04:00,13.095,13.54,13.07,13.4599,461019
VELO,2026-08-04 15:30:00-04:00,13.48,13.74,13.4368,13.7,411456
VELO,2026-08-05 09:30:00-04:00,13.08,13.4,12.7672,12.99,549887
VELO,2026-08-05 10:30:00-04:00,12.945,13.18,12.66,13.14,165442
VELO,2026-08-05 11:30:00-04:00,13.13,13.2697,13.01,13.2325,117205
VELO,2026-08-05 12:30:00-04:00,13.2638,13.4999,13.08,13.2,151737
VELO,2026-08-05 13:30:00-04:00,13.18,13.28,12.995,13.115,191015
VELO,2026-08-05 14:30:00-04:00,13.1,13.11,12.735,12.88,165636
VELO,2026-08-05 15:30:00-04:00,12.88,12.9,12.61,12.76,259523
VELO,2026-08-06 09:30:00-04:00,12.3,14.0899,12.09,13.92,461151
VELO,2026-08-06 10:30:00-04:00,13.94,13.94,13.39,13.625,216397
VELO,2026-08-06 11:30:00-04:00,13.63,13.6413,12.91,13.08,277931
VELO,2026-08-06 12:30:00-04:00,13.09,13.3967,13.065,13.28,78513
VELO,2026-08-06 13:30:00-04:00,13.26,13.31,13.11,13.23,77051
VELO,2026-08-06 14:30:00-04:00,13.22,13.395,13.13,13.27,122734
VELO,2026-08-06 15:30:00-04:00,13.27,13.36,13.065,13.2,197642
VELO,2026-08-07 09:30:00-04:00,13.7,14.14,13.32,14.0139,366813
VELO,2026-08-07 10:30:00-04:00,13.9575,13.974,13.5863,13.95,146626
VELO,2026-08-07 11:30:00-04:00,13.95,14.2,13.84,14.0,275221
VELO,2026-08-07 12:30:00-04:00,13.94,14.04,13.76,13.87,97790
VELO,2026-08-07 13:30:00-04:00,13.8748,13.9,13.7775,13.8,60742
VELO,2026-08-07 14:30:00-04:00,13.785,14.1134,13.64,14.06,172638
VELO,2026-08-07 15:30:00-04:00,14.06,14.16,13.88,14.15,186097
VELO,2026-08-10 09:30:00-04:00,14.4,14.7,13.6,13.7,510979
VELO,2026-08-10 10:30:00-04:00,13.765,13.805,13.43,13.53,417751
VELO,2026-08-10 11:30:00-04:00,13.545,13.76,13.38,13.4499,190948
VELO,2026-08-10 12:30:00-04:00,13.41,13.5,13.32,13.3508,126678
VELO,2026-08-10 13:30:00-04:00,13.37,13.39,13.23,13.3398,90104
VELO,2026-08-10 14:30:00-04:00,13.31,13.41,12.93,12.97,215727
VELO,2026-08-10 15:30:00-04:00,13.03,13.13,12.9,12.91,292846
VELO,2026-08-11 09:30:00-04:00,13.17,13.67,12.91,13.565,337226
VELO,2026-08-11 10:30:00-04:00,13.56,13.67,13.38,13.435,120434
VELO,2026-08-11 11:30:00-04:00,13.435,13.61,13.33,13.46,112049
VELO,2026-08-11 12:30:00-04:00,13.43,13.743,13.39,13.65,133706
VELO,2026-08-11 13:30:00-04:00,13.65,13.8833,13.58,13.675,141740
VELO,2026-08-11 14:30:00-04:00,13.685,13.89,13.67,13.77,120608
VELO,2026-08-11 15:30:00-04:00,13.775,13.89,13.52,13.69,366154
VELO,2026-08-12 09:30:00-04:00,17.1,17.61,14.35,15.22,2599779
VELO,2026-08-12 10:30:00-04:00,15.205,15.83,14.95,15.0772,601991
VELO,2026-08-12 11:30:00-04:00,15.07,15.3854,15.0501,15.2137,221512
VELO,2026-08-12 12:30:00-04:00,15.29,15.34,14.88,15.105,315656
VELO,2026-08-12 13:30:00-04:00,15.11,15.4096,15.06,15.245,144382
VELO,2026-08-12 14:30:00-04:00,15.235,15.2645,15.02,15.08,254857
VELO,2026-08-12 15:30:00-04:00,15.075,15.205,14.82,15.095,432461
VELO,2026-08-13 09:30:00-04:00,14.95,16.45,14.65,16.21,876793
VELO,2026-08-13 10:30:00-04:00,16.2052,16.21,15.4,15.7,338004
VELO,2026-08-13 11:30:00-04:00,15.695,15.8299,15.46,15.65,176797
VELO,2026-08-13 12:30:00-04:00,15.69,15.89,15.59,15.8,122804
VELO,2026-08-13 13:30:00-04:00,15.8,16.09,15.68,15.97,188102
VELO,2026-08-13 14:30:00-04:00,15.99,16.24,15.64,15.72,172885
VELO,2026-08-13 15:30:00-04:00,15.69,15.69,15.17,15.38,272675
VELO,2026-08-14 09:30:00-04:00,15.465,16.35,15.37,16.2814,436414
VELO,2026-08-14 10:30:00-04:00,16.32,16.32,15.94,16.0139,186913
VELO,2026-08-14 11:30:00-04:00,16.05,16.43,16.01,16.34,187098
VELO,2026-08-14 12:30:00-04:00,16.34,16.38,16.16,16.21,88473
VELO,2026-08-14 13:30:00-04:00,16.21,16.3065,15.95,16.02,103281
VELO,2026-08-14 14:30:00-04:00,16.0,16.08,15.855,16.02,124582
VELO,2026-08-14 15:30:00-04:00,15.99,16.32,15.96,16.15,273899
VELO,2026-08-17 09:30:00-04:00,16.05,16.4,15.62,15.9,307750
VELO,2026-08-17 10:30:00-04:00,15.915,15.915,15.33,15.46,251812
VELO,2026-08-17 11:30:00-04:00,15.49,15.85,15.43,15.76,99540
VELO,2026-08-17 12:30:00-04:00,15.77,15.99,15.645,15.645,98908
VELO,2026-08-17 13:30:00-04:00,15.645,15.8199,15.29,15.31,171547
VELO,2026-08-17 14:30:00-04:00,15.3,15.54,15.22,15.515,142972
VELO,2026-08-17 15:30:00-04:00,15.515,15.64,15.42,15.606,144616
VELO,2026-08-18 09:30:00-04:00,14.66,15.54,14.51,14.9,459963
VELO,2026-08-18 10:30:00-04:00,14.92,14.93,14.53,14.82,172710
VELO,2026-08-18 11:30:00-04:00,14.8122,15.16,14.68,14.94,96601
VELO,2026-08-18 12:30:00-04:00,14.95,15.11,14.6761,14.7,132912
VELO,2026-08-18 13:30:00-04:00,14.7,14.7348,14.55,14.67,106877
VELO,2026-08-18 14:30:00-04:00,14.65,14.67,14.43,14.545,222546
VELO,2026-08-18 15:30:00-04:00,14.54,14.75,14.5025,14.63,211574
VELO,2026-08-19 09:30:00-04:00,14.8,14.8,13.5119,13.76,401501
VELO,2026-08-19 10:30:00-04:00,13.685,13.91,13.625,13.77,138852
VELO,2026-08-19 11:30:00-04:00,13.785,13.93,13.6,13.9,127767
VELO,2026-08-19 12:30:00-04:00,13.87,13.89,13.6801,13.71,99676
VELO,2026-08-19 13:30:00-04:00,13.7,13.79,13.61,13.69,92754
VELO,2026-08-19 14:30:00-04:00,13.69,13.84,13.64,13.8,95103
VELO,2026-08-19 15:30:00-04:00,13.81,13.91,13.78,13.88,167585
VELO,2026-08-20 09:30:00-04:00,13.6,13.79,13.19,13.27,282939
VELO,2026-08-20 10:30:00-04:00,13.32,13.5,13.1297,13.2,189081
VELO,2026-08-20 11:30:00-04:00,13.17,13.29,13.06,13.2,116184
VELO,2026-08-20 12:30:00-04:00,13.2,13.22,13.05,13.12,205904
VELO,2026-08-20 13:30:00-04:00,13.1,13.315,13.05,13.1,75616
VELO,2026-08-20 14:30:00-04:00,13.09,13.24,13.005,13.19,109343
VELO,2026-08-20 15:30:00-04:00,13.2094,13.25,13.095,13.17,235675
VELO,2026-08-21 09:30:00-04:00,13.38,13.75,12.7127,12.93,199994
VELO,2026-08-21 10:30:00-04:00,12.92,13.29,12.7811,13.25,103693
VELO,2026-08-21 11:30:00-04:00,13.25,13.575,13.2,13.44,117081
VELO,2026-08-21 12:30:00-04:00,13.41,13.41,13.2,13.25,65972
VELO,2026-08-21 13:30:00-04:00,13.2521,13.38,13.2,13.345,59368
VELO,2026-08-21 14:30:00-04:00,13.32,13.41,13.29,13.39,74489
VELO,2026-08-21 15:30:00-04:00,13.38,13.45,13.2801,13.2801,163880
VELO,2026-08-24 09:30:00-04:00,12.68,12.71,12.23,12.52,261157
VELO,2026-08-24 10:30:00-04:00,12.52,12.685,12.4,12.56,118108
VELO,2026-08-24 11:30:00-04:00,12.54,12.65,12.52,12.63,67352
VELO,2026-08-24 12:30:00-04:00,12.625,12.64,12.5,12.54,60027
VELO,2026-08-24 13:30:00-04:00,12.54,12.715,12.52,12.57,96330
VELO,2026-08-24 14:30:00-04:00,12.58,12.61,12.46,12.53,113177
VELO,2026-08-24 15:30:00-04:00,12.5196,12.59,12.42,12.45,131153
VELO,2026-08-25 09:30:00-04:00,12.75,13.0,12.6401,12.8,191008
VELO,2026-08-25 10:30:00-04:00,12.78,13.03,12.7,12.86,94075
VELO,2026-08-25 11:30:00-04:00,12.87,12.96,12.81,12.848,56795
VELO,2026-08-25 12:30:00-04:00,12.87,12.99,12.82,12.91,36999
VELO,2026-08-25 13:30:00-04:00,12.91,12.96,12.47,12.92,30230
VELO,2026-08-25 14:30:00-04:00,12.92,12.94,12.745,12.81,68219
VELO,2026-08-25 15:30:00-04:00,12.81,12.92,12.76,12.85,148706
VELO,2026-08-26 09:30:00-04:00,12.84,13.2766,12.526,12.55,185019
VELO,2026-08-26 10:30:00-04:00,12.52,12.57,12.345,12.41,95287
VELO,2026-08-26 11:30:00-04:00,12.4,12.53,12.3501,12.465,73491
VELO,2026-08-26 12:30:00-04:00,12.47,12.55,12.41,12.54,49013
VELO,2026-08-26 13:30:00-04:00,12.53,12.55,12.39,12.39,33774
VELO,2026-08-26 14:30:00-04:00,12.38,12.5,12.38,12.45,61093
VELO,2026-08-26 15:30:00-04:00,12.44,12.5,12.3775,12.44,95353
VELO,2026-08-27 09:30:00-04:00,12.75,12.8439,12.5,12.67,95152
VELO,2026-08-27 10:30:00-04:00,12.66,12.69,12.5292,12.66,50898
VELO,2026-08-27 11:30:00-04:00,12.69,12.98,12.61,12.8364,138228
VELO,2026-08-27 12:30:00-04:00,12.84,12.88,12.76,12.7636,64889
VELO,2026-08-27 13:30:00-04:00,12.75,12.81,12.71,12.75,40460
VELO,2026-08-27 14:30:00-04:00,12.7101,12.8198,12.7,12.77,80190
VELO,2026-08-27 15:30:00-04:00,12.76,12.95,12.72,12.9,137760
VELO,2026-08-28 09:30:00-04:00,12.7285,12.7285,12.1,12.12,256291
VELO,2026-08-28 10:30:00-04:00,12.1125,12.2588,12.03,12.08,115997
VELO,2026-08-28 11:30:00-04:00,12.07,12.07,11.71,11.75,215409
VELO,2026-08-28 12:30:00-04:00,11.745,12.0,11.745,11.9,119843
VELO,2026-08-28 13:30:00-04:00,11.89,11.89,11.81,11.845,51545
VELO,2026-08-28 14:30:00-04:00,11.8422,11.86,11.75,11.84,90236
VELO,2026-08-28 15:30:00-04:00,11.84,11.97,11.81,11.87,132976
VELO,2026-08-31 09:30:00-04:00,11.67,11.97,11.65,11.79,112243
VELO,2026-08-31 10:30:00-04:00,11.78,11.8293,11.68,11.8293,60886
VELO,2026-08-31 11:30:00-04:00,11.81,11.91,11.76,11.91,34182
VELO,2026-08-31 12:30:00-04:00,11.9,12.03,11.87,11.8996,53268
VELO,2026-08-31 13:30:00-04:00,11.875,11.8874,11.82,11.845,33756
VELO,2026-08-31 14:30:00-04:00,11.84,11.87,11.775,11.83,130372
VELO,2026-08-31 15:30:00-04:00,11.84,11.935,11.8007,11.9,111781
VELO,2026-09-01 09:30:00-04:00,11.51,11.65,11.23,11.4,177866
VELO,2026-09-01 10:30:00-04:00,11.39,11.58,11.33,11.35,169497
VELO,2026-09-01 11:30:00-04:00,11.35,11.528,11.3101,11.47,62589
VELO,2026-09-01 12:30:00-04:00,11.46,11.4673,11.3564,11.41,53877
VELO,2026-09-01 13:30:00-04:00,11.445,11.45,11.33,11.3388,52543
VELO,2026-09-01 14:30:00-04:00,11.35,11.35,11.2,11.32,108177
VELO,2026-09-01 15:30:00-04:00,11.3295,11.3872,11.23,11.27,131816
VELO,2026-09-02 09:30:00-04:00,11.25,11.66,11.25,11.49,136501
VELO,2026-09-02 10:30:00-04:00,11.52,11.52,11.27,11.33,50389
VELO,2026-09-02 11:30:00-04:00,11.3123,11.44,11.2501,11.32,66007
VELO,2026-09-02 12:30:00-04:00,11.34,11.36,11.27,11.33,61396
VELO,2026-09-02 13:30:00-04:00,11.33,11.55,11.32,11.44,75618
VELO,2026-09-02 14:30:00-04:00,11.44,11.5,11.38,11.47,125961
VELO,2026-09-02 15:30:00-04:00,11.47,11.64,11.47,11.63,148130
VELO,2026-09-03 09:30:00-04:00,11.79,12.13,11.53,11.66,228271
VELO,2026-09-03 10:30:00-04:00,11.665,11.82,11.6,11.81,66425
VELO,2026-09-03 11:30:00-04:00,11.81,11.81,11.613,11.72,76826
VELO,2026-09-03 12:30:00-04:00,11.72,11.77,11.63,11.67,99430
VELO,2026-09-03 13:30:00-04:00,11.68,11.73,11.6426,11.72,45353
VELO,2026-09-03 14:30:00-04:00,11.71,11.73,11.545,11.5885,69721
VELO,2026-09-03 15:30:00-04:00,11.59,11.6199,11.53,11.59,111559
MNTS,2026-07-06 09:30:00-04:00,6.01,6.4,6.0,6.3,475929
MNTS,2026-07-06 10:30:00-04:00,6.295,6.4,6.2,6.329,174551
MNTS,2026-07-06 11:30:00-04:00,6.33,6.48,6.25,6.4,211125
MNTS,2026-07-06 12:30:00-04:00,6.4,6.73,6.35,6.615,427670
MNTS,2026-07-06 13:30:00-04:00,6.615,6.77,6.5201,6.768,310510
MNTS,2026-07-06 14:30:00-04:00,6.74,6.7599,6.5,6.58,219521
MNTS,2026-07-06 15:30:00-04:00,6.57,6.62,6.52,6.58,101828
MNTS,2026-07-07 09:30:00-04:00,6.36,6.8,6.12,6.19,474695
MNTS,2026-07-07 10:30:00-04:00,6.2077,6.28,6.12,6.22,107775
MNTS,2026-07-07 11:30:00-04:00,6.235,6.3899,6.14,6.33,136061
MNTS,2026-07-07 12:30:00-04:00,6.335,6.429,6.25,6.4,102090
MNTS,2026-07-07 13:30:00-04:00,6.41,6.45,6.33,6.33,100281
MNTS,2026-07-07 14:30:00-04:00,6.34,6.35,6.2232,6.268,90650
MNTS,2026-07-07 15:30:00-04:00,6.27,6.33,6.21,6.22,99289
MNTS,2026-07-08 09:30:00-04:00,6.01,6.385,6.01,6.2405,240653
MNTS,2026-07-08 10:30:00-04:00,6.23,6.288,6.11,6.1399,116686
MNTS,2026-07-08 11:30:00-04:00,6.13,6.16,6.07,6.12,103673
MNTS,2026-07-08 12:30:00-04:00,6.1499,6.16,6.025,6.09,125793
MNTS,2026-07-08 13:30:00-04:00,6.12,6.18,6.1,6.15,41240
MNTS,2026-07-08 14:30:00-04:00,6.1383,6.19,6.125,6.16,51180
MNTS,2026-07-08 15:30:00-04:00,6.16,6.17,5.95,6.045,337898
MNTS,2026-07-09 09:30:00-04:00,6.06,6.1607,5.86,6.075,295284
MNTS,2026-07-09 10:30:00-04:00,6.0866,6.0866,5.9224,6.02,245105
MNTS,2026-07-09 11:30:00-04:00,6.02,6.06,5.94,5.95,70510
MNTS,2026-07-09 12:30:00-04:00,5.955,6.07,5.95,6.055,84797
MNTS,2026-07-09 13:30:00-04:00,6.07,6.16,6.0201,6.12,134796
MNTS,2026-07-09 14:30:00-04:00,6.12,6.26,6.08,6.09,190534
MNTS,2026-07-09 15:30:00-04:00,6.09,6.13,6.03,6.11,115080
MNTS,2026-07-10 09:30:00-04:00,6.07,6.0741,5.83,5.8706,330318
MNTS,2026-07-10 10:30:00-04:00,5.8999,5.94,5.8,5.915,126239
MNTS,2026-07-10 11:30:00-04:00,5.915,5.94,5.81,5.9111,153534
MNTS,2026-07-10 12:30:00-04:00,5.915,5.98,5.915,5.955,43725
MNTS,2026-07-10 13:30:00-04:00,5.94,5.98,5.9,5.92,33537
MNTS,2026-07-10 14:30:00-04:00,5.91,5.97,5.91,5.945,46069
MNTS,2026-07-10 15:30:00-04:00,5.93,6.0786,5.93,6.06,116452
MNTS,2026-07-13 09:30:00-04:00,5.86,5.9468,5.5801,5.67,408268
MNTS,2026-07-13 10:30:00-04:00,5.6973,5.75,5.63,5.6881,74605
MNTS,2026-07-13 11:30:00-04:00,5.66,5.68,5.57,5.585,136178
MNTS,2026-07-13 12:30:00-04:00,5.58,5.61,5.51,5.525,107070
MNTS,2026-07-13 13:30:00-04:00,5.525,5.6,5.48,5.5443,112401
MNTS,2026-07-13 14:30:00-04:00,5.54,5.59,5.52,5.53,43349
MNTS,2026-07-13 15:30:00-04:00,5.52,5.61,5.5,5.59,106549
MNTS,2026-07-14 09:30:00-04:00,5.59,5.91,5.56,5.78,364259
MNTS,2026-07-14 10:30:00-04:00,5.78,5.85,5.7001,5.7201,88209
MNTS,2026-07-14 11:30:00-04:00,5.74,5.88,5.74,5.82,81310
MNTS,2026-07-14 12:30:00-04:00,5.84,5.9099,5.685,5.75,138761
MNTS,2026-07-14 13:30:00-04:00,5.75,5.7776,5.7101,5.7161,36666
MNTS,2026-07-14 14:30:00-04:00,5.725,5.7677,5.6816,5.745,41391
MNTS,2026-07-14 15:30:00-04:00,5.74,5.75,5.69,5.75,71896
MNTS,2026-07-15 09:30:00-04:00,5.69,5.9499,5.47,5.551,271316
MNTS,2026-07-15 10:30:00-04:00,5.5447,5.6,5.37,5.385,197182
MNTS,2026-07-15 11:30:00-04:00,5.405,5.41,5.2711,5.305,125110
MNTS,2026-07-15 12:30:00-04:00,5.305,5.46,5.25,5.425,137308
MNTS,2026-07-15 13:30:00-04:00,5.425,5.7,5.425,5.64,125315
MNTS,2026-07-15 14:30:00-04:00,5.61,5.6499,5.4447,5.4667,64951
MNTS,2026-07-15 15:30:00-04:00,5.455,5.51,5.44,5.465,60857
MNTS,2026-07-16 09:30:00-04:00,5.33,5.3997,4.95,5.04,613406
MNTS,2026-07-16 10:30:00-04:00,5.0101,5.07,4.91,5.05,310503
MNTS,2026-07-16 11:30:00-04:00,5.04,5.47,4.87,4.92,185705
MNTS,2026-07-16 12:30:00-04:00,4.92,4.97,4.8901,4.95,81393
MNTS,2026-07-16 13:30:00-04:00,4.935,4.94,4.89,4.895,69143
MNTS,2026-07-16 14:30:00-04:00,4.88,4.95,4.86,4.915,94047
MNTS,2026-07-16 15:30:00-04:00,4.915,4.93,4.855,4.86,143434
MNTS,2026-07-17 09:30:00-04:00,4.63,4.9399,4.6,4.87,310244
MNTS,2026-07-17 10:30:00-04:00,4.88,4.94,4.8001,4.88,76116
MNTS,2026-07-17 11:30:00-04:00,4.91,5.24,4.8901,5.2099,180450
MNTS,2026-07-17 12:30:00-04:00,5.2,5.309,5.1501,5.17,200189
MNTS,2026-07-17 13:30:00-04:00,5.18,5.24,5.07,5.07,120701
MNTS,2026-07-17 14:30:00-04:00,5.09,5.11,4.96,5.0003,134658
MNTS,2026-07-17 15:30:00-04:00,5.01,5.03,4.952,4.952,74162
MNTS,2026-07-20 09:30:00-04:00,4.82,4.94,4.61,4.71,392043
MNTS,2026-07-20 10:30:00-04:00,4.73,4.8,4.66,4.7658,129129
MNTS,2026-07-20 11:30:00-04:00,4.78,4.91,4.72,4.8377,150798
MNTS,2026-07-20 12:30:00-04:00,4.835,4.9,4.8,4.84,100121
MNTS,2026-07-20 13:30:00-04:00,4.84,5.03,4.82,4.95,130839
MNTS,2026-07-20 14:30:00-04:00,4.9699,4.9699,4.78,4.84,100206
MNTS,2026-07-20 15:30:00-04:00,4.85,4.865,4.77,4.81,99996
MNTS,2026-07-21 09:30:00-04:00,4.87,5.08,4.85,5.08,183929
MNTS,2026-07-21 10:30:00-04:00,5.045,5.1653,5.03,5.08,143584
MNTS,2026-07-21 11:30:00-04:00,5.06,5.0807,4.98,5.025,104516
MNTS,2026-07-21 12:30:00-04:00,5.0383,5.1153,4.99,5.105,91910
MNTS,2026-07-21 13:30:00-04:00,5.09,5.12,5.03,5.04,70907
MNTS,2026-07-21 14:30:00-04:00,5.04,5.04,4.91,4.92,58991
MNTS,2026-07-21 15:30:00-04:00,4.935,4.995,4.92,4.96,111819
MNTS,2026-07-22 09:30:00-04:00,4.93,5.215,4.81,4.94,299343
MNTS,2026-07-22 10:30:00-04:00,4.97,4.97,4.85,4.955,91245
MNTS,2026-07-22 11:30:00-04:00,4.97,4.9714,4.85,4.85,49275
MNTS,2026-07-22 12:30:00-04:00,4.8718,4.8718,4.78,4.835,91995
MNTS,2026-07-22 13:30:00-04:00,4.835,4.85,4.74,4.755,136214
MNTS,2026-07-22 14:30:00-04:00,4.75,4.8138,4.735,4.8138,84971
MNTS,2026-07-22 15:30:00-04:00,4.8109,4.9,4.8,4.89,102395
MNTS,2026-07-23 09:30:00-04:00,4.72,4.9605,4.72,4.84,108624
MNTS,2026-07-23 10:30:00-04:00,4.87,4.9,4.67,4.72,99854
MNTS,2026-07-23 11:30:00-04:00,4.71,4.8499,4.7,4.8499,36807
MNTS,2026-07-23 12:30:00-04:00,4.8174,4.88,4.77,4.8661,53880
MNTS,2026-07-23 13:30:00-04:00,4.85,4.87,4.77,4.835,68808
MNTS,2026-07-23 14:30:00-04:00,4.85,4.92,4.84,4.92,42435
MNTS,2026-07-23 15:30:00-04:00,4.94,4.94,4.85,4.88,61486
MNTS,2026-07-24 09:30:00-04:00,4.82,4.86,4.68,4.7275,271031
MNTS,2026-07-24 10:30:00-04:00,4.7219,4.82,4.68,4.7843,117183
MNTS,2026-07-24 11:30:00-04:00,4.82,4.82,4.71,4.7579,49336
MNTS,2026-07-24 12:30:00-04:00,4.76,4.76,4.69,4.75,53897
MNTS,2026-07-24 13:30:00-04:00,4.74,4.7465,4.66,4.69,47481
MNTS,2026-07-24 14:30:00-04:00,4.685,4.75,4.66,4.68,61057
MNTS,2026-07-24 15:30:00-04:00,4.71,4.745,4.69,4.74,77812
MNTS,2026-07-27 09:30:00-04:00,4.65,4.78,4.42,4.505,334459
MNTS,2026-07-27 10:30:00-04:00,4.5076,4.587,4.4,4.55,110403
MNTS,2026-07-27 11:30:00-04:00,4.55,4.57,4.45,4.55,95758
MNTS,2026-07-27 12:30:00-04:00,4.56,4.6,4.54,4.56,71841
MNTS,2026-07-27 13:30:00-04:00,4.5696,4.6836,4.56,4.65,38194
MNTS,2026-07-27 14:30:00-04:00,4.6832,4.76,4.5822,4.7524,59778
MNTS,2026-07-27 15:30:00-04:00,4.7506,4.8296,4.72,4.76,91616
MNTS,2026-07-28 09:30:00-04:00,4.63,4.6543,4.4201,4.54,238559
MNTS,2026-07-28 10:30:00-04:00,4.5101,4.75,4.51,4.75,106075
MNTS,2026-07-28 11:30:00-04:00,4.75,4.75,4.59,4.5919,76691
MNTS,2026-07-28 12:30:00-04:00,4.605,4.68,4.6,4.61,73002
MNTS,2026-07-28 13:30:00-04:00,4.62,4.625,4.5,4.52,67949
MNTS,2026-07-28 14:30:00-04:00,4.52,4.59,4.51,4.56,35346
MNTS,2026-07-28 15:30:00-04:00,4.6,4.6,4.5,4.53,70503
MNTS,2026-07-29 09:30:00-04:00,4.45,4.59,4.32,4.32,190146
MNTS,2026-07-29 10:30:00-04:00,4.31,4.36,4.2801,4.3,161107
MNTS,2026-07-29 11:30:00-04:00,4.29,4.32,4.22,4.27,179042
MNTS,2026-07-29 12:30:00-04:00,4.275,4.37,4.2571,4.31,66232
MNTS,2026-07-29 13:30:00-04:00,4.325,4.4483,4.3,4.32,58272
MNTS,2026-07-29 14:30:00-04:00,4.32,4.435,4.2517,4.3,90291
MNTS,2026-07-29 15:30:00-04:00,4.3,4.3,4.11,4.14,137057
MNTS,2026-07-30 09:30:00-04:00,4.3,4.6963,4.3,4.6499,458643
MNTS,2026-07-30 10:30:00-04:00,4.64,4.66,4.56,4.62,122027
MNTS,2026-07-30 11:30:00-04:00,4.61,4.6799,4.6,4.6581,58722
MNTS,2026-07-30 12:30:00-04:00,4.6681,4.77,4.6,4.715,157479
MNTS,2026-07-30 13:30:00-04:00,4.69,4.79,4.69,4.72,132008
MNTS,2026-07-30 14:30:00-04:00,4.73,4.73,4.55,4.58,118583
MNTS,2026-07-30 15:30:00-04:00,4.59,4.61,4.5,4.5,132524
MNTS,2026-07-31 09:30:00-04:00,4.5,4.58,4.09,4.1401,506152
MNTS,2026-07-31 10:30:00-04:00,4.17,4.22,4.09,4.16,256935
MNTS,2026-07-31 11:30:00-04:00,4.14,4.17,4.0853,4.12,89046
MNTS,2026-07-31 12:30:00-04:00,4.1353,4.1905,4.125,4.1905,123328
MNTS,2026-07-31 13:30:00-04:00,4.1991,4.2,4.15,4.18,67158
MNTS,2026-07-31 14:30:00-04:00,4.18,4.2,4.1,4.13,84974
MNTS,2026-07-31 15:30:00-04:00,4.11,4.14,4.04,4.045,379943
MNTS,2026-08-03 09:30:00-04:00,4.07,4.23,3.9229,4.1942,385436
MNTS,2026-08-03 10:30:00-04:00,4.19,4.22,4.104,4.13,169697
MNTS,2026-08-03 11:30:00-04:00,4.118,4.1699,4.07,4.15,138570
MNTS,2026-08-03 12:30:00-04:00,4.16,4.361,4.1201,4.29,131086
MNTS,2026-08-03 13:30:00-04:00,4.2953,4.3097,4.2001,4.21,68593
MNTS,2026-08-03 14:30:00-04:00,4.21,4.21,4.14,4.1799,114027
MNTS,2026-08-03 15:30:00-04:00,4.175,4.23,4.175,4.195,142877
MNTS,2026-08-04 09:30:00-04:00,4.35,4.7946,4.35,4.49,838567
MNTS,2026-08-04 10:30:00-04:00,4.5,4.81,4.41,4.67,533824
MNTS,2026-08-04 11:30:00-04:00,4.675,4.87,4.65,4.78,344212
MNTS,2026-08-04 12:30:00-04:00,4.79,4.85,4.67,4.74,237874
MNTS,2026-08-04 13:30:00-04:00,4.73,4.7491,4.59,4.615,286203
MNTS,2026-08-04 14:30:00-04:00,4.615,4.65,4.5722,4.6,195438
MNTS,2026-08-04 15:30:00-04:00,4.6,4.61,4.54,4.55,193009
MNTS,2026-08-05 09:30:00-04:00,4.44,4.5482,4.34,4.4,438651
MNTS,2026-08-05 10:30:00-04:00,4.3979,4.3999,4.31,4.38,174420
MNTS,2026-08-05 11:30:00-04:00,4.3844,4.3844,4.28,4.31,91693
MNTS,2026-08-05 12:30:00-04:00,4.315,4.32,4.25,4.265,80702
MNTS,2026-08-05 13:30:00-04:00,4.265,4.3,4.25,4.2714,101917
MNTS,2026-08-05 14:30:00-04:00,4.275,4.2899,4.221,4.25,244514
MNTS,2026-08-05 15:30:00-04:00,4.25,4.25,4.14,4.24,672433
MNTS,2026-08-06 09:30:00-04:00,4.15,4.58,4.11,4.5298,464067
MNTS,2026-08-06 10:30:00-04:00,4.5467,4.5467,4.3801,4.49,265489
MNTS,2026-08-06 11:30:00-04:00,4.5099,4.52,4.37,4.3772,105969
MNTS,2026-08-06 12:30:00-04:00,4.39,4.45,4.3701,4.43,48517
MNTS,2026-08-06 13:30:00-04:00,4.41,4.42,4.366,4.4,51664
MNTS,2026-08-06 14:30:00-04:00,4.4,4.4799,4.3776,4.45,72771
MNTS,2026-08-06 15:30:00-04:00,4.4402,4.4529,4.365,4.37,94812
MNTS,2026-08-07 09:30:00-04:00,4.5,4.8,4.495,4.77,516458
MNTS,2026-08-07 10:30:00-04:00,4.75,4.79,4.66,4.79,138152
MNTS,2026-08-07 11:30:00-04:00,4.7898,4.9372,4.76,4.8799,317125
MNTS,2026-08-07 12:30:00-04:00,4.86,4.95,4.82,4.915,215836
MNTS,2026-08-07 13:30:00-04:00,4.9185,4.9185,4.82,4.87,157429
MNTS,2026-08-07 14:30:00-04:00,4.88,4.95,4.8,4.9147,156206
MNTS,2026-08-07 15:30:00-04:00,4.9,4.93,4.8501,4.91,175397
MNTS,2026-08-10 09:30:00-04:00,4.86,4.9899,4.68,4.76,496594
MNTS,2026-08-10 10:30:00-04:00,4.752,4.79,4.68,4.705,112188
MNTS,2026-08-10 11:30:00-04:00,4.705,4.7899,4.68,4.69,152482
MNTS,2026-08-10 12:30:00-04:00,4.72,4.75,4.66,4.7429,60876
MNTS,2026-08-10 13:30:00-04:00,4.71,4.7399,4.66,4.69,146548
MNTS,2026-08-10 14:30:00-04:00,4.695,4.7499,4.695,4.74,20481
MNTS,2026-08-10 15:30:00-04:00,4.72,4.7733,4.68,4.69,96102
MNTS,2026-08-11 09:30:00-04:00,4.52,4.79,4.5101,4.74,324496
MNTS,2026-08-11 10:30:00-04:00,4.75,4.77,4.6801,4.71,65979
MNTS,2026-08-11 11:30:00-04:00,4.7377,4.79,4.7,4.76,34428
MNTS,2026-08-11 12:30:00-04:00,4.745,4.8881,4.74,4.84,109838
MNTS,2026-08-11 13:30:00-04:00,4.83,4.88,4.78,4.8382,63791
MNTS,2026-08-11 14:30:00-04:00,4.83,4.86,4.76,4.785,94060
MNTS,2026-08-11 15:30:00-04:00,4.772,4.8496,4.77,4.78,163555
MNTS,2026-08-12 09:30:00-04:00,4.83,4.97,4.64,4.87,339839
MNTS,2026-08-12 10:30:00-04:00,4.852,4.87,4.74,4.7499,151764
MNTS,2026-08-12 11:30:00-04:00,4.755,4.8199,4.74,4.75,139382
MNTS,2026-08-12 12:30:00-04:00,4.745,4.86,4.745,4.815,128383
MNTS,2026-08-12 13:30:00-04:00,4.8203,4.97,4.78,4.95,153272
MNTS,2026-08-12 14:30:00-04:00,4.94,4.96,4.845,4.92,116217
MNTS,2026-08-12 15:30:00-04:00,4.9382,4.94,4.8303,4.85,86399
MNTS,2026-08-13 09:30:00-04:00,4.92,5.24,4.84,5.1199,685229
MNTS,2026-08-13 10:30:00-04:00,5.105,5.12,4.78,4.8,415625
MNTS,2026-08-13 11:30:00-04:00,4.79,4.88,4.72,4.805,311688
MNTS,2026-08-13 12:30:00-04:00,4.81,4.918,4.785,4.9,112123
MNTS,2026-08-13 13:30:00-04:00,4.9,4.98,4.88,4.96,160561
MNTS,2026-08-13 14:30:00-04:00,4.97,5.0,4.84,4.94,228296
MNTS,2026-08-13 15:30:00-04:00,4.93,4.9347,4.83,4.88,176543
MNTS,2026-08-14 09:30:00-04:00,4.82,4.97,4.8074,4.925,265216
MNTS,2026-08-14 10:30:00-04:00,4.91,5.13,4.86,4.985,486530
MNTS,2026-08-14 11:30:00-04:00,4.995,5.04,4.925,4.965,353230
MNTS,2026-08-14 12:30:00-04:00,4.95,4.97,4.87,4.97,204803
MNTS,2026-08-14 13:30:00-04:00,4.97,5.01,4.8802,4.93,233741
MNTS,2026-08-14 14:30:00-04:00,4.925,4.95,4.87,4.9295,240588
MNTS,2026-08-14 15:30:00-04:00,4.93,4.93,4.84,4.8401,263565
MNTS,2026-08-17 09:30:00-04:00,4.77,4.81,4.63,4.7102,409817
MNTS,2026-08-17 10:30:00-04:00,4.73,4.7493,4.66,4.715,177463
MNTS,2026-08-17 11:30:00-04:00,4.72,4.79,4.68,4.7263,184063
MNTS,2026-08-17 12:30:00-04:00,4.73,4.8001,4.72,4.73,93506
MNTS,2026-08-17 13:30:00-04:00,4.73,4.7481,4.68,4.7,88769
MNTS,2026-08-17 14:30:00-04:00,4.69,4.72,4.6568,4.7099,89408
MNTS,2026-08-17 15:30:00-04:00,4.7,4.73,4.66,4.67,110284
MNTS,2026-08-18 09:30:00-04:00,4.5,4.545,4.33,4.3565,422115
MNTS,2026-08-18 10:30:00-04:00,4.3478,4.35,4.261,4.33,187622
MNTS,2026-08-18 11:30:00-04:00,4.335,4.38,4.31,4.33,96535
MNTS,2026-08-18 12:30:00-04:00,4.33,4.38,4.33,4.3499,65948
MNTS,2026-08-18 13:30:00-04:00,4.34,4.35,4.272,4.3,81573
MNTS,2026-08-18 14:30:00-04:00,4.295,4.31,4.27,4.2911,80079
MNTS,2026-08-18 15:30:00-04:00,4.29,4.3,4.22,4.235,185065
MNTS,2026-08-19 09:30:00-04:00,4.34,4.4,4.15,4.3101,288665
MNTS,2026-08-19 10:30:00-04:00,4.32,4.34,4.245,4.284,105056
MNTS,2026-08-19 11:30:00-04:00,4.31,4.335,4.2501,4.28,85549
MNTS,2026-08-19 12:30:00-04:00,4.2877,4.32,4.25,4.2626,231765
MNTS,2026-08-19 13:30:00-04:00,4.2701,4.29,4.23,4.2301,53622
MNTS,2026-08-19 14:30:00-04:00,4.235,4.2699,4.2217,4.23,75790
MNTS,2026-08-19 15:30:00-04:00,4.225,4.26,4.215,4.25,66554
MNTS,2026-08-20 09:30:00-04:00,4.18,4.22,4.11,4.13,190343
MNTS,2026-08-20 10:30:00-04:00,4.125,4.16,4.08,4.13,116007
MNTS,2026-08-20 11:30:00-04:00,4.1583,4.21,4.05,4.08,255710
MNTS,2026-08-20 12:30:00-04:00,4.065,4.14,4.06,4.1,88026
MNTS,2026-08-20 13:30:00-04:00,4.105,4.14,4.091,4.12,42732
MNTS,2026-08-20 14:30:00-04:00,4.115,4.12,4.0946,4.115,45107
MNTS,2026-08-20 15:30:00-04:00,4.12,4.1478,4.12,4.12,55261
MNTS,2026-08-21 09:30:00-04:00,4.19,4.33,4.1502,4.22,206898
MNTS,2026-08-21 10:30:00-04:00,4.24,4.32,4.1693,4.275,93099
MNTS,2026-08-21 11:30:00-04:00,4.27,4.32,4.26,4.31,44371
MNTS,2026-08-21 12:30:00-04:00,4.31,4.33,4.2801,4.33,41751
MNTS,2026-08-21 13:30:00-04:00,4.3119,4.32,4.275,4.29,40927
MNTS,2026-08-21 14:30:00-04:00,4.2967,4.2967,4.27,4.295,45008
MNTS,2026-08-21 15:30:00-04:00,4.28,4.31,4.265,4.31,57672
MNTS,2026-08-24 09:30:00-04:00,4.31,4.31,4.171,4.2301,143445
MNTS,2026-08-24 10:30:00-04:00,4.2202,4.25,4.18,4.22,80886
MNTS,2026-08-24 11:30:00-04:00,4.22,4.23,4.18,4.21,32677
MNTS,2026-08-24 12:30:00-04:00,4.18,4.19,4.15,4.165,87167
MNTS,2026-08-24 13:30:00-04:00,4.165,4.18,4.13,4.1613,30405
MNTS,2026-08-24 14:30:00-04:00,4.16,4.165,4.13,4.16,36284
MNTS,2026-08-24 15:30:00-04:00,4.16,4.17,4.14,4.16,47942
MNTS,2026-08-25 09:30:00-04:00,4.18,4.2,4.11,4.1506,171552
MNTS,2026-08-25 10:30:00-04:00,4.14,4.21,4.14,4.2,68026
MNTS,2026-08-25 11:30:00-04:00,4.2173,4.23,4.18,4.2001,33061
MNTS,2026-08-25 12:30:00-04:00,4.2075,4.24,4.1901,4.2396,24335
MNTS,2026-08-25 13:30:00-04:00,4.2264,4.3095,4.16,4.3095,70970
MNTS,2026-08-25 14:30:00-04:00,4.308,4.3099,4.25,4.26,70616
MNTS,2026-08-25 15:30:00-04:00,4.2699,4.2699,4.18,4.22,134717
MNTS,2026-08-26 09:30:00-04:00,4.2,4.3195,4.145,4.15,107163
MNTS,2026-08-26 10:30:00-04:00,4.16,4.17,4.11,4.15,89767
MNTS,2026-08-26 11:30:00-04:00,4.15,4.25,4.12,4.22,48670
MNTS,2026-08-26 12:30:00-04:00,4.225,4.2899,4.21,4.2899,38477
MNTS,2026-08-26 13:30:00-04:00,4.28,4.29,4.2,4.23,88843
MNTS,2026-08-26 14:30:00-04:00,4.22,4.25,4.21,4.24,28664
MNTS,2026-08-26 15:30:00-04:00,4.2374,4.26,4.22,4.24,43870
MNTS,2026-08-27 09:30:00-04:00,4.28,4.4399,4.26,4.37,174604
MNTS,2026-08-27 10:30:00-04:00,4.3699,4.39,4.33,4.35,66069
MNTS,2026-08-27 11:30:00-04:00,4.35,4.3538,4.3001,4.3182,36088
MNTS,2026-08-27 12:30:00-04:00,4.32,4.34,4.28,4.28,39172
MNTS,2026-08-27 13:30:00-04:00,4.2819,4.32,4.265,4.3,27082
MNTS,2026-08-27 14:30:00-04:00,4.29,4.3043,4.275,4.28,25009
MNTS,2026-08-27 15:30:00-04:00,4.2621,4.3147,4.24,4.255,63012
MNTS,2026-08-28 09:30:00-04:00,4.22,4.235,4.13,4.13,145439
MNTS,2026-08-28 10:30:00-04:00,4.15,4.17,4.12,4.1276,84105
MNTS,2026-08-28 11:30:00-04:00,4.12,4.12,4.03,4.075,384582
MNTS,2026-08-28 12:30:00-04:00,4.08,4.08,4.03,4.05,116657
MNTS,2026-08-28 13:30:00-04:00,4.05,4.06,4.03,4.04,74570
MNTS,2026-08-28 14:30:00-04:00,4.035,4.1,4.02,4.1,95700
MNTS,2026-08-28 15:30:00-04:00,4.095,4.13,4.08,4.12,67307
MNTS,2026-08-31 09:30:00-04:00,4.08,4.1919,4.08,4.17,232410
MNTS,2026-08-31 10:30:00-04:00,4.1796,4.18,4.13,4.16,40841
MNTS,2026-08-31 11:30:00-04:00,4.16,4.18,4.12,4.17,53058
MNTS,2026-08-31 12:30:00-04:00,4.17,4.18,4.155,4.165,33824
MNTS,2026-08-31 13:30:00-04:00,4.17,4.18,4.12,4.14,70812
MNTS,2026-08-31 14:30:00-04:00,4.14,4.29,4.1299,4.245,134554
MNTS,2026-08-31 15:30:00-04:00,4.2445,4.28,4.21,4.257,74946
MNTS,2026-09-01 09:30:00-04:00,4.11,4.18,4.08,4.11,141760
MNTS,2026-09-01 10:30:00-04:00,4.1244,4.1244,4.07,4.09,49845
MNTS,2026-09-01 11:30:00-04:00,4.0997,4.1083,4.06,4.07,70929
MNTS,2026-09-01 12:30:00-04:00,4.07,4.1,4.06,4.06,57471
MNTS,2026-09-01 13:30:00-04:00,4.06,4.14,4.06,4.115,38631
MNTS,2026-09-01 14:30:00-04:00,4.1008,4.115,4.06,4.08,39074
MNTS,2026-09-01 15:30:00-04:00,4.08,4.092,4.05,4.05,34070
MNTS,2026-09-02 09:30:00-04:00,4.1,4.2797,4.08,4.22,161109
MNTS,2026-09-02 10:30:00-04:00,4.225,4.23,4.17,4.18,43448
MNTS,2026-09-02 11:30:00-04:00,4.19,4.19,4.11,4.13,92553
MNTS,2026-09-02 12:30:00-04:00,4.12,4.14,4.11,4.12,31645
MNTS,2026-09-02 13:30:00-04:00,4.1201,4.18,4.1201,4.18,42764
MNTS,2026-09-02 14:30:00-04:00,4.175,4.18,4.15,4.17,28905
MNTS,2026-09-02 15:30:00-04:00,4.165,4.2,4.1421,4.19,66940
MNTS,2026-09-03 09:30:00-04:00,4.23,4.36,4.18,4.21,183405
MNTS,2026-09-03 10:30:00-04:00,4.22,4.25,4.1801,4.24,41638
MNTS,2026-09-03 11:30:00-04:00,4.245,4.2785,4.21,4.26,99115
MNTS,2026-09-03 12:30:00-04:00,4.259,4.27,4.23,4.24,34506
MNTS,2026-09-03 13:30:00-04:00,4.24,4.2682,4.23,4.23,31124
MNTS,2026-09-03 14:30:00-04:00,4.23,4.25,4.2,4.235,70741
MNTS,2026-09-03 15:30:00-04:00,4.2483,4.2483,4.14,4.14,103345
OKLO,2026-07-06 09:30:00-04:00,51.4,53.08,50.25,51.9699,2534506
OKLO,2026-07-06 10:30:00-04:00,51.97,52.3,51.39,51.815,1002734
OKLO,2026-07-06 11:30:00-04:00,51.78,52.08,51.52,51.775,974743
OKLO,2026-07-06 12:30:00-04:00,51.79,51.9399,51.16,51.21,535116
OKLO,2026-07-06 13:30:00-04:00,51.215,51.49,50.93,51.2401,610238
OKLO,2026-07-06 14:30:00-04:00,51.26,51.91,50.82,51.825,947785
OKLO,2026-07-06 15:30:00-04:00,51.805,52.19,51.48,51.84,1062733
OKLO,2026-07-07 09:30:00-04:00,50.85,51.384,46.95,47.37,3129116
OKLO,2026-07-07 10:30:00-04:00,47.33,48.0699,46.97,47.47,1592012
OKLO,2026-07-07 11:30:00-04:00,47.49,48.68,47.23,48.58,1001543
OKLO,2026-07-07 12:30:00-04:00,48.55,49.45,48.24,49.14,1134761
OKLO,2026-07-07 13:30:00-04:00,49.17,49.6688,48.88,48.92,835447
OKLO,2026-07-07 14:30:00-04:00,48.92,48.92,47.96,48.08,953576
OKLO,2026-07-07 15:30:00-04:00,48.075,48.28,47.68,47.885,1217202
OKLO,2026-07-08 09:30:00-04:00,47.535,48.61,47.0,47.7,1478963
OKLO,2026-07-08 10:30:00-04:00,47.68,47.75,46.04,46.18,1088199
OKLO,2026-07-08 11:30:00-04:00,46.2,46.5,45.83,46.34,939700
OKLO,2026-07-08 12:30:00-04:00,46.33,46.7399,46.03,46.7399,574031
OKLO,2026-07-08 13:30:00-04:00,46.73,47.26,46.4401,47.165,706473
OKLO,2026-07-08 14:30:00-04:00,47.165,47.51,46.8003,47.125,773135
OKLO,2026-07-08 15:30:00-04:00,47.14,47.48,47.0,47.2725,836208
OKLO,2026-07-09 09:30:00-04:00,47.85,48.83,47.29,48.2,1721208
OKLO,2026-07-09 10:30:00-04:00,48.2,49.054,47.865,48.92,758564
OKLO,2026-07-09 11:30:00-04:00,48.95,49.5899,48.75,48.82,833129
OKLO,2026-07-09 12:30:00-04:00,48.83,49.28,48.68,49.115,488445
OKLO,2026-07-09 13:30:00-04:00,49.1,49.49,48.875,49.385,530874
OKLO,2026-07-09 14:30:00-04:00,49.39,50.23,49.351,49.89,1036494
OKLO,2026-07-09 15:30:00-04:00,49.92,49.93,49.17,49.23,904602
OKLO,2026-07-10 09:30:00-04:00,49.435,50.65,48.06,48.36,1531885
OKLO,2026-07-10 10:30:00-04:00,48.395,48.79,47.63,48.06,850047
OKLO,2026-07-10 11:30:00-04:00,48.065,48.113,47.665,47.9981,580556
OKLO,2026-07-10 12:30:00-04:00,48.0,48.23,47.89,48.105,549903
OKLO,2026-07-10 13:30:00-04:00,48.1,48.3,47.9501,48.1181,363002
OKLO,2026-07-10 14:30:00-04:00,48.119,48.9099,47.98,48.525,1224180
OKLO,2026-07-10 15:30:00-04:00,48.53,49.02,48.52,48.84,866904
OKLO,2026-07-13 09:30:00-04:00,47.72,48.12,45.975,47.145,2077274
OKLO,2026-07-13 10:30:00-04:00,47.14,47.24,46.48,46.6,775088
OKLO,2026-07-13 11:30:00-04:00,46.61,46.61,45.5235,45.61,1110122
OKLO,2026-07-13 12:30:00-04:00,45.58,45.82,45.0708,45.2525,1129019
OKLO,2026-07-13 13:30:00-04:00,45.255,45.63,45.15,45.405,891772
OKLO,2026-07-13 14:30:00-04:00,45.4,45.7377,45.37,45.64,1151057
OKLO,2026-07-13 15:30:00-04:00,45.64,46.06,45.27,45.84,1535475
OKLO,2026-07-14 09:30:00-04:00,46.96,47.4172,45.5,45.93,1758660
OKLO,2026-07-14 10:30:00-04:00,45.89,46.47,45.66,46.33,767787
OKLO,2026-07-14 11:30:00-04:00,46.32,46.37,45.7235,46.125,611128
OKLO,2026-07-14 12:30:00-04:00,46.13,46.23,45.44,45.835,632999
OKLO,2026-07-14 13:30:00-04:00,45.83,46.36,45.83,46.04,384296
OKLO,2026-07-14 14:30:00-04:00,46.045,46.11,45.69,45.69,428877
OKLO,2026-07-14 15:30:00-04:00,45.685,46.33,45.625,46.22,858044
OKLO,2026-07-15 09:30:00-04:00,46.79,47.52,45.5,45.89,1593529
OKLO,2026-07-15 10:30:00-04:00,45.91,46.1851,44.81,45.31,1054084
OKLO,2026-07-15 11:30:00-04:00,45.28,45.42,44.22,44.385,1068845
OKLO,2026-07-15 12:30:00-04:00,44.42,45.42,44.16,45.2451,738448
OKLO,2026-07-15 13:30:00-04:00,45.23,45.75,45.1984,45.62,437895
OKLO,2026-07-15 14:30:00-04:00,45.615,45.75,44.96,45.26,489545
OKLO,2026-07-15 15:30:00-04:00,45.27,45.73,45.2605,45.72,694209
OKLO,2026-07-16 09:30:00-04:00,44.3,44.3596,42.42,42.94,2217180
OKLO,2026-07-16 10:30:00-04:00,42.9,42.9499,41.7,42.05,1836278
OKLO,2026-07-16 11:30:00-04:00,42.045,42.2099,41.11,41.26,1506704
OKLO,2026-07-16 12:30:00-04:00,41.26,41.84,41.15,41.33,1245390
OKLO,2026-07-16 13:30:00-04:00,41.32,41.575,40.98,41.26,946686
OKLO,2026-07-16 14:30:00-04:00,41.25,41.56,41.1001,41.24,967507
OKLO,2026-07-16 15:30:00-04:00,41.24,41.745,40.98,41.695,1300679
OKLO,2026-07-17 09:30:00-04:00,40.48,42.05,39.53,40.98,3479554
OKLO,2026-07-17 10:30:00-04:00,40.98,41.25,40.1201,40.68,1058185
OKLO,2026-07-17 11:30:00-04:00,40.66,41.94,40.41,41.545,992100
OKLO,2026-07-17 12:30:00-04:00,41.54,42.59,41.35,42.48,885102
OKLO,2026-07-17 13:30:00-04:00,42.495,42.53,41.56,41.655,669513
OKLO,2026-07-17 14:30:00-04:00,41.64,41.8399,41.225,41.55,737342
OKLO,2026-07-17 15:30:00-04:00,41.56,41.7,41.105,41.105,885716
OKLO,2026-07-20 09:30:00-04:00,41.25,42.81,40.86,41.615,1737093
OKLO,2026-07-20 10:30:00-04:00,41.58,41.59,40.79,41.105,613782
OKLO,2026-07-20 11:30:00-04:00,41.13,41.49,40.75,41.2,684098
OKLO,2026-07-20 12:30:00-04:00,41.205,41.37,40.92,41.21,557126
OKLO,2026-07-20 13:30:00-04:00,41.2399,41.8713,41.1,41.6004,633994
OKLO,2026-07-20 14:30:00-04:00,41.58,41.58,41.01,41.4794,811542
OKLO,2026-07-20 15:30:00-04:00,41.39,41.54,41.13,41.53,917759
OKLO,2026-07-21 09:30:00-04:00,42.4,43.76,42.265,43.58,2350316
OKLO,2026-07-21 10:30:00-04:00,43.56,43.8301,43.171,43.58,868570
OKLO,2026-07-21 11:30:00-04:00,43.56,43.95,43.49,43.69,791103
OKLO,2026-07-21 12:30:00-04:00,43.685,44.08,43.645,43.765,707990
OKLO,2026-07-21 13:30:00-04:00,43.765,44.04,43.74,43.87,512955
OKLO,2026-07-21 14:30:00-04:00,43.87,43.92,43.07,43.365,645522
OKLO,2026-07-21 15:30:00-04:00,43.36,44.19,43.36,44.15,964024
OKLO,2026-07-22 09:30:00-04:00,45.5999,47.51,44.68,46.01,4306231
OKLO,2026-07-22 10:30:00-04:00,46.01,46.19,45.07,45.73,1404887
OKLO,2026-07-22 11:30:00-04:00,45.73,45.86,44.92,45.0642,789318
OKLO,2026-07-22 12:30:00-04:00,45.045,45.12,44.4,44.45,1070490
OKLO,2026-07-22 13:30:00-04:00,44.4301,44.565,44.081,44.48,831061
OKLO,2026-07-22 14:30:00-04:00,44.49,44.56,44.23,44.44,551208
OKLO,2026-07-22 15:30:00-04:00,44.43,44.62,44.25,44.51,952622
OKLO,2026-07-23 09:30:00-04:00,43.71,44.59,43.28,44.46,1641736
OKLO,2026-07-23 10:30:00-04:00,44.46,44.5,42.24,42.48,2218675
OKLO,2026-07-23 11:30:00-04:00,42.415,43.64,42.3304,43.64,681536
OKLO,2026-07-23 12:30:00-04:00,43.63,43.85,43.14,43.725,497882
OKLO,2026-07-23 13:30:00-04:00,43.69,43.73,43.34,43.46,415997
OKLO,2026-07-23 14:30:00-04:00,43.49,44.02,43.31,43.65,531482
OKLO,2026-07-23 15:30:00-04:00,43.65,44.095,43.5,44.02,865512
OKLO,2026-07-24 09:30:00-04:00,43.59,43.61,40.88,41.47,1996182
OKLO,2026-07-24 10:30:00-04:00,41.37,41.92,40.57,41.59,1246629
OKLO,2026-07-24 11:30:00-04:00,41.59,41.77,41.24,41.4037,678853
OKLO,2026-07-24 12:30:00-04:00,41.38,41.4891,40.7,41.075,779841
OKLO,2026-07-24 13:30:00-04:00,41.05,41.23,40.46,40.65,722781
OKLO,2026-07-24 14:30:00-04:00,40.63,40.91,40.2,40.775,1603652
OKLO,2026-07-24 15:30:00-04:00,40.75,40.86,40.15,40.26,1362956
OKLO,2026-07-27 09:30:00-04:00,40.8,42.635,40.53,40.89,2288146
OKLO,2026-07-27 10:30:00-04:00,40.9,40.97,40.1,40.57,1381110
OKLO,2026-07-27 11:30:00-04:00,40.56,41.41,40.16,41.38,675971
OKLO,2026-07-27 12:30:00-04:00,41.39,41.5999,40.67,40.8191,472222
OKLO,2026-07-27 13:30:00-04:00,40.78,41.1592,40.75,40.89,356460
OKLO,2026-07-27 14:30:00-04:00,40.89,41.65,40.652,41.645,556792
OKLO,2026-07-27 15:30:00-04:00,41.655,41.96,41.39,41.84,997098
OKLO,2026-07-28 09:30:00-04:00,40.39,40.6537,37.8,38.2,3273593
OKLO,2026-07-28 10:30:00-04:00,38.185,40.5,38.16,40.4,1175169
OKLO,2026-07-28 11:30:00-04:00,40.405,40.5399,39.86,39.94,647881
OKLO,2026-07-28 12:30:00-04:00,39.9,40.23,39.7,39.8865,431927
OKLO,2026-07-28 13:30:00-04:00,39.87,39.87,39.06,39.29,480537
OKLO,2026-07-28 14:30:00-04:00,39.29,39.79,39.285,39.69,511202
OKLO,2026-07-28 15:30:00-04:00,39.7,39.73,39.29,39.6,844644
OKLO,2026-07-29 09:30:00-04:00,38.99,39.45,38.21,38.34,1339925
OKLO,2026-07-29 10:30:00-04:00,38.37,38.6,37.92,37.92,770716
OKLO,2026-07-29 11:30:00-04:00,37.93,38.17,37.3014,37.67,860547
OKLO,2026-07-29 12:30:00-04:00,37.675,38.06,37.53,37.755,530391
OKLO,2026-07-29 13:30:00-04:00,37.73,38.75,37.66,38.086,1024391
OKLO,2026-07-29 14:30:00-04:00,38.11,39.41,37.72,37.97,1072178
OKLO,2026-07-29 15:30:00-04:00,37.98,37.9999,36.6102,36.82,1529552
OKLO,2026-07-30 09:30:00-04:00,38.15,41.43,37.6,41.155,2811065
OKLO,2026-07-30 10:30:00-04:00,41.14,41.25,40.18,40.23,1550201
OKLO,2026-07-30 11:30:00-04:00,40.21,41.0895,40.2,41.045,933607
OKLO,2026-07-30 12:30:00-04:00,41.0,41.06,40.52,40.92,595680
OKLO,2026-07-30 13:30:00-04:00,40.94,40.97,40.5601,40.74,449650
OKLO,2026-07-30 14:30:00-04:00,40.74,41.39,40.51,41.31,631091
OKLO,2026-07-30 15:30:00-04:00,41.315,41.57,41.01,41.12,1333420
OKLO,2026-07-31 09:30:00-04:00,42.04,42.48,39.03,39.51,2065101
OKLO,2026-07-31 10:30:00-04:00,39.56,39.89,39.05,39.1583,880801
OKLO,2026-07-31 11:30:00-04:00,39.165,39.4579,38.93,39.41,720888
OKLO,2026-07-31 12:30:00-04:00,39.44,39.68,39.135,39.655,551147
OKLO,2026-07-31 13:30:00-04:00,39.6246,40.04,39.59,39.84,592274
OKLO,2026-07-31 14:30:00-04:00,39.84,39.95,39.54,39.695,551251
OKLO,2026-07-31 15:30:00-04:00,39.67,39.7,38.83,38.84,1093752
OKLO,2026-08-03 09:30:00-04:00,38.8,40.75,38.01,40.715,1963350
OKLO,2026-08-03 10:30:00-04:00,40.71,41.96,40.635,40.83,1409413
OKLO,2026-08-03 11:30:00-04:00,40.84,41.73,40.8005,41.68,898499
OKLO,2026-08-03 12:30:00-04:00,41.66,41.785,41.18,41.65,667294
OKLO,2026-08-03 13:30:00-04:00,41.655,42.05,41.59,41.6202,687971
OKLO,2026-08-03 14:30:00-04:00,41.61,41.72,41.27,41.525,717522
OKLO,2026-08-03 15:30:00-04:00,41.54,41.76,41.202,41.22,882021
OKLO,2026-08-04 09:30:00-04:00,42.11,43.633,41.7,42.389,2054195
OKLO,2026-08-04 10:30:00-04:00,42.43,43.22,42.15,42.975,811198
OKLO,2026-08-04 11:30:00-04:00,42.975,43.71,42.9499,43.42,930058
OKLO,2026-08-04 12:30:00-04:00,43.42,43.83,43.35,43.71,655445
OKLO,2026-08-04 13:30:00-04:00,43.71,43.87,43.46,43.755,597904
OKLO,2026-08-04 14:30:00-04:00,43.755,44.24,43.4,43.675,800336
OKLO,2026-08-04 15:30:00-04:00,43.7,43.73,43.33,43.33,1038271
OKLO,2026-08-05 09:30:00-04:00,43.03,44.16,42.42,43.56,1354011
OKLO,2026-08-05 10:30:00-04:00,43.575,43.67,42.7,43.41,692499
OKLO,2026-08-05 11:30:00-04:00,43.44,43.62,43.18,43.473,392507
OKLO,2026-08-05 12:30:00-04:00,43.5,43.52,42.85,43.24,370256
OKLO,2026-08-05 13:30:00-04:00,43.21,43.53,43.15,43.46,322755
OKLO,2026-08-05 14:30:00-04:00,43.45,43.565,43.11,43.43,391206
OKLO,2026-08-05 15:30:00-04:00,43.41,43.5,42.96,42.99,984432
OKLO,2026-08-06 09:30:00-04:00,43.34,44.03,41.6002,42.64,4022338
OKLO,2026-08-06 10:30:00-04:00,42.64,43.65,42.47,43.565,1334778
OKLO,2026-08-06 11:30:00-04:00,43.59,43.7115,42.25,42.39,955796
OKLO,2026-08-06 12:30:00-04:00,42.37,42.85,42.25,42.64,602293
OKLO,2026-08-06 13:30:00-04:00,42.63,42.81,42.1,42.45,701228
OKLO,2026-08-06 14:30:00-04:00,42.45,42.5,42.08,42.105,674970
OKLO,2026-08-06 15:30:00-04:00,42.12,42.24,41.83,42.18,1338488
OKLO,2026-08-07 09:30:00-04:00,44.29,46.28,43.85,46.135,5288615
OKLO,2026-08-07 10:30:00-04:00,46.1448,47.73,45.1,47.7,2764374
OKLO,2026-08-07 11:30:00-04:00,47.72,48.72,47.4,48.26,3463235
OKLO,2026-08-07 12:30:00-04:00,48.23,48.81,47.85,48.0,1838540
OKLO,2026-08-07 13:30:00-04:00,47.95,48.92,47.7,48.605,1360363
OKLO,2026-08-07 14:30:00-04:00,48.61,49.48,48.19,49.3,1805535
OKLO,2026-08-07 15:30:00-04:00,49.23,49.23,48.02,48.45,2338418
OKLO,2026-08-10 09:30:00-04:00,47.23,47.45,44.4,45.395,5064257
OKLO,2026-08-10 10:30:00-04:00,45.3976,45.69,44.65,44.67,1805940
OKLO,2026-08-10 11:30:00-04:00,44.67,44.93,44.2,44.345,1376996
OKLO,2026-08-10 12:30:00-04:00,44.35,45.19,44.13,45.1845,1150720
OKLO,2026-08-10 13:30:00-04:00,45.1659,45.32,44.78,44.83,840781
OKLO,2026-08-10 14:30:00-04:00,44.84,45.07,44.59,44.9,943555
OKLO,2026-08-10 15:30:00-04:00,44.91,44.98,44.49,44.51,1097710
OKLO,2026-08-11 09:30:00-04:00,45.0,46.2784,44.27,46.07,2218845
OKLO,2026-08-11 10:30:00-04:00,46.04,47.04,45.77,46.41,2295648
OKLO,2026-08-11 11:30:00-04:00,46.415,46.955,46.12,46.7,1073942
OKLO,2026-08-11 12:30:00-04:00,46.6953,46.866,46.38,46.83,714200
OKLO,2026-08-11 13:30:00-04:00,46.8,46.83,46.41,46.53,562055
OKLO,2026-08-11 14:30:00-04:00,46.55,47.41,46.53,47.19,1062776
OKLO,2026-08-11 15:30:00-04:00,47.195,47.28,46.64,47.005,1088734
OKLO,2026-08-12 09:30:00-04:00,47.92,48.19,45.84,45.965,2230982
OKLO,2026-08-12 10:30:00-04:00,45.98,46.01,45.4,45.43,1134506
OKLO,2026-08-12 11:30:00-04:00,45.46,45.8899,44.93,45.465,1106979
OKLO,2026-08-12 12:30:00-04:00,45.48,45.9795,45.44,45.75,508437
OKLO,2026-08-12 13:30:00-04:00,45.77,45.99,45.6,45.785,492211
OKLO,2026-08-12 14:30:00-04:00,45.78,45.91,45.3421,45.485,502736
OKLO,2026-08-12 15:30:00-04:00,45.485,45.485,44.51,45.11,1271185
OKLO,2026-08-13 09:30:00-04:00,44.92,46.51,44.38,46.115,2027338
OKLO,2026-08-13 10:30:00-04:00,46.09,46.09,45.09,45.225,919879
OKLO,2026-08-13 11:30:00-04:00,45.22,45.7,45.09,45.55,741845
OKLO,2026-08-13 12:30:00-04:00,45.55,46.38,45.355,46.13,626711
OKLO,2026-08-13 13:30:00-04:00,46.15,46.9,45.96,46.66,935050
OKLO,2026-08-13 14:30:00-04:00,46.68,47.72,46.6501,47.07,1621321
OKLO,2026-08-13 15:30:00-04:00,47.03,47.03,46.46,46.47,1338151
OKLO,2026-08-14 09:30:00-04:00,46.51,47.26,46.16,46.629,1412134
OKLO,2026-08-14 10:30:00-04:00,46.615,46.85,45.8,45.905,838523
OKLO,2026-08-14 11:30:00-04:00,45.93,46.17,45.68,45.775,736423
OKLO,2026-08-14 12:30:00-04:00,45.79,45.835,45.11,45.185,643652
OKLO,2026-08-14 13:30:00-04:00,45.185,45.24,44.87,44.89,703918
OKLO,2026-08-14 14:30:00-04:00,44.89,44.9,44.34,44.78,1054317
OKLO,2026-08-14 15:30:00-04:00,44.78,45.0,44.315,44.36,1236516
OKLO,2026-08-17 09:30:00-04:00,44.1,44.658,43.5,43.835,1742099
OKLO,2026-08-17 10:30:00-04:00,43.86,44.2712,43.6,44.06,1019800
OKLO,2026-08-17 11:30:00-04:00,44.08,44.495,43.9,44.2601,558245
OKLO,2026-08-17 12:30:00-04:00,44.24,44.52,44.12,44.13,410647
OKLO,2026-08-17 13:30:00-04:00,44.14,44.36,43.88,44.0,338525
OKLO,2026-08-17 14:30:00-04:00,44.01,44.07,43.6,43.75,626818
OKLO,2026-08-17 15:30:00-04:00,43.7451,43.93,43.73,43.9,746267
OKLO,2026-08-18 09:30:00-04:00,42.07,42.99,41.3356,41.8,2043988
OKLO,2026-08-18 10:30:00-04:00,41.8,41.91,41.17,41.41,772579
OKLO,2026-08-18 11:30:00-04:00,41.4063,41.835,41.3,41.53,642211
OKLO,2026-08-18 12:30:00-04:00,41.52,41.9587,41.43,41.58,533380
OKLO,2026-08-18 13:30:00-04:00,41.57,41.67,41.21,41.33,646335
OKLO,2026-08-18 14:30:00-04:00,41.3372,41.67,41.18,41.405,958291
OKLO,2026-08-18 15:30:00-04:00,41.38,41.67,41.28,41.38,952666
OKLO,2026-08-19 09:30:00-04:00,41.15,41.94,40.3,40.85,1914907
OKLO,2026-08-19 10:30:00-04:00,40.8736,42.26,40.75,42.15,1155014
OKLO,2026-08-19 11:30:00-04:00,42.135,42.7051,41.64,42.61,940795
OKLO,2026-08-19 12:30:00-04:00,42.57,42.77,41.9009,42.14,578997
OKLO,2026-08-19 13:30:00-04:00,42.13,42.58,42.0,42.17,443144
OKLO,2026-08-19 14:30:00-04:00,42.17,42.549,41.885,42.45,476769
OKLO,2026-08-19 15:30:00-04:00,42.46,43.02,42.42,43.0,1089675
OKLO,2026-08-20 09:30:00-04:00,42.3,42.83,41.2413,41.41,1440559
OKLO,2026-08-20 10:30:00-04:00,41.37,42.03,41.31,41.67,746625
OKLO,2026-08-20 11:30:00-04:00,41.6512,41.7,40.78,40.96,886464
OKLO,2026-08-20 12:30:00-04:00,40.96,41.3199,40.81,40.89,414919
OKLO,2026-08-20 13:30:00-04:00,40.86,41.15,40.77,41.01,425519
OKLO,2026-08-20 14:30:00-04:00,40.98,41.35,40.77,41.305,548919
OKLO,2026-08-20 15:30:00-04:00,41.29,41.705,41.26,41.67,934866
OKLO,2026-08-21 09:30:00-04:00,42.04,43.68,41.5,41.89,1984016
OKLO,2026-08-21 10:30:00-04:00,41.88,42.365,41.39,42.03,875268
OKLO,2026-08-21 11:30:00-04:00,42.035,42.95,41.98,42.605,791596
OKLO,2026-08-21 12:30:00-04:00,42.6,42.9399,42.4,42.47,458484
OKLO,2026-08-21 13:30:00-04:00,42.48,42.73,42.18,42.38,492180
OKLO,2026-08-21 14:30:00-04:00,42.37,42.45,42.03,42.3,428645
OKLO,2026-08-21 15:30:00-04:00,42.31,42.405,42.07,42.12,650734
OKLO,2026-08-24 09:30:00-04:00,41.135,41.3,39.42,40.03,2314384
OKLO,2026-08-24 10:30:00-04:00,40.0,40.58,39.76,40.505,1036855
OKLO,2026-08-24 11:30:00-04:00,40.5,40.62,40.22,40.38,617302
OKLO,2026-08-24 12:30:00-04:00,40.39,40.405,39.82,39.8925,543420
OKLO,2026-08-24 13:30:00-04:00,39.885,40.25,39.8264,40.18,432280
OKLO,2026-08-24 14:30:00-04:00,40.19,40.33,39.95,40.07,464154
OKLO,2026-08-24 15:30:00-04:00,40.07,40.18,39.63,39.71,926785
OKLO,2026-08-25 09:30:00-04:00,40.76,41.4,40.06,41.288,1409906
OKLO,2026-08-25 10:30:00-04:00,41.255,43.2799,40.93,43.05,2874141
OKLO,2026-08-25 11:30:00-04:00,43.04,43.17,42.61,43.055,992306
OKLO,2026-08-25 12:30:00-04:00,43.03,44.3,42.97,44.135,1539758
OKLO,2026-08-25 13:30:00-04:00,44.13,44.85,44.1,44.5081,2031106
OKLO,2026-08-25 14:30:00-04:00,44.53,44.79,43.58,44.265,1448157
OKLO,2026-08-25 15:30:00-04:00,44.28,44.5799,44.125,44.28,1636915
OKLO,2026-08-26 09:30:00-04:00,44.99,46.2,42.81,43.065,6225118
OKLO,2026-08-26 10:30:00-04:00,43.04,43.4199,42.14,42.375,1991833
OKLO,2026-08-26 11:30:00-04:00,42.38,42.4,41.6001,41.64,2614610
OKLO,2026-08-26 12:30:00-04:00,41.665,41.73,41.36,41.58,1179164
OKLO,2026-08-26 13:30:00-04:00,41.58,41.75,41.15,41.16,1625827
OKLO,2026-08-26 14:30:00-04:00,41.15,41.53,41.08,41.46,1297834
OKLO,2026-08-26 15:30:00-04:00,41.455,41.64,41.18,41.61,1663441
OKLO,2026-08-27 09:30:00-04:00,42.0,43.65,41.1,43.65,3299906
OKLO,2026-08-27 10:30:00-04:00,43.66,43.89,42.75,42.87,1499053
OKLO,2026-08-27 11:30:00-04:00,42.87,43.2885,42.55,43.275,829042
OKLO,2026-08-27 12:30:00-04:00,43.26,43.73,43.117,43.325,834043
OKLO,2026-08-27 13:30:00-04:00,43.32,43.42,42.2101,42.41,715129
OKLO,2026-08-27 14:30:00-04:00,42.4,42.86,42.2941,42.63,511673
OKLO,2026-08-27 15:30:00-04:00,42.65,42.8,42.43,42.525,934836
OKLO,2026-08-28 09:30:00-04:00,42.0,42.67,40.78,41.19,2757889
OKLO,2026-08-28 10:30:00-04:00,41.13,41.7599,40.81,41.15,1144212
OKLO,2026-08-28 11:30:00-04:00,41.15,41.16,40.33,40.54,1411503
OKLO,2026-08-28 12:30:00-04:00,40.55,40.9577,40.365,40.5071,1076200
OKLO,2026-08-28 13:30:00-04:00,40.51,40.695,39.685,39.875,1277643
OKLO,2026-08-28 14:30:00-04:00,39.88,39.96,39.51,39.8299,1027799
OKLO,2026-08-28 15:30:00-04:00,39.825,40.18,39.7,40.11,1232076
OKLO,2026-08-31 09:30:00-04:00,39.6,40.95,39.5,40.3699,1843814
OKLO,2026-08-31 10:30:00-04:00,40.335,40.63,40.14,40.45,716361
OKLO,2026-08-31 11:30:00-04:00,40.45,40.68,40.34,40.495,530878
OKLO,2026-08-31 12:30:00-04:00,40.5075,40.72,40.36,40.37,399717
OKLO,2026-08-31 13:30:00-04:00,40.38,40.7,40.25,40.37,421444
OKLO,2026-08-31 14:30:00-04:00,40.37,40.66,40.28,40.445,331491
OKLO,2026-08-31 15:30:00-04:00,40.44,40.77,40.39,40.59,745210
OKLO,2026-09-01 09:30:00-04:00,39.35,39.35,38.05,38.65,2822192
OKLO,2026-09-01 10:30:00-04:00,38.66,39.02,38.6056,38.7,825000
OKLO,2026-09-01 11:30:00-04:00,38.6933,39.18,38.4,38.48,783663
OKLO,2026-09-01 12:30:00-04:00,38.48,38.61,38.31,38.57,761058
OKLO,2026-09-01 13:30:00-04:00,38.5301,38.71,38.4,38.4575,424568
OKLO,2026-09-01 14:30:00-04:00,38.46,38.75,38.31,38.72,532941
OKLO,2026-09-01 15:30:00-04:00,38.71,38.75,38.44,38.55,740074
OKLO,2026-09-02 09:30:00-04:00,38.04,39.35,37.76,38.86,1960098
OKLO,2026-09-02 10:30:00-04:00,38.85,38.96,38.3542,38.375,717864
OKLO,2026-09-02 11:30:00-04:00,38.375,38.67,38.2,38.5,559525
OKLO,2026-09-02 12:30:00-04:00,38.5,38.87,38.5,38.775,393122
OKLO,2026-09-02 13:30:00-04:00,38.775,39.43,38.735,39.39,558633
OKLO,2026-09-02 14:30:00-04:00,39.366,39.58,39.26,39.4,633160
OKLO,2026-09-02 15:30:00-04:00,39.39,39.72,39.35,39.52,895107
OKLO,2026-09-03 09:30:00-04:00,39.95,40.89,39.58,40.37,1806912
OKLO,2026-09-03 10:30:00-04:00,40.37,40.76,40.11,40.55,919904
OKLO,2026-09-03 11:30:00-04:00,40.53,40.63,40.02,40.08,630936
OKLO,2026-09-03 12:30:00-04:00,40.1,40.26,39.81,39.95,507669
OKLO,2026-09-03 13:30:00-04:00,39.96,40.14,39.58,39.595,739417
OKLO,2026-09-03 14:30:00-04:00,39.595,39.9387,39.46,39.9297,680265
OKLO,2026-09-03 15:30:00-04:00,39.9,40.04,39.7,39.83,941546
SMR,2026-07-06 09:30:00-04:00,9.72,10.1199,9.65,9.885,7405253
SMR,2026-07-06 10:30:00-04:00,9.889,9.9399,9.77,9.87,1819471
SMR,2026-07-06 11:30:00-04:00,9.87,9.95,9.8,9.845,1276711
SMR,2026-07-06 12:30:00-04:00,9.85,9.875,9.69,9.695,2097936
SMR,2026-07-06 13:30:00-04:00,9.69,9.73,9.59,9.66,1965848
SMR,2026-07-06 14:30:00-04:00,9.655,9.66,9.55,9.65,1970664
SMR,2026-07-06 15:30:00-04:00,9.655,9.69,9.57,9.605,3649154
SMR,2026-07-07 09:30:00-04:00,9.39,9.4582,8.6703,8.738,12330347
SMR,2026-07-07 10:30:00-04:00,8.735,8.9,8.64,8.805,4803656
SMR,2026-07-07 11:30:00-04:00,8.805,8.98,8.7403,8.96,2900706
SMR,2026-07-07 12:30:00-04:00,8.955,9.08,8.925,9.025,1691499
SMR,2026-07-07 13:30:00-04:00,9.03,9.2,9.01,9.09,1693179
SMR,2026-07-07 14:30:00-04:00,9.09,9.1,8.905,8.935,2129504
SMR,2026-07-07 15:30:00-04:00,8.935,9.0085,8.905,8.96,2083492
SMR,2026-07-08 09:30:00-04:00,8.755,9.07,8.68,8.85,5179288
SMR,2026-07-08 10:30:00-04:00,8.85,8.88,8.58,8.605,2697897
SMR,2026-07-08 11:30:00-04:00,8.605,8.695,8.5503,8.675,1974956
SMR,2026-07-08 12:30:00-04:00,8.675,8.749,8.62,8.745,1463359
SMR,2026-07-08 13:30:00-04:00,8.75,8.78,8.65,8.735,1487987
SMR,2026-07-08 14:30:00-04:00,8.735,8.82,8.69,8.805,1505591
SMR,2026-07-08 15:30:00-04:00,8.808,8.815,8.755,8.755,2101431
SMR,2026-07-09 09:30:00-04:00,8.88,8.98,8.69,8.88,5406320
SMR,2026-07-09 10:30:00-04:00,8.875,9.115,8.83,9.0664,2739085
SMR,2026-07-09 11:30:00-04:00,9.07,9.17,9.02,9.1,1612520
SMR,2026-07-09 12:30:00-04:00,9.1,9.18,9.05,9.145,1107694
SMR,2026-07-09 13:30:00-04:00,9.15,9.19,9.1,9.14,1198844
SMR,2026-07-09 14:30:00-04:00,9.15,9.18,9.02,9.035,2419152
SMR,2026-07-09 15:30:00-04:00,9.035,9.07,8.935,9.045,3348289
SMR,2026-07-10 09:30:00-04:00,9.17,9.24,8.82,8.94,4526669
SMR,2026-07-10 10:30:00-04:00,8.93,9.0,8.765,8.85,2777041
SMR,2026-07-10 11:30:00-04:00,8.845,8.917,8.78,8.905,1702941
SMR,2026-07-10 12:30:00-04:00,8.905,9.07,8.905,9.045,3322663
SMR,2026-07-10 13:30:00-04:00,9.045,9.07,8.95,8.99,2977046
SMR,2026-07-10 14:30:00-04:00,8.985,9.06,8.97,9.055,4785594
SMR,2026-07-10 15:30:00-04:00,9.0501,9.135,9.02,9.025,3604542
SMR,2026-07-13 09:30:00-04:00,8.87,8.965,8.58,8.755,5403542
SMR,2026-07-13 10:30:00-04:00,8.755,8.8,8.595,8.605,3685991
SMR,2026-07-13 11:30:00-04:00,8.605,8.645,8.42,8.4401,4899102
SMR,2026-07-13 12:30:00-04:00,8.44,8.51,8.36,8.39,5751096
SMR,2026-07-13 13:30:00-04:00,8.385,8.42,8.33,8.345,5053281
SMR,2026-07-13 14:30:00-04:00,8.34,8.4,8.27,8.3,5553150
SMR,2026-07-13 15:30:00-04:00,8.305,8.43,8.27,8.375,5232092
SMR,2026-07-14 09:30:00-04:00,8.6,8.69,8.375,8.415,5378463
SMR,2026-07-14 10:30:00-04:00,8.415,8.56,8.39,8.555,3691321
SMR,2026-07-14 11:30:00-04:00,8.55,8.64,8.46,8.635,2882409
SMR,2026-07-14 12:30:00-04:00,8.63,8.66,8.5,8.58,3744080
SMR,2026-07-14 13:30:00-04:00,8.5897,8.62,8.54,8.565,1556306
SMR,2026-07-14 14:30:00-04:00,8.565,8.625,8.48,8.515,2032831
SMR,2026-07-14 15:30:00-04:00,8.51,8.64,8.47,8.595,2715536
SMR,2026-07-15 09:30:00-04:00,8.59,8.91,8.42,8.475,4743764
SMR,2026-07-15 10:30:00-04:00,8.48,8.555,8.27,8.3398,2864365
SMR,2026-07-15 11:30:00-04:00,8.34,8.39,8.1,8.13,3466726
SMR,2026-07-15 12:30:00-04:00,8.125,8.32,8.07,8.285,2688972
SMR,2026-07-15 13:30:00-04:00,8.285,8.435,8.281,8.405,1437619
SMR,2026-07-15 14:30:00-04:00,8.405,8.435,8.255,8.29,1346612
SMR,2026-07-15 15:30:00-04:00,8.3,8.4,8.3,8.345,2220139
SMR,2026-07-16 09:30:00-04:00,8.12,8.13,7.72,7.815,6466354
SMR,2026-07-16 10:30:00-04:00,7.81,7.8177,7.6301,7.67,3410552
SMR,2026-07-16 11:30:00-04:00,7.67,7.71,7.54,7.58,2976851
SMR,2026-07-16 12:30:00-04:00,7.58,7.63,7.52,7.565,2899767
SMR,2026-07-16 13:30:00-04:00,7.565,7.64,7.52,7.62,3273610
SMR,2026-07-16 14:30:00-04:00,7.61,7.62,7.55,7.575,3391865
SMR,2026-07-16 15:30:00-04:00,7.575,7.64,7.535,7.635,3716757
SMR,2026-07-17 09:30:00-04:00,7.41,7.69,7.21,7.555,6191205
SMR,2026-07-17 10:30:00-04:00,7.55,7.615,7.445,7.545,2295219
SMR,2026-07-17 11:30:00-04:00,7.54,7.75,7.5,7.705,1929478
SMR,2026-07-17 12:30:00-04:00,7.71,7.9,7.65,7.895,2171818
SMR,2026-07-17 13:30:00-04:00,7.895,7.9,7.79,7.8125,3076867
SMR,2026-07-17 14:30:00-04:00,7.81,7.85,7.7214,7.78,2280476
SMR,2026-07-17 15:30:00-04:00,7.79,7.82,7.71,7.715,2335086
SMR,2026-07-20 09:30:00-04:00,7.77,7.945,7.575,7.715,4236481
SMR,2026-07-20 10:30:00-04:00,7.715,7.785,7.64,7.7803,1970524
SMR,2026-07-20 11:30:00-04:00,7.7801,7.94,7.72,7.885,6059818
SMR,2026-07-20 12:30:00-04:00,7.89,7.99,7.85,7.935,4720527
SMR,2026-07-20 13:30:00-04:00,7.935,8.08,7.905,8.0301,4165746
SMR,2026-07-20 14:30:00-04:00,8.0301,8.07,7.9,7.945,7850401
SMR,2026-07-20 15:30:00-04:00,7.945,8.01,7.89,7.955,4968991
SMR,2026-07-21 09:30:00-04:00,8.1,8.48,8.1,8.47,4332171
SMR,2026-07-21 10:30:00-04:00,8.475,8.54,8.425,8.485,2711436
SMR,2026-07-21 11:30:00-04:00,8.49,8.62,8.45,8.57,5298475
SMR,2026-07-21 12:30:00-04:00,8.5701,8.71,8.56,8.655,4511145
SMR,2026-07-21 13:30:00-04:00,8.66,8.7201,8.6201,8.635,4665289
SMR,2026-07-21 14:30:00-04:00,8.635,8.66,8.52,8.5301,4282972
SMR,2026-07-21 15:30:00-04:00,8.535,8.74,8.52,8.705,6129904
SMR,2026-07-22 09:30:00-04:00,8.74,8.95,8.6314,8.735,5074220
SMR,2026-07-22 10:30:00-04:00,8.725,8.855,8.6,8.835,4448649
SMR,2026-07-22 11:30:00-04:00,8.84,8.8799,8.655,8.6901,5279204
SMR,2026-07-22 12:30:00-04:00,8.695,8.72,8.57,8.605,6617635
SMR,2026-07-22 13:30:00-04:00,8.6,8.61,8.505,8.5401,4990190
SMR,2026-07-22 14:30:00-04:00,8.545,8.61,8.505,8.545,6420396
SMR,2026-07-22 15:30:00-04:00,8.54,8.6899,8.54,8.68,4936205
SMR,2026-07-23 09:30:00-04:00,8.49,8.85,8.48,8.77,5378788
SMR,2026-07-23 10:30:00-04:00,8.775,8.795,8.36,8.405,4549314
SMR,2026-07-23 11:30:00-04:00,8.4024,8.79,8.39,8.78,4500423
SMR,2026-07-23 12:30:00-04:00,8.785,8.876,8.645,8.835,2970880
SMR,2026-07-23 13:30:00-04:00,8.835,8.835,8.7103,8.73,1787728
SMR,2026-07-23 14:30:00-04:00,8.735,8.92,8.7,8.87,5808362
SMR,2026-07-23 15:30:00-04:00,8.875,8.92,8.72,8.8,2948071
SMR,2026-07-24 09:30:00-04:00,8.69,8.805,8.28,8.38,3821308
SMR,2026-07-24 10:30:00-04:00,8.375,8.46,8.155,8.41,6729077
SMR,2026-07-24 11:30:00-04:00,8.4,8.4857,8.36,8.455,5424223
SMR,2026-07-24 12:30:00-04:00,8.45,8.46,8.29,8.345,4973981
SMR,2026-07-24 13:30:00-04:00,8.34,8.375,8.22,8.2399,2112342
SMR,2026-07-24 14:30:00-04:00,8.2399,8.2399,8.1,8.18,4491055
SMR,2026-07-24 15:30:00-04:00,8.18,8.2099,8.07,8.1,4138779
SMR,2026-07-27 09:30:00-04:00,8.325,8.64,8.27,8.27,5951501
SMR,2026-07-27 10:30:00-04:00,8.28,8.29,8.0799,8.145,4567998
SMR,2026-07-27 11:30:00-04:00,8.14,8.35,8.06,8.33,5056670
SMR,2026-07-27 12:30:00-04:00,8.335,8.45,8.255,8.265,3724891
SMR,2026-07-27 13:30:00-04:00,8.265,8.37,8.265,8.31,3115244
SMR,2026-07-27 14:30:00-04:00,8.315,8.515,8.275,8.515,3275727
SMR,2026-07-27 15:30:00-04:00,8.52,8.585,8.44,8.53,2780610
SMR,2026-07-28 09:30:00-04:00,8.085,8.1,7.8,7.895,5880297
SMR,2026-07-28 10:30:00-04:00,7.8998,8.39,7.875,8.375,5623243
SMR,2026-07-28 11:30:00-04:00,8.375,8.42,8.215,8.225,3093622
SMR,2026-07-28 12:30:00-04:00,8.22,8.31,8.17,8.275,1263612
SMR,2026-07-28 13:30:00-04:00,8.27,8.28,8.07,8.0987,1864611
SMR,2026-07-28 14:30:00-04:00,8.1,8.2399,8.08,8.225,3416867
SMR,2026-07-28 15:30:00-04:00,8.23,8.25,8.13,8.21,3698721
SMR,2026-07-29 09:30:00-04:00,8.0,8.335,7.96,8.025,5247045
SMR,2026-07-29 10:30:00-04:00,8.025,8.08,7.905,7.916,3802593
SMR,2026-07-29 11:30:00-04:00,7.92,7.94,7.6902,7.8,3708174
SMR,2026-07-29 12:30:00-04:00,7.8,7.83,7.69,7.73,3495648
SMR,2026-07-29 13:30:00-04:00,7.735,7.975,7.69,7.7999,4734569
SMR,2026-07-29 14:30:00-04:00,7.8,8.115,7.73,7.8,3027103
SMR,2026-07-29 15:30:00-04:00,7.8,7.815,7.54,7.585,4451814
SMR,2026-07-30 09:30:00-04:00,7.89,8.39,7.79,8.34,7049225
SMR,2026-07-30 10:30:00-04:00,8.345,8.425,8.19,8.315,4634926
SMR,2026-07-30 11:30:00-04:00,8.315,8.445,8.31,8.405,5057879
SMR,2026-07-30 12:30:00-04:00,8.4,8.52,8.295,8.4722,4938125
SMR,2026-07-30 13:30:00-04:00,8.47,8.53,8.4,8.4597,2527775
SMR,2026-07-30 14:30:00-04:00,8.455,8.645,8.45,8.605,3332156
SMR,2026-07-30 15:30:00-04:00,8.6,8.675,8.56,8.615,3743260
SMR,2026-07-31 09:30:00-04:00,8.875,9.01,8.385,8.46,6360572
SMR,2026-07-31 10:30:00-04:00,8.46,8.6,8.42,8.46,3849681
SMR,2026-07-31 11:30:00-04:00,8.45,8.56,8.4,8.56,2785689
SMR,2026-07-31 12:30:00-04:00,8.555,8.64,8.51,8.615,1984902
SMR,2026-07-31 13:30:00-04:00,8.615,8.755,8.5901,8.675,1956717
SMR,2026-07-31 14:30:00-04:00,8.675,8.75,8.63,8.66,2235034
SMR,2026-07-31 15:30:00-04:00,8.66,8.67,8.42,8.43,3455263
SMR,2026-08-03 09:30:00-04:00,8.47,8.865,8.29,8.855,7213827
SMR,2026-08-03 10:30:00-04:00,8.8503,9.13,8.8201,8.875,5062154
SMR,2026-08-03 11:30:00-04:00,8.875,9.04,8.85,9.015,2215406
SMR,2026-08-03 12:30:00-04:00,9.02,9.07,8.93,9.055,2501223
SMR,2026-08-03 13:30:00-04:00,9.0502,9.13,9.0324,9.0408,1964994
SMR,2026-08-03 14:30:00-04:00,9.04,9.07,8.91,9.02,2817624
SMR,2026-08-03 15:30:00-04:00,9.03,9.09,8.96,9.025,3145782
SMR,2026-08-04 09:30:00-04:00,9.19,9.54,9.19,9.365,5751361
SMR,2026-08-04 10:30:00-04:00,9.365,9.45,9.3,9.415,2436397
SMR,2026-08-04 11:30:00-04:00,9.415,9.57,9.39,9.51,2931340
SMR,2026-08-04 12:30:00-04:00,9.505,9.63,9.49,9.545,2097044
SMR,2026-08-04 13:30:00-04:00,9.55,9.58,9.48,9.555,1508164
SMR,2026-08-04 14:30:00-04:00,9.56,9.71,9.495,9.545,3835414
SMR,2026-08-04 15:30:00-04:00,9.545,9.6,9.49,9.495,3561213
SMR,2026-08-05 09:30:00-04:00,9.42,9.47,9.09,9.38,5232571
SMR,2026-08-05 10:30:00-04:00,9.37,9.44,9.2602,9.38,2564234
SMR,2026-08-05 11:30:00-04:00,9.38,9.436,9.28,9.425,3012005
SMR,2026-08-05 12:30:00-04:00,9.425,9.435,9.27,9.33,3352339
SMR,2026-08-05 13:30:00-04:00,9.33,9.415,9.32,9.375,4076248
SMR,2026-08-05 14:30:00-04:00,9.375,9.49,9.32,9.475,4136581
SMR,2026-08-05 15:30:00-04:00,9.47,9.505,9.325,9.38,5504329
SMR,2026-08-06 09:30:00-04:00,9.335,9.865,9.18,9.51,11271749
SMR,2026-08-06 10:30:00-04:00,9.52,9.598,9.315,9.42,4233196
SMR,2026-08-06 11:30:00-04:00,9.43,9.475,9.2,9.23,2971517
SMR,2026-08-06 12:30:00-04:00,9.23,9.48,9.15,9.425,2962685
SMR,2026-08-06 13:30:00-04:00,9.425,9.52,9.36,9.395,2875834
SMR,2026-08-06 14:30:00-04:00,9.395,9.455,9.315,9.375,2439597
SMR,2026-08-06 15:30:00-04:00,9.38,9.59,9.35,9.48,4285605
SMR,2026-08-07 09:30:00-04:00,9.685,9.9,9.365,9.57,7253949
SMR,2026-08-07 10:30:00-04:00,9.565,9.85,9.44,9.845,3885387
SMR,2026-08-07 11:30:00-04:00,9.85,10.025,9.83,9.9,5724899
SMR,2026-08-07 12:30:00-04:00,9.91,10.0,9.83,9.83,3215722
SMR,2026-08-07 13:30:00-04:00,9.83,9.8913,9.79,9.8,2127906
SMR,2026-08-07 14:30:00-04:00,9.8,9.92,9.74,9.855,2999892
SMR,2026-08-07 15:30:00-04:00,9.855,9.855,9.67,9.82,3587388
SMR,2026-08-10 09:30:00-04:00,9.79,9.87,9.2198,9.5002,7022735
SMR,2026-08-10 10:30:00-04:00,9.505,9.565,9.35,9.365,2412895
SMR,2026-08-10 11:30:00-04:00,9.365,9.4,9.27,9.285,1810866
SMR,2026-08-10 12:30:00-04:00,9.28,9.35,9.24,9.2662,1849801
SMR,2026-08-10 13:30:00-04:00,9.265,9.285,9.22,9.235,2230370
SMR,2026-08-10 14:30:00-04:00,9.235,9.3,9.22,9.2744,1636681
SMR,2026-08-10 15:30:00-04:00,9.28,9.285,9.18,9.18,2257876
SMR,2026-08-11 09:30:00-04:00,9.36,9.6,9.17,9.575,4598769
SMR,2026-08-11 10:30:00-04:00,9.58,9.69,9.49,9.605,3814382
SMR,2026-08-11 11:30:00-04:00,9.605,9.68,9.53,9.62,2684917
SMR,2026-08-11 12:30:00-04:00,9.62,9.64,9.565,9.625,1801035
SMR,2026-08-11 13:30:00-04:00,9.63,9.655,9.55,9.555,2072838
SMR,2026-08-11 14:30:00-04:00,9.56,9.81,9.5501,9.765,4086687
SMR,2026-08-11 15:30:00-04:00,9.77,9.95,9.745,9.91,3674412
SMR,2026-08-12 09:30:00-04:00,9.835,9.94,9.38,9.4454,7055993
SMR,2026-08-12 10:30:00-04:00,9.45,9.55,9.37,9.51,3542775
SMR,2026-08-12 11:30:00-04:00,9.515,9.63,9.44,9.57,3343451
SMR,2026-08-12 12:30:00-04:00,9.5722,9.79,9.552,9.775,3346450
SMR,2026-08-12 13:30:00-04:00,9.775,9.805,9.73,9.7501,2178399
SMR,2026-08-12 14:30:00-04:00,9.76,9.81,9.67,9.6701,3484245
SMR,2026-08-12 15:30:00-04:00,9.68,9.68,9.53,9.58,4021589
SMR,2026-08-13 09:30:00-04:00,9.49,9.965,9.41,9.89,7135523
SMR,2026-08-13 10:30:00-04:00,9.89,9.89,9.5501,9.5704,3279462
SMR,2026-08-13 11:30:00-04:00,9.575,9.645,9.515,9.645,4552090
SMR,2026-08-13 12:30:00-04:00,9.645,9.845,9.605,9.7861,4598007
SMR,2026-08-13 13:30:00-04:00,9.785,9.84,9.73,9.8048,4223945
SMR,2026-08-13 14:30:00-04:00,9.805,10.135,9.795,9.945,7284415
SMR,2026-08-13 15:30:00-04:00,9.945,9.945,9.81,9.855,2609379
SMR,2026-08-14 09:30:00-04:00,9.77,9.955,9.6513,9.815,7190630
SMR,2026-08-14 10:30:00-04:00,9.81,9.86,9.552,9.575,7321946
SMR,2026-08-14 11:30:00-04:00,9.575,9.655,9.54,9.61,3902014
SMR,2026-08-14 12:30:00-04:00,9.605,9.6199,9.38,9.44,4269742
SMR,2026-08-14 13:30:00-04:00,9.4409,9.455,9.305,9.31,3288660
SMR,2026-08-14 14:30:00-04:00,9.315,9.315,9.2,9.29,3693670
SMR,2026-08-14 15:30:00-04:00,9.29,9.4699,9.274,9.37,3496298
SMR,2026-08-17 09:30:00-04:00,9.49,9.61,9.24,9.4343,6287531
SMR,2026-08-17 10:30:00-04:00,9.435,9.44,9.345,9.385,3411977
SMR,2026-08-17 11:30:00-04:00,9.385,9.46,9.33,9.3599,1392802
SMR,2026-08-17 12:30:00-04:00,9.3595,9.4051,9.32,9.3351,2151937
SMR,2026-08-17 13:30:00-04:00,9.33,9.3699,9.27,9.29,2221347
SMR,2026-08-17 14:30:00-04:00,9.295,9.305,9.13,9.165,2472500
SMR,2026-08-17 15:30:00-04:00,9.165,9.24,9.15,9.19,2765991
SMR,2026-08-18 09:30:00-04:00,8.89,9.185,8.78,8.865,7476396
SMR,2026-08-18 10:30:00-04:00,8.865,8.88,8.64,8.705,4037843
SMR,2026-08-18 11:30:00-04:00,8.705,8.75,8.65,8.6545,4039979
SMR,2026-08-18 12:30:00-04:00,8.655,8.8097,8.63,8.745,3270852
SMR,2026-08-18 13:30:00-04:00,8.7497,8.7625,8.62,8.635,2326596
SMR,2026-08-18 14:30:00-04:00,8.6302,8.655,8.58,8.625,3245337
SMR,2026-08-18 15:30:00-04:00,8.625,8.725,8.6,8.625,3513917
SMR,2026-08-19 09:30:00-04:00,8.675,8.91,8.53,8.6673,6588452
SMR,2026-08-19 10:30:00-04:00,8.67,8.975,8.66,8.945,3473566
SMR,2026-08-19 11:30:00-04:00,8.94,9.24,8.88,9.195,6512775
SMR,2026-08-19 12:30:00-04:00,9.195,9.27,9.08,9.135,3940570
SMR,2026-08-19 13:30:00-04:00,9.135,9.28,9.105,9.16,4276325
SMR,2026-08-19 14:30:00-04:00,9.16,9.265,9.0923,9.26,4883303
SMR,2026-08-19 15:30:00-04:00,9.26,9.345,9.18,9.3,4178353
SMR,2026-08-20 09:30:00-04:00,9.17,9.2,8.79,8.88,4634236
SMR,2026-08-20 10:30:00-04:00,8.87,8.96,8.8,8.9,5412930
SMR,2026-08-20 11:30:00-04:00,8.9,8.91,8.78,8.8501,4075627
SMR,2026-08-20 12:30:00-04:00,8.85,8.93,8.79,8.8097,5170532
SMR,2026-08-20 13:30:00-04:00,8.8099,8.865,8.77,8.8597,3408582
SMR,2026-08-20 14:30:00-04:00,8.8599,9.0,8.81,8.99,4054706
SMR,2026-08-20 15:30:00-04:00,8.98,9.09,8.955,9.05,3797194
SMR,2026-08-21 09:30:00-04:00,9.19,9.63,9.1,9.325,7347317
SMR,2026-08-21 10:30:00-04:00,9.32,9.465,9.21,9.405,5158266
SMR,2026-08-21 11:30:00-04:00,9.405,9.61,9.38,9.575,6277063
SMR,2026-08-21 12:30:00-04:00,9.575,9.6451,9.49,9.51,4937151
SMR,2026-08-21 13:30:00-04:00,9.5106,9.6,9.46,9.485,4829273
SMR,2026-08-21 14:30:00-04:00,9.485,9.565,9.39,9.47,4942408
SMR,2026-08-21 15:30:00-04:00,9.46,9.485,9.37,9.39,1919330
SMR,2026-08-24 09:30:00-04:00,9.27,9.3,8.8,9.17,7447563
SMR,2026-08-24 10:30:00-04:00,9.17,9.33,9.115,9.31,7250646
SMR,2026-08-24 11:30:00-04:00,9.305,9.35,9.2,9.235,8003300
SMR,2026-08-24 12:30:00-04:00,9.23,9.235,9.12,9.145,7049372
SMR,2026-08-24 13:30:00-04:00,9.1461,9.23,9.105,9.215,6318687
SMR,2026-08-24 14:30:00-04:00,9.2165,9.23,9.1,9.125,3673158
SMR,2026-08-24 15:30:00-04:00,9.13,9.16,9.04,9.05,3613408
SMR,2026-08-25 09:30:00-04:00,9.265,9.3656,9.03,9.3399,6429361
SMR,2026-08-25 10:30:00-04:00,9.3305,9.6,9.21,9.5502,10208993
SMR,2026-08-25 11:30:00-04:00,9.552,9.61,9.4,9.5949,6058188
SMR,2026-08-25 12:30:00-04:00,9.59,9.8,9.53,9.75,7434546
SMR,2026-08-25 13:30:00-04:00,9.75,9.94,9.7305,9.935,10553245
SMR,2026-08-25 14:30:00-04:00,9.935,9.97,9.725,9.8001,7646711
SMR,2026-08-25 15:30:00-04:00,9.8001,9.845,9.724,9.8,4177506
SMR,2026-08-26 09:30:00-04:00,9.85,10.255,9.37,9.405,12151089
SMR,2026-08-26 10:30:00-04:00,9.4,9.48,9.27,9.275,7839921
SMR,2026-08-26 11:30:00-04:00,9.2799,9.285,9.13,9.165,7967541
SMR,2026-08-26 12:30:00-04:00,9.165,9.21,9.11,9.1467,4389965
SMR,2026-08-26 13:30:00-04:00,9.145,9.16,9.06,9.075,3542600
SMR,2026-08-26 14:30:00-04:00,9.075,9.28,9.06,9.275,6465924
SMR,2026-08-26 15:30:00-04:00,9.2799,9.34,9.2337,9.275,6094836
SMR,2026-08-27 09:30:00-04:00,9.5,9.73,9.24,9.725,9566991
SMR,2026-08-27 10:30:00-04:00,9.7281,9.7351,9.56,9.65,5840694
SMR,2026-08-27 11:30:00-04:00,9.6499,9.77,9.592,9.765,5285986
SMR,2026-08-27 12:30:00-04:00,9.765,9.8,9.7,9.72,4686344
SMR,2026-08-27 13:30:00-04:00,9.715,9.74,9.57,9.6551,3208409
SMR,2026-08-27 14:30:00-04:00,9.665,9.78,9.62,9.705,4276541
SMR,2026-08-27 15:30:00-04:00,9.705,9.785,9.67,9.76,3027943
SMR,2026-08-28 09:30:00-04:00,9.62,9.835,9.39,9.43,6216065
SMR,2026-08-28 10:30:00-04:00,9.42,9.63,9.41,9.565,6659222
SMR,2026-08-28 11:30:00-04:00,9.565,9.57,9.24,9.2799,6519346
SMR,2026-08-28 12:30:00-04:00,9.275,9.46,9.265,9.275,5379905
SMR,2026-08-28 13:30:00-04:00,9.275,9.3181,9.16,9.2162,4027261
SMR,2026-08-28 14:30:00-04:00,9.21,9.275,9.19,9.25,2719671
SMR,2026-08-28 15:30:00-04:00,9.245,9.32,9.21,9.275,3364160
SMR,2026-08-31 09:30:00-04:00,9.17,9.45,9.13,9.315,4953526
SMR,2026-08-31 10:30:00-04:00,9.3102,9.32,9.23,9.2738,3448927
SMR,2026-08-31 11:30:00-04:00,9.27,9.32,9.23,9.29,2347658
SMR,2026-08-31 12:30:00-04:00,9.29,9.31,9.195,9.205,1397911
SMR,2026-08-31 13:30:00-04:00,9.205,9.29,9.19,9.255,2229421
SMR,2026-08-31 14:30:00-04:00,9.255,9.3,9.23,9.245,2121545
SMR,2026-08-31 15:30:00-04:00,9.245,9.32,9.18,9.275,2973833
SMR,2026-09-01 09:30:00-04:00,8.9,9.235,8.78,9.13,5028224
SMR,2026-09-01 10:30:00-04:00,9.125,9.31,9.105,9.165,2493191
SMR,2026-09-01 11:30:00-04:00,9.165,9.27,9.115,9.135,2309486
SMR,2026-09-01 12:30:00-04:00,9.13,9.21,9.105,9.205,1310882
SMR,2026-09-01 13:30:00-04:00,9.2099,9.22,9.14,9.1838,968790
SMR,2026-09-01 14:30:00-04:00,9.19,9.2059,9.08,9.17,2268417
SMR,2026-09-01 15:30:00-04:00,9.17,9.235,9.13,9.225,1969986
SMR,2026-09-02 09:30:00-04:00,9.135,9.49,9.125,9.31,5722846
SMR,2026-09-02 10:30:00-04:00,9.315,9.315,9.195,9.225,2341214
SMR,2026-09-02 11:30:00-04:00,9.222,9.28,9.1949,9.235,2438085
SMR,2026-09-02 12:30:00-04:00,9.2301,9.3199,9.23,9.295,1502327
SMR,2026-09-02 13:30:00-04:00,9.295,9.52,9.28,9.49,4789060
SMR,2026-09-02 14:30:00-04:00,9.495,9.65,9.45,9.565,4955485
SMR,2026-09-02 15:30:00-04:00,9.5699,9.64,9.53,9.56,4051990
SMR,2026-09-03 09:30:00-04:00,9.72,10.075,9.675,9.7995,6722880
SMR,2026-09-03 10:30:00-04:00,9.795,9.89,9.68,9.865,5111181
SMR,2026-09-03 11:30:00-04:00,9.87,9.9,9.765,9.81,4126855
SMR,2026-09-03 12:30:00-04:00,9.81,9.87,9.77,9.815,1642429
SMR,2026-09-03 13:30:00-04:00,9.815,9.86,9.67,9.67,1517280
SMR,2026-09-03 14:30:00-04:00,9.67,9.735,9.61,9.725,2002915
SMR,2026-09-03 15:30:00-04:00,9.72,9.76,9.6,9.76,3058600
JOBY,2026-07-06 09:30:00-04:00,8.45,9.17,8.4,9.105,6006387
JOBY,2026-07-06 10:30:00-04:00,9.11,9.33,9.1,9.245,6352589
JOBY,2026-07-06 11:30:00-04:00,9.245,9.43,9.2001,9.3699,8768989
JOBY,2026-07-06 12:30:00-04:00,9.367,9.39,9.14,9.1576,11652015
JOBY,2026-07-06 13:30:00-04:00,9.155,9.155,9.025,9.065,8904204
JOBY,2026-07-06 14:30:00-04:00,9.065,9.13,8.98,9.12,7018863
JOBY,2026-07-06 15:30:00-04:00,9.125,9.125,8.92,8.925,5232162
JOBY,2026-07-07 09:30:00-04:00,8.785,8.86,8.12,8.165,7477828
JOBY,2026-07-07 10:30:00-04:00,8.165,8.21,8.05,8.095,7935122
JOBY,2026-07-07 11:30:00-04:00,8.095,8.21,8.05,8.185,7295063
JOBY,2026-07-07 12:30:00-04:00,8.185,8.2286,8.14,8.185,5427260
JOBY,2026-07-07 13:30:00-04:00,8.19,8.23,8.13,8.1599,5297624
JOBY,2026-07-07 14:30:00-04:00,8.155,8.155,8.022,8.065,6314463
JOBY,2026-07-07 15:30:00-04:00,8.0683,8.12,8.03,8.1159,3759096
JOBY,2026-07-08 09:30:00-04:00,8.025,8.1597,7.9,8.0964,4681388
JOBY,2026-07-08 10:30:00-04:00,8.09,8.105,7.92,7.95,3991729
JOBY,2026-07-08 11:30:00-04:00,7.95,8.0,7.91,7.99,5327640
JOBY,2026-07-08 12:30:00-04:00,7.9884,8.01,7.92,8.005,4837000
JOBY,2026-07-08 13:30:00-04:00,8.0001,8.05,7.97,8.005,3332406
JOBY,2026-07-08 14:30:00-04:00,8.005,8.05,7.97,8.035,3130673
JOBY,2026-07-08 15:30:00-04:00,8.035,8.04,7.92,7.93,2258386
JOBY,2026-07-09 09:30:00-04:00,7.94,8.045,7.8,7.9901,4728845
JOBY,2026-07-09 10:30:00-04:00,7.995,8.07,7.97,8.0283,7581849
JOBY,2026-07-09 11:30:00-04:00,8.025,8.045,7.9701,8.01,5709849
JOBY,2026-07-09 12:30:00-04:00,8.005,8.13,8.0,8.0891,4549143
JOBY,2026-07-09 13:30:00-04:00,8.085,8.115,8.0401,8.065,4023361
JOBY,2026-07-09 14:30:00-04:00,8.065,8.1,7.96,7.9801,4134209
JOBY,2026-07-09 15:30:00-04:00,7.98,8.02,7.94,7.995,3639780
JOBY,2026-07-10 09:30:00-04:00,8.04,8.075,7.77,7.845,4275672
JOBY,2026-07-10 10:30:00-04:00,7.845,7.855,7.69,7.76,5388635
JOBY,2026-07-10 11:30:00-04:00,7.76,7.82,7.67,7.8086,5009692
JOBY,2026-07-10 12:30:00-04:00,7.8099,7.85,7.765,7.78,4809184
JOBY,2026-07-10 13:30:00-04:00,7.785,7.835,7.77,7.7824,3612508
JOBY,2026-07-10 14:30:00-04:00,7.785,7.81,7.73,7.74,3229213
JOBY,2026-07-10 15:30:00-04:00,7.745,7.77,7.71,7.715,3041372
JOBY,2026-07-13 09:30:00-04:00,7.54,7.635,7.44,7.605,6463027
JOBY,2026-07-13 10:30:00-04:00,7.605,7.62,7.52,7.595,6815570
JOBY,2026-07-13 11:30:00-04:00,7.595,7.605,7.45,7.4772,3720814
JOBY,2026-07-13 12:30:00-04:00,7.475,7.5599,7.43,7.4899,8083951
JOBY,2026-07-13 13:30:00-04:00,7.4802,7.525,7.45,7.465,6806296
JOBY,2026-07-13 14:30:00-04:00,7.46,7.5386,7.44,7.465,7278519
JOBY,2026-07-13 15:30:00-04:00,7.465,7.52,7.45,7.48,7066447
JOBY,2026-07-14 09:30:00-04:00,7.555,7.76,7.51,7.62,4097732
JOBY,2026-07-14 10:30:00-04:00,7.625,7.74,7.59,7.725,5855551
JOBY,2026-07-14 11:30:00-04:00,7.73,7.81,7.675,7.795,8194784
JOBY,2026-07-14 12:30:00-04:00,7.795,7.81,7.6901,7.75,11670945
JOBY,2026-07-14 13:30:00-04:00,7.75,7.785,7.69,7.7,6447011
JOBY,2026-07-14 14:30:00-04:00,7.6922,7.7499,7.68,7.725,4594916
JOBY,2026-07-14 15:30:00-04:00,7.725,7.91,7.705,7.88,5608806
JOBY,2026-07-15 09:30:00-04:00,7.95,8.18,7.7201,7.825,7287313
JOBY,2026-07-15 10:30:00-04:00,7.825,7.89,7.72,7.7788,6447243
JOBY,2026-07-15 11:30:00-04:00,7.775,7.79,7.625,7.655,8582314
JOBY,2026-07-15 12:30:00-04:00,7.655,7.78,7.63,7.7701,8190275
JOBY,2026-07-15 13:30:00-04:00,7.775,7.83,7.75,7.78,8965480
JOBY,2026-07-15 14:30:00-04:00,7.785,7.82,7.66,7.695,7636370
JOBY,2026-07-15 15:30:00-04:00,7.7,7.7762,7.65,7.76,5019003
JOBY,2026-07-16 09:30:00-04:00,7.66,7.69,7.44,7.515,3449453
JOBY,2026-07-16 10:30:00-04:00,7.51,7.51,7.4,7.47,5119425
JOBY,2026-07-16 11:30:00-04:00,7.471,7.478,7.36,7.405,9842688
JOBY,2026-07-16 12:30:00-04:00,7.4001,7.44,7.37,7.435,9550950
JOBY,2026-07-16 13:30:00-04:00,7.4355,7.45,7.34,7.42,8429370
JOBY,2026-07-16 14:30:00-04:00,7.415,7.43,7.375,7.395,7223299
JOBY,2026-07-16 15:30:00-04:00,7.39,7.405,7.325,7.34,5058283
JOBY,2026-07-17 09:30:00-04:00,7.13,7.26,6.89,7.105,7286642
JOBY,2026-07-17 10:30:00-04:00,7.11,7.145,7.01,7.065,7852523
JOBY,2026-07-17 11:30:00-04:00,7.0663,7.32,7.03,7.295,20275104
JOBY,2026-07-17 12:30:00-04:00,7.29,7.4499,7.28,7.415,20556202
JOBY,2026-07-17 13:30:00-04:00,7.415,7.415,7.29,7.3199,14253611
JOBY,2026-07-17 14:30:00-04:00,7.3213,7.34,7.2136,7.26,11915242
JOBY,2026-07-17 15:30:00-04:00,7.26,7.3,7.21,7.235,7407960
JOBY,2026-07-20 09:30:00-04:00,7.3,7.44,7.17,7.36,3731277
JOBY,2026-07-20 10:30:00-04:00,7.355,7.41,7.29,7.4052,10019375
JOBY,2026-07-20 11:30:00-04:00,7.405,7.52,7.3501,7.405,17935658
JOBY,2026-07-20 12:30:00-04:00,7.405,7.49,7.37,7.425,13918941
JOBY,2026-07-20 13:30:00-04:00,7.43,7.55,7.4101,7.51,11569763
JOBY,2026-07-20 14:30:00-04:00,7.511,7.515,7.3901,7.465,10930887
JOBY,2026-07-20 15:30:00-04:00,7.47,7.55,7.455,7.47,7380730
JOBY,2026-07-21 09:30:00-04:00,7.59,7.74,7.53,7.725,4290820
JOBY,2026-07-21 10:30:00-04:00,7.73,7.7899,7.67,7.74,18398138
JOBY,2026-07-21 11:30:00-04:00,7.7399,7.7499,7.655,7.695,16786594
JOBY,2026-07-21 12:30:00-04:00,7.6912,7.75,7.68,7.715,9321358
JOBY,2026-07-21 13:30:00-04:00,7.716,7.75,7.64,7.6794,10878374
JOBY,2026-07-21 14:30:00-04:00,7.68,7.69,7.56,7.595,15703333
JOBY,2026-07-21 15:30:00-04:00,7.6,7.675,7.54,7.645,5509063
JOBY,2026-07-22 09:30:00-04:00,7.81,7.94,7.6,7.735,7635040
JOBY,2026-07-22 10:30:00-04:00,7.745,7.82,7.61,7.7949,7772157
JOBY,2026-07-22 11:30:00-04:00,7.7901,7.82,7.725,7.74,7712447
JOBY,2026-07-22 12:30:00-04:00,7.7499,7.77,7.68,7.745,4468715
JOBY,2026-07-22 13:30:00-04:00,7.74,7.75,7.59,7.6023,3796700
JOBY,2026-07-22 14:30:00-04:00,7.6001,7.65,7.56,7.645,3707928
JOBY,2026-07-22 15:30:00-04:00,7.64,7.697,7.62,7.62,3326579
JOBY,2026-07-23 09:30:00-04:00,7.46,7.75,7.44,7.54,3910565
JOBY,2026-07-23 10:30:00-04:00,7.535,7.54,7.39,7.42,11955703
JOBY,2026-07-23 11:30:00-04:00,7.415,7.6299,7.39,7.6,18043664
JOBY,2026-07-23 12:30:00-04:00,7.605,7.605,7.5,7.555,9565220
JOBY,2026-07-23 13:30:00-04:00,7.55,7.555,7.47,7.505,3932497
JOBY,2026-07-23 14:30:00-04:00,7.505,7.585,7.48,7.565,5715178
JOBY,2026-07-23 15:30:00-04:00,7.565,7.58,7.5,7.53,4202765
JOBY,2026-07-24 09:30:00-04:00,7.54,7.54,7.06,7.115,3437381
JOBY,2026-07-24 10:30:00-04:00,7.115,7.22,7.04,7.185,6149288
JOBY,2026-07-24 11:30:00-04:00,7.185,7.22,7.1,7.205,7293120
JOBY,2026-07-24 12:30:00-04:00,7.2036,7.21,7.11,7.1898,5841773
JOBY,2026-07-24 13:30:00-04:00,7.1895,7.205,7.11,7.125,5635857
JOBY,2026-07-24 14:30:00-04:00,7.125,7.13,7.01,7.0261,3945238
JOBY,2026-07-24 15:30:00-04:00,7.0229,7.06,6.93,6.93,3960653
JOBY,2026-07-27 09:30:00-04:00,7.115,7.328,7.0737,7.1469,3989985
JOBY,2026-07-27 10:30:00-04:00,7.15,7.2699,7.04,7.245,8752217
JOBY,2026-07-27 11:30:00-04:00,7.245,7.295,7.155,7.28,9678872
JOBY,2026-07-27 12:30:00-04:00,7.2701,7.33,7.2,7.2099,10365397
JOBY,2026-07-27 13:30:00-04:00,7.2099,7.25,7.18,7.1932,6939355
JOBY,2026-07-27 14:30:00-04:00,7.19,7.37,7.16,7.365,8521213
JOBY,2026-07-27 15:30:00-04:00,7.365,7.41,7.34,7.38,4217016
JOBY,2026-07-28 09:30:00-04:00,7.1501,7.18,6.99,7.055,4223991
JOBY,2026-07-28 10:30:00-04:00,7.055,7.37,7.04,7.365,8299480
JOBY,2026-07-28 11:30:00-04:00,7.37,7.39,7.275,7.305,9562410
JOBY,2026-07-28 12:30:00-04:00,7.3,7.335,7.255,7.2701,4099441
JOBY,2026-07-28 13:30:00-04:00,7.27,7.2899,7.21,7.225,3382865
JOBY,2026-07-28 14:30:00-04:00,7.2202,7.28,7.21,7.255,2468451
JOBY,2026-07-28 15:30:00-04:00,7.25,7.295,7.21,7.275,3354038
JOBY,2026-07-29 09:30:00-04:00,7.13,7.2192,6.87,6.9,3519992
JOBY,2026-07-29 10:30:00-04:00,6.895,6.92,6.76,6.785,6952202
JOBY,2026-07-29 11:30:00-04:00,6.78,6.8,6.7,6.755,3910060
JOBY,2026-07-29 12:30:00-04:00,6.755,6.82,6.73,6.775,3448513
JOBY,2026-07-29 13:30:00-04:00,6.77,6.93,6.74,6.825,3651510
JOBY,2026-07-29 14:30:00-04:00,6.82,7.03,6.8,6.835,4893357
JOBY,2026-07-29 15:30:00-04:00,6.835,6.845,6.63,6.66,4091205
JOBY,2026-07-30 09:30:00-04:00,6.85,7.1097,6.8,7.075,3931787
JOBY,2026-07-30 10:30:00-04:00,7.07,7.1264,6.99,7.025,4916144
JOBY,2026-07-30 11:30:00-04:00,7.025,7.15,7.01,7.125,3586574
JOBY,2026-07-30 12:30:00-04:00,7.12,7.15,7.07,7.1212,3067283
JOBY,2026-07-30 13:30:00-04:00,7.121,7.13,7.04,7.125,2880494
JOBY,2026-07-30 14:30:00-04:00,7.12,7.24,7.115,7.205,3231580
JOBY,2026-07-30 15:30:00-04:00,7.2,7.3,7.2,7.23,3812273
JOBY,2026-07-31 09:30:00-04:00,7.35,7.4295,6.9318,7.019,3625535
JOBY,2026-07-31 10:30:00-04:00,7.02,7.115,6.97,7.025,4083446
JOBY,2026-07-31 11:30:00-04:00,7.025,7.085,7.01,7.075,6256857
JOBY,2026-07-31 12:30:00-04:00,7.075,7.15,7.045,7.145,6629570
JOBY,2026-07-31 13:30:00-04:00,7.14,7.1799,7.1,7.13,6504411
JOBY,2026-07-31 14:30:00-04:00,7.125,7.15,7.08,7.135,2358615
JOBY,2026-07-31 15:30:00-04:00,7.135,7.16,7.09,7.15,2432297
JOBY,2026-08-03 09:30:00-04:00,7.18,7.435,7.065,7.415,4002645
JOBY,2026-08-03 10:30:00-04:00,7.415,7.5199,7.37,7.3799,5523926
JOBY,2026-08-03 11:30:00-04:00,7.375,7.44,7.35,7.4299,3563853
JOBY,2026-08-03 12:30:00-04:00,7.4299,7.43,7.34,7.42,3167008
JOBY,2026-08-03 13:30:00-04:00,7.415,7.46,7.3934,7.4064,3859532
JOBY,2026-08-03 14:30:00-04:00,7.4019,7.44,7.36,7.4253,3582289
JOBY,2026-08-03 15:30:00-04:00,7.425,7.46,7.35,7.38,3919495
JOBY,2026-08-04 09:30:00-04:00,7.69,7.84,7.62,7.745,5035510
JOBY,2026-08-04 10:30:00-04:00,7.745,7.8693,7.73,7.845,3990310
JOBY,2026-08-04 11:30:00-04:00,7.84,7.9901,7.84,7.96,4616399
JOBY,2026-08-04 12:30:00-04:00,7.96,8.01,7.95,8.0034,2441446
JOBY,2026-08-04 13:30:00-04:00,8.0,8.05,7.95,8.045,2310748
JOBY,2026-08-04 14:30:00-04:00,8.045,8.1,8.0,8.0409,2925828
JOBY,2026-08-04 15:30:00-04:00,8.045,8.06,7.94,7.985,3277783
JOBY,2026-08-05 09:30:00-04:00,7.94,8.01,7.815,7.905,3750231
JOBY,2026-08-05 10:30:00-04:00,7.905,7.95,7.825,7.905,4131713
JOBY,2026-08-05 11:30:00-04:00,7.905,7.91,7.81,7.895,4487014
JOBY,2026-08-05 12:30:00-04:00,7.895,7.9,7.83,7.845,3891448
JOBY,2026-08-05 13:30:00-04:00,7.845,7.875,7.82,7.85,2440535
JOBY,2026-08-05 14:30:00-04:00,7.845,7.85,7.76,7.79,3308587
JOBY,2026-08-05 15:30:00-04:00,7.795,7.85,7.74,7.795,5339754
JOBY,2026-08-06 09:30:00-04:00,8.15,8.54,7.92,8.475,8345269
JOBY,2026-08-06 10:30:00-04:00,8.475,8.55,8.35,8.425,6726061
JOBY,2026-08-06 11:30:00-04:00,8.43,8.47,8.24,8.285,6738528
JOBY,2026-08-06 12:30:00-04:00,8.285,8.49,8.285,8.435,8340593
JOBY,2026-08-06 13:30:00-04:00,8.44,8.59,8.4218,8.5384,4968389
JOBY,2026-08-06 14:30:00-04:00,8.535,8.545,8.24,8.2616,6231156
JOBY,2026-08-06 15:30:00-04:00,8.26,8.3,8.13,8.25,5815346
JOBY,2026-08-07 09:30:00-04:00,8.4,8.64,8.34,8.6282,5016022
JOBY,2026-08-07 10:30:00-04:00,8.625,8.66,8.485,8.645,3466548
JOBY,2026-08-07 11:30:00-04:00,8.65,8.72,8.565,8.595,5559482
JOBY,2026-08-07 12:30:00-04:00,8.595,8.685,8.56,8.605,3840076
JOBY,2026-08-07 13:30:00-04:00,8.6,8.65,8.56,8.575,4235332
JOBY,2026-08-07 14:30:00-04:00,8.57,8.69,8.54,8.655,4650480
JOBY,2026-08-07 15:30:00-04:00,8.6502,8.68,8.55,8.63,4735604
JOBY,2026-08-10 09:30:00-04:00,8.802,9.075,8.7,9.04,9359175
JOBY,2026-08-10 10:30:00-04:00,9.04,9.05,8.6801,8.735,6281998
JOBY,2026-08-10 11:30:00-04:00,8.74,8.78,8.66,8.685,5271544
JOBY,2026-08-10 12:30:00-04:00,8.685,8.735,8.62,8.64,3703295
JOBY,2026-08-10 13:30:00-04:00,8.64,8.6697,8.53,8.565,3392192
JOBY,2026-08-10 14:30:00-04:00,8.565,8.79,8.55,8.785,4733519
JOBY,2026-08-10 15:30:00-04:00,8.785,8.86,8.76,8.83,5720204
JOBY,2026-08-11 09:30:00-04:00,8.43,8.99,8.43,8.715,8507932
JOBY,2026-08-11 10:30:00-04:00,8.7134,8.81,8.55,8.5599,6236180
JOBY,2026-08-11 11:30:00-04:00,8.56,8.58,8.4,8.41,7861272
JOBY,2026-08-11 12:30:00-04:00,8.41,8.42,8.3,8.355,6878754
JOBY,2026-08-11 13:30:00-04:00,8.355,8.38,8.3,8.305,5428084
JOBY,2026-08-11 14:30:00-04:00,8.305,8.46,8.3,8.44,8535843
JOBY,2026-08-11 15:30:00-04:00,8.44,8.47,8.38,8.44,7846514
JOBY,2026-08-12 09:30:00-04:00,8.46,8.53,8.13,8.135,4901435
JOBY,2026-08-12 10:30:00-04:00,8.135,8.16,8.05,8.105,4417858
JOBY,2026-08-12 11:30:00-04:00,8.105,8.145,8.02,8.13,5200132
JOBY,2026-08-12 12:30:00-04:00,8.125,8.16,8.11,8.135,1801417
JOBY,2026-08-12 13:30:00-04:00,8.14,8.15,8.08,8.125,1739219
JOBY,2026-08-12 14:30:00-04:00,8.125,8.135,7.97,7.99,3726780
JOBY,2026-08-12 15:30:00-04:00,7.99,8.01,7.935,7.945,4693880
JOBY,2026-08-13 09:30:00-04:00,7.85,8.16,7.85,8.11,3735741
JOBY,2026-08-13 10:30:00-04:00,8.105,8.11,7.97,7.9776,3364527
JOBY,2026-08-13 11:30:00-04:00,7.9727,8.07,7.97,8.035,3226645
JOBY,2026-08-13 12:30:00-04:00,8.04,8.08,8.01,8.065,2059648
JOBY,2026-08-13 13:30:00-04:00,8.065,8.13,8.02,8.107,2610230
JOBY,2026-08-13 14:30:00-04:00,8.105,8.32,8.105,8.2,4335642
JOBY,2026-08-13 15:30:00-04:00,8.2,8.29,8.15,8.28,3033898
JOBY,2026-08-14 09:30:00-04:00,8.055,8.39,7.905,8.095,6815289
JOBY,2026-08-14 10:30:00-04:00,8.09,8.12,8.01,8.035,2621542
JOBY,2026-08-14 11:30:00-04:00,8.04,8.0599,7.97,7.985,3998068
JOBY,2026-08-14 12:30:00-04:00,7.985,7.9999,7.91,7.96,3330775
JOBY,2026-08-14 13:30:00-04:00,7.96,7.97,7.89,7.905,2906627
JOBY,2026-08-14 14:30:00-04:00,7.9,7.91,7.84,7.905,2481847
JOBY,2026-08-14 15:30:00-04:00,7.905,7.94,7.86,7.91,2529048
JOBY,2026-08-17 09:30:00-04:00,7.85,7.92,7.73,7.805,3382776
JOBY,2026-08-17 10:30:00-04:00,7.81,7.86,7.76,7.845,1531745
JOBY,2026-08-17 11:30:00-04:00,7.85,7.93,7.81,7.9109,2423020
JOBY,2026-08-17 12:30:00-04:00,7.92,7.94,7.89,7.91,1745842
JOBY,2026-08-17 13:30:00-04:00,7.91,7.96,7.87,7.91,2418659
JOBY,2026-08-17 14:30:00-04:00,7.91,7.94,7.87,7.915,2101134
JOBY,2026-08-17 15:30:00-04:00,7.915,7.94,7.87,7.915,3141789
JOBY,2026-08-18 09:30:00-04:00,7.67,7.81,7.58,7.65,3998498
JOBY,2026-08-18 10:30:00-04:00,7.64,7.65,7.55,7.645,2378552
JOBY,2026-08-18 11:30:00-04:00,7.64,7.725,7.62,7.6623,2605282
JOBY,2026-08-18 12:30:00-04:00,7.665,7.72,7.61,7.625,2977191
JOBY,2026-08-18 13:30:00-04:00,7.625,7.67,7.6,7.61,1852602
JOBY,2026-08-18 14:30:00-04:00,7.615,7.62,7.555,7.575,1537970
JOBY,2026-08-18 15:30:00-04:00,7.575,7.66,7.57,7.65,2292397
JOBY,2026-08-19 09:30:00-04:00,7.7,7.74,7.46,7.565,5028967
JOBY,2026-08-19 10:30:00-04:00,7.565,7.7,7.55,7.695,3734802
JOBY,2026-08-19 11:30:00-04:00,7.695,7.75,7.67,7.71,6067976
JOBY,2026-08-19 12:30:00-04:00,7.715,7.7151,7.63,7.685,4810351
JOBY,2026-08-19 13:30:00-04:00,7.685,7.74,7.665,7.7099,2882869
JOBY,2026-08-19 14:30:00-04:00,7.705,7.725,7.66,7.7078,3110829
JOBY,2026-08-19 15:30:00-04:00,7.705,7.75,7.69,7.72,3194516
JOBY,2026-08-20 09:30:00-04:00,7.68,7.74,7.53,7.5699,3753424
JOBY,2026-08-20 10:30:00-04:00,7.565,7.575,7.41,7.475,4300031
JOBY,2026-08-20 11:30:00-04:00,7.475,7.48,7.37,7.425,3146552
JOBY,2026-08-20 12:30:00-04:00,7.425,7.5259,7.41,7.46,2388442
JOBY,2026-08-20 13:30:00-04:00,7.455,7.5081,7.43,7.485,1949177
JOBY,2026-08-20 14:30:00-04:00,7.485,7.5,7.44,7.495,2696492
JOBY,2026-08-20 15:30:00-04:00,7.495,7.59,7.49,7.585,3140977
JOBY,2026-08-21 09:30:00-04:00,7.7,7.75,7.52,7.64,5197640
JOBY,2026-08-21 10:30:00-04:00,7.645,7.76,7.59,7.705,5786724
JOBY,2026-08-21 11:30:00-04:00,7.705,7.775,7.69,7.75,3952558
JOBY,2026-08-21 12:30:00-04:00,7.75,7.755,7.63,7.6501,4117322
JOBY,2026-08-21 13:30:00-04:00,7.65,7.68,7.59,7.605,3250148
JOBY,2026-08-21 14:30:00-04:00,7.6,7.6099,7.57,7.595,3440699
JOBY,2026-08-21 15:30:00-04:00,7.595,7.6,7.53,7.54,2816224
JOBY,2026-08-24 09:30:00-04:00,7.45,7.46,7.24,7.415,4411674
JOBY,2026-08-24 10:30:00-04:00,7.42,7.48,7.36,7.45,3455982
JOBY,2026-08-24 11:30:00-04:00,7.46,7.48,7.39,7.425,3298669
JOBY,2026-08-24 12:30:00-04:00,7.42,7.425,7.34,7.3522,2135987
JOBY,2026-08-24 13:30:00-04:00,7.35,7.37,7.285,7.36,3015811
JOBY,2026-08-24 14:30:00-04:00,7.36,7.37,7.27,7.295,2640003
JOBY,2026-08-24 15:30:00-04:00,7.295,7.31,7.16,7.185,2748724
JOBY,2026-08-25 09:30:00-04:00,7.32,7.32,7.14,7.205,4356069
JOBY,2026-08-25 10:30:00-04:00,7.2,7.27,7.15,7.22,2649461
JOBY,2026-08-25 11:30:00-04:00,7.22,7.265,7.21,7.2318,3385016
JOBY,2026-08-25 12:30:00-04:00,7.2331,7.27,7.21,7.255,2837690
JOBY,2026-08-25 13:30:00-04:00,7.255,7.29,7.2301,7.255,2064997
JOBY,2026-08-25 14:30:00-04:00,7.255,7.26,7.17,7.1901,2407099
JOBY,2026-08-25 15:30:00-04:00,7.2,7.255,7.17,7.215,3036656
JOBY,2026-08-26 09:30:00-04:00,7.18,7.355,7.15,7.23,3223167
JOBY,2026-08-26 10:30:00-04:00,7.225,7.24,7.14,7.145,3220024
JOBY,2026-08-26 11:30:00-04:00,7.14,7.16,7.11,7.125,2455738
JOBY,2026-08-26 12:30:00-04:00,7.1298,7.2,7.12,7.1987,2791301
JOBY,2026-08-26 13:30:00-04:00,7.2,7.2,7.15,7.16,1670149
JOBY,2026-08-26 14:30:00-04:00,7.16,7.18,7.135,7.1491,1404888
JOBY,2026-08-26 15:30:00-04:00,7.145,7.19,7.13,7.13,2344314
JOBY,2026-08-27 09:30:00-04:00,7.26,7.29,7.1,7.245,3123281
JOBY,2026-08-27 10:30:00-04:00,7.245,7.26,7.1,7.12,2373063
JOBY,2026-08-27 11:30:00-04:00,7.115,7.19,7.08,7.175,2667715
JOBY,2026-08-27 12:30:00-04:00,7.175,7.18,7.14,7.14,1358959
JOBY,2026-08-27 13:30:00-04:00,7.1499,7.17,7.11,7.145,1416716
JOBY,2026-08-27 14:30:00-04:00,7.145,7.21,7.13,7.175,1921568
JOBY,2026-08-27 15:30:00-04:00,7.175,7.195,7.14,7.16,1804170
JOBY,2026-08-28 09:30:00-04:00,7.15,7.18,6.99,7.0001,3565142
JOBY,2026-08-28 10:30:00-04:00,7.0,7.09,6.99,7.075,3311158
JOBY,2026-08-28 11:30:00-04:00,7.07,7.075,6.94,6.955,3844624
JOBY,2026-08-28 12:30:00-04:00,6.955,7.0,6.92,6.9587,3847581
JOBY,2026-08-28 13:30:00-04:00,6.9514,6.98,6.91,6.925,3259934
JOBY,2026-08-28 14:30:00-04:00,6.925,7.02,6.89,6.9977,3809096
JOBY,2026-08-28 15:30:00-04:00,7.0,7.03,6.94,6.98,4224025
JOBY,2026-08-31 09:30:00-04:00,6.9,7.03,6.845,6.875,3795986
JOBY,2026-08-31 10:30:00-04:00,6.875,6.9286,6.85,6.885,3412484
JOBY,2026-08-31 11:30:00-04:00,6.88,6.93,6.87,6.915,3261852
JOBY,2026-08-31 12:30:00-04:00,6.92,6.96,6.89,6.8999,3244195
JOBY,2026-08-31 13:30:00-04:00,6.895,6.94,6.88,6.895,2548337
JOBY,2026-08-31 14:30:00-04:00,6.89,6.8999,6.85,6.86,2027120
JOBY,2026-08-31 15:30:00-04:00,6.865,6.88,6.81,6.835,3270605
JOBY,2026-09-01 09:30:00-04:00,6.73,6.76,6.61,6.725,4855207
JOBY,2026-09-01 10:30:00-04:00,6.728,6.75,6.6801,6.71,2681632
JOBY,2026-09-01 11:30:00-04:00,6.71,6.73,6.65,6.655,2307464
JOBY,2026-09-01 12:30:00-04:00,6.6562,6.665,6.63,6.6499,2192167
JOBY,2026-09-01 13:30:00-04:00,6.645,6.68,6.64,6.6586,2061996
JOBY,2026-09-01 14:30:00-04:00,6.66,6.71,6.62,6.705,3107924
JOBY,2026-09-01 15:30:00-04:00,6.7002,6.73,6.67,6.69,3196510
JOBY,2026-09-02 09:30:00-04:00,6.715,6.91,6.63,6.8738,4850775
JOBY,2026-09-02 10:30:00-04:00,6.87,6.9,6.815,6.835,2672526
JOBY,2026-09-02 11:30:00-04:00,6.835,6.835,6.785,6.79,2238717
JOBY,2026-09-02 12:30:00-04:00,6.795,6.84,6.78,6.79,1479059
JOBY,2026-09-02 13:30:00-04:00,6.7999,6.87,6.79,6.86,1892905
JOBY,2026-09-02 14:30:00-04:00,6.86,6.89,6.81,6.86,2628524
JOBY,2026-09-02 15:30:00-04:00,6.855,6.86,6.8,6.82,2652487
JOBY,2026-09-03 09:30:00-04:00,6.98,7.185,6.97,6.99,5831573
JOBY,2026-09-03 10:30:00-04:00,6.99,7.02,6.86,6.8999,5872822
JOBY,2026-09-03 11:30:00-04:00,6.8999,6.91,6.83,6.84,2783474
JOBY,2026-09-03 12:30:00-04:00,6.845,6.85,6.78,6.8,2785068
JOBY,2026-09-03 13:30:00-04:00,6.805,6.86,6.79,6.795,3927518
JOBY,2026-09-03 14:30:00-04:00,6.795,6.91,6.79,6.905,3958144
JOBY,2026-09-03 15:30:00-04:00,6.905,6.91,6.85,6.8798,2749102
ACHR,2026-07-06 09:30:00-04:00,5.0,5.35,4.9701,5.275,7568472
ACHR,2026-07-06 10:30:00-04:00,5.275,5.32,5.17,5.305,5113757
ACHR,2026-07-06 11:30:00-04:00,5.3062,5.46,5.27,5.4101,5199885
ACHR,2026-07-06 12:30:00-04:00,5.4136,5.425,5.32,5.345,4986651
ACHR,2026-07-06 13:30:00-04:00,5.34,5.3451,5.29,5.295,3019408
ACHR,2026-07-06 14:30:00-04:00,5.295,5.35,5.26,5.345,3455753
ACHR,2026-07-06 15:30:00-04:00,5.35,5.39,5.34,5.355,5883968
ACHR,2026-07-07 09:30:00-04:00,5.3,5.35,4.88,4.9199,7255393
ACHR,2026-07-07 10:30:00-04:00,4.9198,4.94,4.84,4.855,5459837
ACHR,2026-07-07 11:30:00-04:00,4.855,4.97,4.83,4.95,4723844
ACHR,2026-07-07 12:30:00-04:00,4.955,5.03,4.93,5.0201,3768969
ACHR,2026-07-07 13:30:00-04:00,5.021,5.06,5.0014,5.0099,2210029
ACHR,2026-07-07 14:30:00-04:00,5.005,5.0056,4.91,4.9321,2593645
ACHR,2026-07-07 15:30:00-04:00,4.935,4.95,4.91,4.925,2176954
ACHR,2026-07-08 09:30:00-04:00,4.85,4.97,4.83,4.9401,2910758
ACHR,2026-07-08 10:30:00-04:00,4.945,4.95,4.82,4.835,2715978
ACHR,2026-07-08 11:30:00-04:00,4.8374,4.87,4.82,4.8599,3504639
ACHR,2026-07-08 12:30:00-04:00,4.86,4.88,4.81,4.8759,3028045
ACHR,2026-07-08 13:30:00-04:00,4.8757,4.9,4.85,4.855,1656631
ACHR,2026-07-08 14:30:00-04:00,4.86,4.875,4.83,4.865,1727355
ACHR,2026-07-08 15:30:00-04:00,4.865,4.865,4.83,4.835,1949464
ACHR,2026-07-09 09:30:00-04:00,4.84,4.935,4.765,4.895,3691221
ACHR,2026-07-09 10:30:00-04:00,4.895,4.92,4.86,4.905,2445574
ACHR,2026-07-09 11:30:00-04:00,4.9015,4.92,4.875,4.885,2672941
ACHR,2026-07-09 12:30:00-04:00,4.887,4.92,4.885,4.91,1542725
ACHR,2026-07-09 13:30:00-04:00,4.905,4.94,4.9,4.915,1731240
ACHR,2026-07-09 14:30:00-04:00,4.915,4.93,4.8614,4.871,2585266
ACHR,2026-07-09 15:30:00-04:00,4.871,4.88,4.83,4.85,1939333
ACHR,2026-07-10 09:30:00-04:00,4.89,4.93,4.77,4.8,6210374
ACHR,2026-07-10 10:30:00-04:00,4.805,4.825,4.74,4.765,3337078
ACHR,2026-07-10 11:30:00-04:00,4.77,4.81,4.71,4.795,3531956
ACHR,2026-07-10 12:30:00-04:00,4.8,4.84,4.75,4.7658,2320030
ACHR,2026-07-10 13:30:00-04:00,4.7659,4.78,4.74,4.755,1633191
ACHR,2026-07-10 14:30:00-04:00,4.755,4.77,4.72,4.7254,1825859
ACHR,2026-07-10 15:30:00-04:00,4.7299,4.74,4.6901,4.74,3172952
ACHR,2026-07-13 09:30:00-04:00,4.67,4.74,4.57,4.635,4731130
ACHR,2026-07-13 10:30:00-04:00,4.635,4.66,4.59,4.605,2294514
ACHR,2026-07-13 11:30:00-04:00,4.605,4.62,4.55,4.57,2851154
ACHR,2026-07-13 12:30:00-04:00,4.565,4.64,4.5418,4.5862,2962941
ACHR,2026-07-13 13:30:00-04:00,4.5874,4.62,4.57,4.5839,2858401
ACHR,2026-07-13 14:30:00-04:00,4.585,4.6,4.51,4.535,3632448
ACHR,2026-07-13 15:30:00-04:00,4.535,4.56,4.52,4.55,4632248
ACHR,2026-07-14 09:30:00-04:00,4.61,4.71,4.55,4.66,4335116
ACHR,2026-07-14 10:30:00-04:00,4.655,4.725,4.65,4.7101,3779075
ACHR,2026-07-14 11:30:00-04:00,4.7133,4.785,4.67,4.7767,5638577
ACHR,2026-07-14 12:30:00-04:00,4.775,4.7999,4.735,4.765,3719874
ACHR,2026-07-14 13:30:00-04:00,4.765,4.8,4.76,4.76,3343596
ACHR,2026-07-14 14:30:00-04:00,4.765,4.8,4.74,4.775,2108897
ACHR,2026-07-14 15:30:00-04:00,4.775,4.875,4.76,4.845,3458994
ACHR,2026-07-15 09:30:00-04:00,4.9,5.06,4.805,4.85,4363225
ACHR,2026-07-15 10:30:00-04:00,4.855,4.89,4.8,4.8214,4090818
ACHR,2026-07-15 11:30:00-04:00,4.825,4.835,4.7214,4.7499,3545445
ACHR,2026-07-15 12:30:00-04:00,4.75,4.81,4.7115,4.8029,3356890
ACHR,2026-07-15 13:30:00-04:00,4.81,4.85,4.785,4.8,1991107
ACHR,2026-07-15 14:30:00-04:00,4.795,4.81,4.75,4.765,2273243
ACHR,2026-07-15 15:30:00-04:00,4.7651,4.8295,4.765,4.78,2412785
ACHR,2026-07-16 09:30:00-04:00,4.74,4.75,4.57,4.61,3962508
ACHR,2026-07-16 10:30:00-04:00,4.61,4.62,4.56,4.6,3364148
ACHR,2026-07-16 11:30:00-04:00,4.6,4.6,4.485,4.5221,4778156
ACHR,2026-07-16 12:30:00-04:00,4.52,4.54,4.49,4.505,3256963
ACHR,2026-07-16 13:30:00-04:00,4.51,4.54,4.48,4.525,2748158
ACHR,2026-07-16 14:30:00-04:00,4.525,4.53,4.49,4.505,2970231
ACHR,2026-07-16 15:30:00-04:00,4.505,4.5099,4.45,4.49,2812704
ACHR,2026-07-17 09:30:00-04:00,4.34,4.5,4.3,4.415,4995223
ACHR,2026-07-17 10:30:00-04:00,4.41,4.44,4.36,4.4138,2940619
ACHR,2026-07-17 11:30:00-04:00,4.41,4.54,4.395,4.5298,4778491
ACHR,2026-07-17 12:30:00-04:00,4.5299,4.59,4.51,4.59,3317151
ACHR,2026-07-17 13:30:00-04:00,4.59,4.59,4.49,4.495,2077466
ACHR,2026-07-17 14:30:00-04:00,4.495,4.52,4.445,4.46,2398674
ACHR,2026-07-17 15:30:00-04:00,4.465,4.485,4.44,4.46,2915069
ACHR,2026-07-20 09:30:00-04:00,4.63,5.0,4.6,4.955,20250846
ACHR,2026-07-20 10:30:00-04:00,4.96,5.04,4.81,5.04,11824902
ACHR,2026-07-20 11:30:00-04:00,5.035,5.32,4.99,5.1856,19470608
ACHR,2026-07-20 12:30:00-04:00,5.1843,5.43,5.14,5.4,16712643
ACHR,2026-07-20 13:30:00-04:00,5.3914,5.4,5.28,5.3899,9819430
ACHR,2026-07-20 14:30:00-04:00,5.38,5.385,5.21,5.265,8293632
ACHR,2026-07-20 15:30:00-04:00,5.27,5.35,5.26,5.295,9272421
ACHR,2026-07-21 09:30:00-04:00,5.32,5.6,5.2601,5.4699,16815534
ACHR,2026-07-21 10:30:00-04:00,5.47,5.51,5.35,5.41,6877234
ACHR,2026-07-21 11:30:00-04:00,5.41,5.4499,5.25,5.265,6807498
ACHR,2026-07-21 12:30:00-04:00,5.27,5.33,5.25,5.315,4498976
ACHR,2026-07-21 13:30:00-04:00,5.315,5.38,5.315,5.33,5834258
ACHR,2026-07-21 14:30:00-04:00,5.3325,5.3577,5.27,5.295,3764714
ACHR,2026-07-21 15:30:00-04:00,5.295,5.3,5.22,5.275,4322347
ACHR,2026-07-22 09:30:00-04:00,5.31,5.415,5.08,5.3,8223663
ACHR,2026-07-22 10:30:00-04:00,5.31,5.335,5.125,5.235,6864570
ACHR,2026-07-22 11:30:00-04:00,5.235,5.28,5.205,5.2299,4172799
ACHR,2026-07-22 12:30:00-04:00,5.2206,5.235,5.16,5.215,4022563
ACHR,2026-07-22 13:30:00-04:00,5.22,5.235,5.15,5.155,3546360
ACHR,2026-07-22 14:30:00-04:00,5.1501,5.18,5.11,5.165,4400584
ACHR,2026-07-22 15:30:00-04:00,5.16,5.22,5.13,5.18,3823507
ACHR,2026-07-23 09:30:00-04:00,5.1,5.3299,5.0401,5.2463,7222630
ACHR,2026-07-23 10:30:00-04:00,5.245,5.245,5.0901,5.145,4095730
ACHR,2026-07-23 11:30:00-04:00,5.145,5.2452,5.12,5.215,4620310
ACHR,2026-07-23 12:30:00-04:00,5.215,5.22,5.15,5.195,3186317
ACHR,2026-07-23 13:30:00-04:00,5.195,5.2,5.11,5.125,2321041
ACHR,2026-07-23 14:30:00-04:00,5.13,5.185,5.09,5.18,3251984
ACHR,2026-07-23 15:30:00-04:00,5.18,5.22,5.11,5.11,4175274
ACHR,2026-07-24 09:30:00-04:00,5.16,5.17,4.86,4.9,5469063
ACHR,2026-07-24 10:30:00-04:00,4.91,5.0,4.85,4.965,4530574
ACHR,2026-07-24 11:30:00-04:00,4.965,5.0,4.9201,4.975,3336100
ACHR,2026-07-24 12:30:00-04:00,4.975,5.0,4.88,4.935,9704401
ACHR,2026-07-24 13:30:00-04:00,4.935,4.96,4.92,4.925,1666051
ACHR,2026-07-24 14:30:00-04:00,4.925,4.93,4.81,4.8181,4410814
ACHR,2026-07-24 15:30:00-04:00,4.815,4.84,4.74,4.77,3731320
ACHR,2026-07-27 09:30:00-04:00,4.8,4.985,4.78,4.87,4908002
ACHR,2026-07-27 10:30:00-04:00,4.87,4.95,4.77,4.905,4934678
ACHR,2026-07-27 11:30:00-04:00,4.905,4.93,4.84,4.925,4362628
ACHR,2026-07-27 12:30:00-04:00,4.925,4.9899,4.87,4.885,3478821
ACHR,2026-07-27 13:30:00-04:00,4.8849,4.92,4.85,4.865,2454848
ACHR,2026-07-27 14:30:00-04:00,4.865,4.9599,4.84,4.955,4203634
ACHR,2026-07-27 15:30:00-04:00,4.95,4.98,4.92,4.94,3947932
ACHR,2026-07-28 09:30:00-04:00,4.81,4.8534,4.66,4.705,4530817
ACHR,2026-07-28 10:30:00-04:00,4.705,4.9,4.6901,4.8901,3191809
ACHR,2026-07-28 11:30:00-04:00,4.895,4.91,4.83,4.8447,2508918
ACHR,2026-07-28 12:30:00-04:00,4.84,4.89,4.82,4.855,2062175
ACHR,2026-07-28 13:30:00-04:00,4.85,4.86,4.76,4.765,1868865
ACHR,2026-07-28 14:30:00-04:00,4.765,4.81,4.765,4.8,2610929
ACHR,2026-07-28 15:30:00-04:00,4.8,4.845,4.77,4.82,3779762
ACHR,2026-07-29 09:30:00-04:00,4.8,4.8265,4.64,4.655,2720471
ACHR,2026-07-29 10:30:00-04:00,4.6505,4.7,4.62,4.625,2767821
ACHR,2026-07-29 11:30:00-04:00,4.625,4.64,4.5601,4.61,3874096
ACHR,2026-07-29 12:30:00-04:00,4.615,4.65,4.58,4.585,2483038
ACHR,2026-07-29 13:30:00-04:00,4.58,4.67,4.54,4.575,3648788
ACHR,2026-07-29 14:30:00-04:00,4.58,4.71,4.555,4.605,4853517
ACHR,2026-07-29 15:30:00-04:00,4.605,4.6199,4.47,4.475,3679826
ACHR,2026-07-30 09:30:00-04:00,4.58,4.68,4.52,4.65,4368699
ACHR,2026-07-30 10:30:00-04:00,4.645,4.67,4.58,4.625,3070423
ACHR,2026-07-30 11:30:00-04:00,4.62,4.68,4.61,4.665,3531265
ACHR,2026-07-30 12:30:00-04:00,4.665,4.7,4.64,4.66,5687957
ACHR,2026-07-30 13:30:00-04:00,4.655,4.67,4.62,4.6299,2639998
ACHR,2026-07-30 14:30:00-04:00,4.625,4.765,4.615,4.705,6788145
ACHR,2026-07-30 15:30:00-04:00,4.705,4.77,4.7,4.735,3670962
ACHR,2026-07-31 09:30:00-04:00,4.78,4.85,4.575,4.61,5062889
ACHR,2026-07-31 10:30:00-04:00,4.62,4.67,4.59,4.595,4619369
ACHR,2026-07-31 11:30:00-04:00,4.595,4.63,4.57,4.625,5219666
ACHR,2026-07-31 12:30:00-04:00,4.63,4.68,4.61,4.665,3537976
ACHR,2026-07-31 13:30:00-04:00,4.661,4.695,4.65,4.67,3488028
ACHR,2026-07-31 14:30:00-04:00,4.67,4.7,4.65,4.695,3216011
ACHR,2026-07-31 15:30:00-04:00,4.695,4.7,4.63,4.635,3054442
ACHR,2026-08-03 09:30:00-04:00,4.67,4.891,4.6,4.865,5006768
ACHR,2026-08-03 10:30:00-04:00,4.865,4.92,4.81,4.819,4244520
ACHR,2026-08-03 11:30:00-04:00,4.815,4.86,4.79,4.845,3999966
ACHR,2026-08-03 12:30:00-04:00,4.8463,4.88,4.78,4.859,4217879
ACHR,2026-08-03 13:30:00-04:00,4.8551,4.89,4.83,4.835,3232315
ACHR,2026-08-03 14:30:00-04:00,4.835,4.86,4.81,4.845,4659080
ACHR,2026-08-03 15:30:00-04:00,4.845,4.86,4.81,4.835,3425210
ACHR,2026-08-04 09:30:00-04:00,4.94,5.12,4.91,5.025,4627572
ACHR,2026-08-04 10:30:00-04:00,5.025,5.15,5.01,5.121,4517386
ACHR,2026-08-04 11:30:00-04:00,5.12,5.2,5.12,5.19,4658136
ACHR,2026-08-04 12:30:00-04:00,5.185,5.26,5.18,5.255,3179280
ACHR,2026-08-04 13:30:00-04:00,5.25,5.27,5.23,5.265,2924498
ACHR,2026-08-04 14:30:00-04:00,5.265,5.36,5.25,5.32,4228436
ACHR,2026-08-04 15:30:00-04:00,5.32,5.33,5.29,5.315,3137532
ACHR,2026-08-05 09:30:00-04:00,5.3,5.35,5.18,5.205,3911848
ACHR,2026-08-05 10:30:00-04:00,5.205,5.2173,5.125,5.175,3971150
ACHR,2026-08-05 11:30:00-04:00,5.175,5.205,5.13,5.195,4293203
ACHR,2026-08-05 12:30:00-04:00,5.195,5.21,5.15,5.185,2577938
ACHR,2026-08-05 13:30:00-04:00,5.19,5.22,5.17,5.215,2086749
ACHR,2026-08-05 14:30:00-04:00,5.21,5.25,5.1701,5.245,2465463
ACHR,2026-08-05 15:30:00-04:00,5.245,5.25,5.17,5.195,2918379
ACHR,2026-08-06 09:30:00-04:00,5.17,5.3499,5.08,5.305,4928348
ACHR,2026-08-06 10:30:00-04:00,5.31,5.3551,5.27,5.325,4676371
ACHR,2026-08-06 11:30:00-04:00,5.325,5.3399,5.18,5.195,3328366
ACHR,2026-08-06 12:30:00-04:00,5.195,5.26,5.185,5.225,3549093
ACHR,2026-08-06 13:30:00-04:00,5.225,5.28,5.2,5.255,2213009
ACHR,2026-08-06 14:30:00-04:00,5.255,5.26,5.2,5.205,2274160
ACHR,2026-08-06 15:30:00-04:00,5.205,5.23,5.135,5.225,3651851
ACHR,2026-08-07 09:30:00-04:00,5.36,5.505,5.3001,5.49,5356267
ACHR,2026-08-07 10:30:00-04:00,5.485,5.53,5.43,5.525,5462782
ACHR,2026-08-07 11:30:00-04:00,5.525,5.59,5.52,5.54,4559106
ACHR,2026-08-07 12:30:00-04:00,5.545,5.56,5.49,5.5201,4623667
ACHR,2026-08-07 13:30:00-04:00,5.53,5.55,5.49,5.495,2872850
ACHR,2026-08-07 14:30:00-04:00,5.49,5.54,5.48,5.525,3640202
ACHR,2026-08-07 15:30:00-04:00,5.5201,5.6,5.475,5.575,5909037
ACHR,2026-08-10 09:30:00-04:00,6.31,6.87,6.26,6.63,52867763
ACHR,2026-08-10 10:30:00-04:00,6.635,6.65,6.3,6.3311,15598928
ACHR,2026-08-10 11:30:00-04:00,6.335,6.38,6.2,6.23,9359460
ACHR,2026-08-10 12:30:00-04:00,6.225,6.23,5.97,5.9863,9920679
ACHR,2026-08-10 13:30:00-04:00,5.985,6.03,5.935,5.98,7183012
ACHR,2026-08-10 14:30:00-04:00,5.971,6.3,5.97,6.215,18689891
ACHR,2026-08-10 15:30:00-04:00,6.215,6.31,6.18,6.255,9754645
ACHR,2026-08-11 09:30:00-04:00,6.23,6.85,6.13,6.64,30144788
ACHR,2026-08-11 10:30:00-04:00,6.64,7.08,6.63,6.895,16277373
ACHR,2026-08-11 11:30:00-04:00,6.895,6.985,6.7,6.835,10224896
ACHR,2026-08-11 12:30:00-04:00,6.835,6.84,6.73,6.825,5941818
ACHR,2026-08-11 13:30:00-04:00,6.83,6.895,6.745,6.8101,6219144
ACHR,2026-08-11 14:30:00-04:00,6.81,7.06,6.795,7.035,8587516
ACHR,2026-08-11 15:30:00-04:00,7.04,7.05,6.77,6.78,9803121
ACHR,2026-08-12 09:30:00-04:00,6.853,6.915,6.38,6.405,14596070
ACHR,2026-08-12 10:30:00-04:00,6.4,6.42,6.245,6.2674,8175525
ACHR,2026-08-12 11:30:00-04:00,6.265,6.315,6.1611,6.295,7018737
ACHR,2026-08-12 12:30:00-04:00,6.3,6.36,6.28,6.325,5362703
ACHR,2026-08-12 13:30:00-04:00,6.33,6.35,6.27,6.335,4874091
ACHR,2026-08-12 14:30:00-04:00,6.34,6.36,6.22,6.24,3930658
ACHR,2026-08-12 15:30:00-04:00,6.245,6.31,6.21,6.28,5268367
ACHR,2026-08-13 09:30:00-04:00,6.21,6.58,6.19,6.555,12814529
ACHR,2026-08-13 10:30:00-04:00,6.5593,6.5659,6.44,6.5199,6210491
ACHR,2026-08-13 11:30:00-04:00,6.5163,6.6399,6.5,6.62,8909061
ACHR,2026-08-13 12:30:00-04:00,6.615,6.74,6.59,6.715,6445711
ACHR,2026-08-13 13:30:00-04:00,6.715,6.85,6.645,6.8444,5835315
ACHR,2026-08-13 14:30:00-04:00,6.845,7.065,6.835,6.89,11972541
ACHR,2026-08-13 15:30:00-04:00,6.885,7.025,6.835,6.965,6753721
ACHR,2026-08-14 09:30:00-04:00,6.92,7.29,6.8202,6.9005,14041357
ACHR,2026-08-14 10:30:00-04:00,6.91,6.93,6.7,6.705,5446623
ACHR,2026-08-14 11:30:00-04:00,6.705,6.765,6.62,6.635,5481291
ACHR,2026-08-14 12:30:00-04:00,6.64,6.65,6.565,6.585,3823207
ACHR,2026-08-14 13:30:00-04:00,6.59,6.61,6.53,6.5399,3104342
ACHR,2026-08-14 14:30:00-04:00,6.535,6.59,6.49,6.58,5240026
ACHR,2026-08-14 15:30:00-04:00,6.585,6.635,6.57,6.61,4375354
ACHR,2026-08-17 09:30:00-04:00,6.48,6.54,6.33,6.4001,6979910
ACHR,2026-08-17 10:30:00-04:00,6.405,6.405,6.32,6.385,3947799
ACHR,2026-08-17 11:30:00-04:00,6.385,6.445,6.34,6.4187,4284153
ACHR,2026-08-17 12:30:00-04:00,6.415,6.4998,6.41,6.455,3770744
ACHR,2026-08-17 13:30:00-04:00,6.455,6.47,6.35,6.395,2846275
ACHR,2026-08-17 14:30:00-04:00,6.395,6.455,6.39,6.435,2934638
ACHR,2026-08-17 15:30:00-04:00,6.43,6.455,6.38,6.395,3347844
ACHR,2026-08-18 09:30:00-04:00,6.17,6.42,6.13,6.25,7912568
ACHR,2026-08-18 10:30:00-04:00,6.259,6.28,6.17,6.2735,4089219
ACHR,2026-08-18 11:30:00-04:00,6.27,6.34,6.23,6.29,4775546
ACHR,2026-08-18 12:30:00-04:00,6.295,6.36,6.28,6.2898,3829403
ACHR,2026-08-18 13:30:00-04:00,6.285,6.33,6.27,6.275,2919572
ACHR,2026-08-18 14:30:00-04:00,6.275,6.3,6.255,6.275,3502338
ACHR,2026-08-18 15:30:00-04:00,6.275,6.325,6.261,6.315,3424806
ACHR,2026-08-19 09:30:00-04:00,6.295,6.3378,6.17,6.295,4665695
ACHR,2026-08-19 10:30:00-04:00,6.295,6.43,6.2629,6.4101,4824919
ACHR,2026-08-19 11:30:00-04:00,6.4171,6.43,6.36,6.405,4447397
ACHR,2026-08-19 12:30:00-04:00,6.4,6.41,6.31,6.3368,2858571
ACHR,2026-08-19 13:30:00-04:00,6.34,6.3851,6.3,6.34,2442092
ACHR,2026-08-19 14:30:00-04:00,6.3401,6.45,6.32,6.435,2460981
ACHR,2026-08-19 15:30:00-04:00,6.4357,6.465,6.415,6.4501,3024549
ACHR,2026-08-20 09:30:00-04:00,6.31,6.35,6.22,6.25,3934660
ACHR,2026-08-20 10:30:00-04:00,6.25,6.26,6.05,6.1075,6405408
ACHR,2026-08-20 11:30:00-04:00,6.105,6.12,5.99,6.024,6320064
ACHR,2026-08-20 12:30:00-04:00,6.025,6.1,6.0,6.045,3812732
ACHR,2026-08-20 13:30:00-04:00,6.045,6.075,5.99,6.0275,3250762
ACHR,2026-08-20 14:30:00-04:00,6.025,6.045,5.995,6.02,3197528
ACHR,2026-08-20 15:30:00-04:00,6.02,6.08,6.015,6.075,4647138
ACHR,2026-08-21 09:30:00-04:00,6.145,6.38,6.1,6.2651,6231835
ACHR,2026-08-21 10:30:00-04:00,6.27,6.45,6.195,6.3901,7433979
ACHR,2026-08-21 11:30:00-04:00,6.39,6.525,6.365,6.475,5464462
ACHR,2026-08-21 12:30:00-04:00,6.4737,6.49,6.38,6.415,3690204
ACHR,2026-08-21 13:30:00-04:00,6.415,6.46,6.335,6.365,2601975
ACHR,2026-08-21 14:30:00-04:00,6.36,6.42,6.34,6.395,2672491
ACHR,2026-08-21 15:30:00-04:00,6.39,6.41,6.29,6.292,2990462
ACHR,2026-08-24 09:30:00-04:00,6.21,6.29,6.0,6.265,7361208
ACHR,2026-08-24 10:30:00-04:00,6.265,6.32,6.175,6.2132,4873180
ACHR,2026-08-24 11:30:00-04:00,6.22,6.23,6.13,6.135,5083068
ACHR,2026-08-24 12:30:00-04:00,6.135,6.16,6.09,6.1,4179363
ACHR,2026-08-24 13:30:00-04:00,6.105,6.15,6.055,6.1327,2752973
ACHR,2026-08-24 14:30:00-04:00,6.135,6.14,6.05,6.0701,3214717
ACHR,2026-08-24 15:30:00-04:00,6.075,6.085,6.04,6.08,3051642
ACHR,2026-08-25 09:30:00-04:00,6.13,6.15,5.92,5.9554,6656140
ACHR,2026-08-25 10:30:00-04:00,5.9599,6.05,5.9272,6.0299,4866532
ACHR,2026-08-25 11:30:00-04:00,6.0286,6.07,5.97,5.995,3645074
ACHR,2026-08-25 12:30:00-04:00,6.0,6.0,5.96,5.975,2116507
ACHR,2026-08-25 13:30:00-04:00,5.975,6.025,5.97,5.985,1921699
ACHR,2026-08-25 14:30:00-04:00,5.9877,5.99,5.88,5.91,2947615
ACHR,2026-08-25 15:30:00-04:00,5.915,5.97,5.9,5.965,3176801
ACHR,2026-08-26 09:30:00-04:00,5.905,6.14,5.8839,6.0,4075070
ACHR,2026-08-26 10:30:00-04:00,5.995,6.0162,5.88,5.895,3558229
ACHR,2026-08-26 11:30:00-04:00,5.9,5.92,5.86,5.9,2142993
ACHR,2026-08-26 12:30:00-04:00,5.8903,5.96,5.89,5.955,2423090
ACHR,2026-08-26 13:30:00-04:00,5.96,5.96,5.91,5.92,2058076
ACHR,2026-08-26 14:30:00-04:00,5.925,5.95,5.88,5.886,2318807
ACHR,2026-08-26 15:30:00-04:00,5.88,5.91,5.87,5.9,2348666
ACHR,2026-08-27 09:30:00-04:00,5.945,6.03,5.88,5.965,4786637
ACHR,2026-08-27 10:30:00-04:00,5.965,5.985,5.9126,5.935,3130151
ACHR,2026-08-27 11:30:00-04:00,5.935,5.96,5.91,5.9501,2874401
ACHR,2026-08-27 12:30:00-04:00,5.9537,5.99,5.94,5.94,2425749
ACHR,2026-08-27 13:30:00-04:00,5.945,5.9574,5.88,5.9101,2606060
ACHR,2026-08-27 14:30:00-04:00,5.92,5.97,5.91,5.93,2759046
ACHR,2026-08-27 15:30:00-04:00,5.935,5.97,5.925,5.93,3053135
ACHR,2026-08-28 09:30:00-04:00,5.88,5.9277,5.7,5.74,5944069
ACHR,2026-08-28 10:30:00-04:00,5.73,5.82,5.72,5.805,4297116
ACHR,2026-08-28 11:30:00-04:00,5.81,5.81,5.72,5.73,2756817
ACHR,2026-08-28 12:30:00-04:00,5.73,5.76,5.71,5.73,1949188
ACHR,2026-08-28 13:30:00-04:00,5.72,5.75,5.69,5.6999,1963390
ACHR,2026-08-28 14:30:00-04:00,5.69,5.77,5.68,5.76,2048198
ACHR,2026-08-28 15:30:00-04:00,5.755,5.79,5.725,5.755,3046345
ACHR,2026-08-31 09:30:00-04:00,5.7,5.93,5.69,5.785,4540527
ACHR,2026-08-31 10:30:00-04:00,5.78,5.8051,5.71,5.735,3328493
ACHR,2026-08-31 11:30:00-04:00,5.735,5.74,5.69,5.73,3693308
ACHR,2026-08-31 12:30:00-04:00,5.7275,5.765,5.72,5.725,2884602
ACHR,2026-08-31 13:30:00-04:00,5.725,5.82,5.72,5.78,3781277
ACHR,2026-08-31 14:30:00-04:00,5.78,5.82,5.77,5.81,2847278
ACHR,2026-08-31 15:30:00-04:00,5.806,5.845,5.75,5.78,5450577
ACHR,2026-09-01 09:30:00-04:00,5.63,5.655,5.48,5.555,4407719
ACHR,2026-09-01 10:30:00-04:00,5.56,5.565,5.5,5.505,2038291
ACHR,2026-09-01 11:30:00-04:00,5.505,5.6,5.5,5.565,3025335
ACHR,2026-09-01 12:30:00-04:00,5.56,5.59,5.535,5.5895,1750535
ACHR,2026-09-01 13:30:00-04:00,5.585,5.62,5.58,5.595,2511200
ACHR,2026-09-01 14:30:00-04:00,5.595,5.6,5.555,5.575,1974296
ACHR,2026-09-01 15:30:00-04:00,5.575,5.58,5.55,5.555,2660109
ACHR,2026-09-02 09:30:00-04:00,5.56,5.65,5.51,5.61,3683619
ACHR,2026-09-02 10:30:00-04:00,5.605,5.635,5.57,5.62,1901839
ACHR,2026-09-02 11:30:00-04:00,5.6176,5.62,5.54,5.555,1986815
ACHR,2026-09-02 12:30:00-04:00,5.555,5.59,5.55,5.585,1190598
ACHR,2026-09-02 13:30:00-04:00,5.5872,5.67,5.58,5.6596,1879162
ACHR,2026-09-02 14:30:00-04:00,5.6597,5.69,5.63,5.64,1498213
ACHR,2026-09-02 15:30:00-04:00,5.645,5.67,5.62,5.67,1668459
ACHR,2026-09-03 09:30:00-04:00,5.8,5.9599,5.765,5.8034,4726812
ACHR,2026-09-03 10:30:00-04:00,5.805,5.845,5.735,5.76,2244948
ACHR,2026-09-03 11:30:00-04:00,5.7679,5.78,5.71,5.73,1930831
ACHR,2026-09-03 12:30:00-04:00,5.7389,5.75,5.7,5.74,1453779
ACHR,2026-09-03 13:30:00-04:00,5.7399,5.79,5.735,5.7501,1563597
ACHR,2026-09-03 14:30:00-04:00,5.752,5.8001,5.74,5.795,1210035
ACHR,2026-09-03 15:30:00-04:00,5.795,5.795,5.74,5.765,2448139
UAVS,2026-07-06 09:30:00-04:00,0.8442,0.85,0.83,0.8304,122837
UAVS,2026-07-06 10:30:00-04:00,0.8321,0.8429,0.83,0.8425,43274
UAVS,2026-07-06 11:30:00-04:00,0.8424,0.8475,0.8381,0.8405,30839
UAVS,2026-07-06 12:30:00-04:00,0.843,0.8461,0.84,0.8422,32617
UAVS,2026-07-06 13:30:00-04:00,0.8428,0.8488,0.84,0.8408,74610
UAVS,2026-07-06 14:30:00-04:00,0.8403,0.8488,0.838,0.8441,22866
UAVS,2026-07-06 15:30:00-04:00,0.8441,0.85,0.8384,0.8424,71164
UAVS,2026-07-07 09:30:00-04:00,0.841,0.841,0.8053,0.8073,240953
UAVS,2026-07-07 10:30:00-04:00,0.8074,0.8105,0.807,0.8084,154287
UAVS,2026-07-07 11:30:00-04:00,0.807,0.8099,0.8049,0.8061,80359
UAVS,2026-07-07 12:30:00-04:00,0.808,0.8087,0.8046,0.8054,113542
UAVS,2026-07-07 13:30:00-04:00,0.8055,0.8055,0.8012,0.8021,79533
UAVS,2026-07-07 14:30:00-04:00,0.8021,0.8027,0.79,0.7922,159859
UAVS,2026-07-07 15:30:00-04:00,0.7922,0.806,0.7922,0.8059,63514
UAVS,2026-07-08 09:30:00-04:00,0.7769,0.81,0.7769,0.8036,212125
UAVS,2026-07-08 10:30:00-04:00,0.8055,0.8071,0.8,0.8,73418
UAVS,2026-07-08 11:30:00-04:00,0.8,0.8008,0.77,0.78,214020
UAVS,2026-07-08 12:30:00-04:00,0.7816,0.7876,0.7769,0.7876,76088
UAVS,2026-07-08 13:30:00-04:00,0.7876,0.7998,0.7855,0.7926,75685
UAVS,2026-07-08 14:30:00-04:00,0.7945,0.7998,0.79,0.7939,55772
UAVS,2026-07-08 15:30:00-04:00,0.7939,0.81,0.7911,0.8082,84015
UAVS,2026-07-09 09:30:00-04:00,0.818,0.82,0.8,0.8149,118918
UAVS,2026-07-09 10:30:00-04:00,0.8095,0.815,0.809,0.8124,52436
UAVS,2026-07-09 11:30:00-04:00,0.8102,0.8163,0.802,0.8139,161496
UAVS,2026-07-09 12:30:00-04:00,0.8131,0.816,0.801,0.8093,18443
UAVS,2026-07-09 13:30:00-04:00,0.81,0.8198,0.81,0.8101,68650
UAVS,2026-07-09 14:30:00-04:00,0.8101,0.8137,0.7917,0.7947,93531
UAVS,2026-07-09 15:30:00-04:00,0.7944,0.8042,0.79,0.7916,96030
UAVS,2026-07-10 09:30:00-04:00,0.7987,0.8,0.7731,0.7833,160843
UAVS,2026-07-10 10:30:00-04:00,0.7807,0.787,0.7732,0.7798,117630
UAVS,2026-07-10 11:30:00-04:00,0.7799,0.7799,0.7731,0.7755,24214
UAVS,2026-07-10 12:30:00-04:00,0.7754,0.7797,0.7751,0.7778,48396
UAVS,2026-07-10 13:30:00-04:00,0.7778,0.7794,0.7735,0.7789,21437
UAVS,2026-07-10 14:30:00-04:00,0.7779,0.7899,0.7779,0.7811,75139
UAVS,2026-07-10 15:30:00-04:00,0.7835,0.7941,0.7812,0.7854,30621
UAVS,2026-07-13 09:30:00-04:00,0.79,0.8,0.7701,0.7902,197715
UAVS,2026-07-13 10:30:00-04:00,0.7886,0.7886,0.7761,0.7803,25015
UAVS,2026-07-13 11:30:00-04:00,0.7878,0.7878,0.7655,0.7655,73889
UAVS,2026-07-13 12:30:00-04:00,0.7655,0.7693,0.763,0.7634,63159
UAVS,2026-07-13 13:30:00-04:00,0.7636,0.764,0.7531,0.7531,142228
UAVS,2026-07-13 14:30:00-04:00,0.7531,0.7546,0.7504,0.751,81599
UAVS,2026-07-13 15:30:00-04:00,0.7511,0.768,0.7435,0.768,235559
UAVS,2026-07-14 09:30:00-04:00,0.764,0.7798,0.76,0.77,107144
UAVS,2026-07-14 10:30:00-04:00,0.778,0.7798,0.77,0.7797,73939
UAVS,2026-07-14 11:30:00-04:00,0.7797,0.7856,0.7731,0.7829,33924
UAVS,2026-07-14 12:30:00-04:00,0.7818,0.784,0.775,0.7753,29725
UAVS,2026-07-14 13:30:00-04:00,0.776,0.7809,0.775,0.7798,35671
UAVS,2026-07-14 14:30:00-04:00,0.7778,0.779,0.7744,0.7756,35775
UAVS,2026-07-14 15:30:00-04:00,0.7757,0.7899,0.7745,0.7868,55035
UAVS,2026-07-15 09:30:00-04:00,0.7853,0.806,0.7823,0.8001,124581
UAVS,2026-07-15 10:30:00-04:00,0.8026,0.8052,0.795,0.7972,52020
UAVS,2026-07-15 11:30:00-04:00,0.8002,0.8002,0.7823,0.7866,39648
UAVS,2026-07-15 12:30:00-04:00,0.7866,0.792,0.7811,0.7894,54240
UAVS,2026-07-15 13:30:00-04:00,0.7865,0.7999,0.7836,0.7947,21331
UAVS,2026-07-15 14:30:00-04:00,0.785,0.7918,0.7836,0.7859,27310
UAVS,2026-07-15 15:30:00-04:00,0.7859,0.79,0.7842,0.7845,41138
UAVS,2026-07-16 09:30:00-04:00,0.78,0.7824,0.752,0.7595,121197
UAVS,2026-07-16 10:30:00-04:00,0.7595,0.7595,0.752,0.755,83861
UAVS,2026-07-16 11:30:00-04:00,0.7551,0.7578,0.75,0.75,81197
UAVS,2026-07-16 12:30:00-04:00,0.7501,0.753,0.7436,0.753,78189
UAVS,2026-07-16 13:30:00-04:00,0.7529,0.7568,0.748,0.7552,50168
UAVS,2026-07-16 14:30:00-04:00,0.7551,0.7568,0.7441,0.75,42466
UAVS,2026-07-16 15:30:00-04:00,0.75,0.7523,0.7452,0.7517,49348
UAVS,2026-07-17 09:30:00-04:00,0.7447,0.7457,0.7131,0.7354,171422
UAVS,2026-07-17 10:30:00-04:00,0.7355,0.7399,0.7151,0.7151,112856
UAVS,2026-07-17 11:30:00-04:00,0.7175,0.7227,0.7071,0.7176,165221
UAVS,2026-07-17 12:30:00-04:00,0.7175,0.7306,0.715,0.7289,121150
UAVS,2026-07-17 13:30:00-04:00,0.731,0.736,0.7222,0.7222,46872
UAVS,2026-07-17 14:30:00-04:00,0.7235,0.7289,0.7145,0.725,85257
UAVS,2026-07-17 15:30:00-04:00,0.725,0.7293,0.72,0.7224,36330
UAVS,2026-07-20 09:30:00-04:00,0.7282,0.7349,0.701,0.705,135014
UAVS,2026-07-20 10:30:00-04:00,0.7081,0.7137,0.6981,0.7081,323895
UAVS,2026-07-20 11:30:00-04:00,0.71,0.7269,0.7053,0.7229,76967
UAVS,2026-07-20 12:30:00-04:00,0.7229,0.7242,0.705,0.7102,36500
UAVS,2026-07-20 13:30:00-04:00,0.7151,0.7288,0.7151,0.7261,48194
UAVS,2026-07-20 14:30:00-04:00,0.7295,0.7393,0.72,0.7236,90799
UAVS,2026-07-20 15:30:00-04:00,0.7233,0.7393,0.7201,0.7338,32879
UAVS,2026-07-21 09:30:00-04:00,0.7409,0.7582,0.7248,0.7405,105171
UAVS,2026-07-21 10:30:00-04:00,0.7438,0.7536,0.7398,0.7496,107429
UAVS,2026-07-21 11:30:00-04:00,0.7487,0.755,0.7487,0.754,44149
UAVS,2026-07-21 12:30:00-04:00,0.7554,0.7558,0.75,0.75,30955
UAVS,2026-07-21 13:30:00-04:00,0.75,0.7523,0.7477,0.7523,13650
UAVS,2026-07-21 14:30:00-04:00,0.7526,0.7526,0.745,0.7472,18255
UAVS,2026-07-21 15:30:00-04:00,0.746,0.7549,0.7411,0.7549,42043
UAVS,2026-07-22 09:30:00-04:00,0.7475,0.76,0.735,0.746,191136
UAVS,2026-07-22 10:30:00-04:00,0.743,0.7493,0.74,0.7491,45733
UAVS,2026-07-22 11:30:00-04:00,0.7479,0.7493,0.7377,0.7377,31698
UAVS,2026-07-22 12:30:00-04:00,0.7417,0.7417,0.7277,0.7389,43682
UAVS,2026-07-22 13:30:00-04:00,0.7301,0.7389,0.717,0.7173,46233
UAVS,2026-07-22 14:30:00-04:00,0.7176,0.7243,0.7141,0.7143,42429
UAVS,2026-07-22 15:30:00-04:00,0.7142,0.7183,0.7127,0.7127,87218
UAVS,2026-07-23 09:30:00-04:00,0.7203,0.725,0.7101,0.712,129556
UAVS,2026-07-23 10:30:00-04:00,0.7143,0.719,0.69,0.6999,122402
UAVS,2026-07-23 11:30:00-04:00,0.6957,0.7062,0.695,0.7058,49116
UAVS,2026-07-23 12:30:00-04:00,0.7059,0.7099,0.703,0.707,43985
UAVS,2026-07-23 13:30:00-04:00,0.707,0.71,0.69,0.6936,165130
UAVS,2026-07-23 14:30:00-04:00,0.6943,0.7,0.6937,0.7,59538
UAVS,2026-07-23 15:30:00-04:00,0.6999,0.7,0.6941,0.6974,70354
UAVS,2026-07-24 09:30:00-04:00,0.7101,0.7111,0.67,0.6821,158790
UAVS,2026-07-24 10:30:00-04:00,0.681,0.6916,0.671,0.6916,153750
UAVS,2026-07-24 11:30:00-04:00,0.6946,0.6946,0.6833,0.6901,34491
UAVS,2026-07-24 12:30:00-04:00,0.6907,0.6907,0.683,0.6866,30128
UAVS,2026-07-24 13:30:00-04:00,0.6839,0.695,0.6838,0.6906,17574
UAVS,2026-07-24 14:30:00-04:00,0.6912,0.7051,0.69,0.702,167909
UAVS,2026-07-24 15:30:00-04:00,0.702,0.7171,0.697,0.7131,78358
UAVS,2026-07-27 09:30:00-04:00,0.7208,0.7296,0.71,0.7125,153531
UAVS,2026-07-27 10:30:00-04:00,0.71,0.71,0.69,0.69,135552
UAVS,2026-07-27 11:30:00-04:00,0.6901,0.6924,0.6823,0.6899,57405
UAVS,2026-07-27 12:30:00-04:00,0.69,0.6928,0.69,0.6918,60727
UAVS,2026-07-27 13:30:00-04:00,0.6918,0.705,0.6918,0.698,26301
UAVS,2026-07-27 14:30:00-04:00,0.6984,0.7014,0.6939,0.6974,50350
UAVS,2026-07-27 15:30:00-04:00,0.6965,0.706,0.6965,0.7007,64778
UAVS,2026-07-28 09:30:00-04:00,0.6832,0.6832,0.66,0.664,182386
UAVS,2026-07-28 10:30:00-04:00,0.6665,0.695,0.6639,0.687,146733
UAVS,2026-07-28 11:30:00-04:00,0.6932,0.6996,0.687,0.6932,40326
UAVS,2026-07-28 12:30:00-04:00,0.6895,0.6992,0.689,0.6914,95258
UAVS,2026-07-28 13:30:00-04:00,0.6936,0.6995,0.6901,0.6904,43689
UAVS,2026-07-28 14:30:00-04:00,0.6944,0.6945,0.6903,0.6943,35926
UAVS,2026-07-28 15:30:00-04:00,0.6943,0.6997,0.693,0.6995,69449
UAVS,2026-07-29 09:30:00-04:00,0.6964,0.7069,0.677,0.6779,113871
UAVS,2026-07-29 10:30:00-04:00,0.6762,0.6879,0.6643,0.6677,177579
UAVS,2026-07-29 11:30:00-04:00,0.6662,0.6663,0.6541,0.6615,73425
UAVS,2026-07-29 12:30:00-04:00,0.6613,0.6735,0.655,0.668,111732
UAVS,2026-07-29 13:30:00-04:00,0.6601,0.686,0.6601,0.6768,40007
UAVS,2026-07-29 14:30:00-04:00,0.6756,0.6798,0.6615,0.6717,37819
UAVS,2026-07-29 15:30:00-04:00,0.6664,0.6742,0.66,0.666,66231
UAVS,2026-07-30 09:30:00-04:00,0.6759,0.7153,0.671,0.7098,172854
UAVS,2026-07-30 10:30:00-04:00,0.7074,0.7081,0.6968,0.7033,46376
UAVS,2026-07-30 11:30:00-04:00,0.7043,0.7074,0.704,0.7071,35547
UAVS,2026-07-30 12:30:00-04:00,0.7071,0.7175,0.705,0.7164,189305
UAVS,2026-07-30 13:30:00-04:00,0.717,0.727,0.7154,0.7178,113624
UAVS,2026-07-30 14:30:00-04:00,0.72,0.7253,0.7158,0.7228,69375
UAVS,2026-07-30 15:30:00-04:00,0.7226,0.725,0.7105,0.7151,122194
UAVS,2026-07-31 09:30:00-04:00,0.7207,0.7223,0.6808,0.6884,150857
UAVS,2026-07-31 10:30:00-04:00,0.6898,0.7,0.6834,0.6909,49320
UAVS,2026-07-31 11:30:00-04:00,0.6934,0.6934,0.6831,0.6866,44719
UAVS,2026-07-31 12:30:00-04:00,0.6866,0.6995,0.6866,0.6942,47038
UAVS,2026-07-31 13:30:00-04:00,0.6946,0.7,0.69,0.7,41040
UAVS,2026-07-31 14:30:00-04:00,0.702,0.702,0.6906,0.7001,23793
UAVS,2026-07-31 15:30:00-04:00,0.7001,0.7018,0.698,0.6981,25134
UAVS,2026-08-03 09:30:00-04:00,0.6959,0.7101,0.6935,0.7078,184381
UAVS,2026-08-03 10:30:00-04:00,0.708,0.7161,0.7044,0.7086,93144
UAVS,2026-08-03 11:30:00-04:00,0.7089,0.715,0.7086,0.7122,27552
UAVS,2026-08-03 12:30:00-04:00,0.7123,0.715,0.7111,0.715,66932
UAVS,2026-08-03 13:30:00-04:00,0.7145,0.715,0.7136,0.7148,26899
UAVS,2026-08-03 14:30:00-04:00,0.7147,0.7351,0.7146,0.7351,168246
UAVS,2026-08-03 15:30:00-04:00,0.7328,0.733,0.719,0.7192,115675
UAVS,2026-08-04 09:30:00-04:00,0.7249,0.7602,0.721,0.7469,515305
UAVS,2026-08-04 10:30:00-04:00,0.7453,0.7595,0.7453,0.754,81721
UAVS,2026-08-04 11:30:00-04:00,0.7552,0.757,0.7445,0.7489,97633
UAVS,2026-08-04 12:30:00-04:00,0.7456,0.7554,0.7413,0.7554,11068
UAVS,2026-08-04 13:30:00-04:00,0.7554,0.7554,0.7333,0.7382,57492
UAVS,2026-08-04 14:30:00-04:00,0.7382,0.753,0.735,0.7525,118183
UAVS,2026-08-04 15:30:00-04:00,0.7522,0.7524,0.7351,0.7462,69723
UAVS,2026-08-05 09:30:00-04:00,0.76,0.76,0.7215,0.7359,198371
UAVS,2026-08-05 10:30:00-04:00,0.7358,0.7371,0.722,0.727,46736
UAVS,2026-08-05 11:30:00-04:00,0.7263,0.7319,0.7235,0.7318,19758
UAVS,2026-08-05 12:30:00-04:00,0.729,0.73,0.7211,0.7219,25698
UAVS,2026-08-05 13:30:00-04:00,0.7219,0.7305,0.7219,0.7277,10943
UAVS,2026-08-05 14:30:00-04:00,0.7276,0.729,0.7244,0.7289,21593
UAVS,2026-08-05 15:30:00-04:00,0.7273,0.729,0.72,0.7268,55470
UAVS,2026-08-06 09:30:00-04:00,0.734,0.7399,0.7205,0.7362,114037
UAVS,2026-08-06 10:30:00-04:00,0.7278,0.7353,0.7245,0.7251,16100
UAVS,2026-08-06 11:30:00-04:00,0.7252,0.7252,0.722,0.722,21270
UAVS,2026-08-06 12:30:00-04:00,0.722,0.727,0.72,0.7235,26793
UAVS,2026-08-06 13:30:00-04:00,0.7231,0.7249,0.72,0.7204,51911
UAVS,2026-08-06 14:30:00-04:00,0.7209,0.7214,0.7173,0.7175,53892
UAVS,2026-08-06 15:30:00-04:00,0.7175,0.7241,0.715,0.7229,76033
UAVS,2026-08-07 09:30:00-04:00,0.85,0.94,0.83,0.9171,4892033
UAVS,2026-08-07 10:30:00-04:00,0.9169,0.9589,0.911,0.9198,3759682
UAVS,2026-08-07 11:30:00-04:00,0.9197,0.9258,0.911,0.9199,459372
UAVS,2026-08-07 12:30:00-04:00,0.9175,0.9484,0.9128,0.936,603262
UAVS,2026-08-07 13:30:00-04:00,0.934,0.9499,0.93,0.9364,248805
UAVS,2026-08-07 14:30:00-04:00,0.9319,0.9393,0.915,0.9201,462298
UAVS,2026-08-07 15:30:00-04:00,0.92,0.9263,0.91,0.9122,188734
UAVS,2026-08-10 09:30:00-04:00,0.936,1.1,0.936,1.0739,4144603
UAVS,2026-08-10 10:30:00-04:00,1.079,1.09,1.045,1.069,862111
UAVS,2026-08-10 11:30:00-04:00,1.0668,1.075,1.0,1.01,721731
UAVS,2026-08-10 12:30:00-04:00,1.01,1.02,1.0,1.0011,358853
UAVS,2026-08-10 13:30:00-04:00,1.01,1.02,1.0,1.01,151439
UAVS,2026-08-10 14:30:00-04:00,1.01,1.015,1.0,1.0,192670
UAVS,2026-08-10 15:30:00-04:00,1.01,1.02,1.0,1.01,201879
UAVS,2026-08-11 09:30:00-04:00,1.06,1.0696,1.0,1.06,1040598
UAVS,2026-08-11 10:30:00-04:00,1.055,1.09,1.03,1.0709,635468
UAVS,2026-08-11 11:30:00-04:00,1.075,1.0799,1.04,1.04,213195
UAVS,2026-08-11 12:30:00-04:00,1.045,1.045,1.01,1.015,310498
UAVS,2026-08-11 13:30:00-04:00,1.015,1.02,1.0,1.0,117381
UAVS,2026-08-11 14:30:00-04:00,1.0,1.01,1.0,1.0,171395
UAVS,2026-08-11 15:30:00-04:00,1.0,1.03,0.9751,0.99,437440
UAVS,2026-08-12 09:30:00-04:00,1.0,1.01,0.92,0.9536,1367475
UAVS,2026-08-12 10:30:00-04:00,0.9518,0.9691,0.9388,0.9435,371223
UAVS,2026-08-12 11:30:00-04:00,0.9435,0.9467,0.9413,0.9462,148759
UAVS,2026-08-12 12:30:00-04:00,0.943,0.9464,0.9425,0.9425,108733
UAVS,2026-08-12 13:30:00-04:00,0.9426,0.944,0.942,0.942,75374
UAVS,2026-08-12 14:30:00-04:00,0.942,0.9421,0.9408,0.9408,61950
UAVS,2026-08-12 15:30:00-04:00,0.9409,0.942,0.9408,0.9409,133773
UAVS,2026-08-13 09:30:00-04:00,0.945,1.0,0.9401,0.9997,685035
UAVS,2026-08-13 10:30:00-04:00,1.0,1.02,0.999,1.02,420248
UAVS,2026-08-13 11:30:00-04:00,1.02,1.07,1.0109,1.0481,512894
UAVS,2026-08-13 12:30:00-04:00,1.045,1.07,1.0402,1.055,415115
UAVS,2026-08-13 13:30:00-04:00,1.055,1.08,1.05,1.06,465202
UAVS,2026-08-13 14:30:00-04:00,1.0512,1.07,1.05,1.0609,179727
UAVS,2026-08-13 15:30:00-04:00,1.062,1.07,1.05,1.06,151825
UAVS,2026-08-14 09:30:00-04:00,1.09,1.13,1.0404,1.0755,2408991
UAVS,2026-08-14 10:30:00-04:00,1.08,1.105,1.07,1.095,445758
UAVS,2026-08-14 11:30:00-04:00,1.095,1.11,1.08,1.1035,257362
UAVS,2026-08-14 12:30:00-04:00,1.105,1.11,1.08,1.08,142883
UAVS,2026-08-14 13:30:00-04:00,1.08,1.09,1.0709,1.085,130349
UAVS,2026-08-14 14:30:00-04:00,1.0886,1.09,1.0737,1.085,193297
UAVS,2026-08-14 15:30:00-04:00,1.0802,1.09,1.08,1.085,150251
UAVS,2026-08-17 09:30:00-04:00,1.03,1.05,0.99,1.01,1293123
UAVS,2026-08-17 10:30:00-04:00,1.01,1.02,0.9808,0.9947,409597
UAVS,2026-08-17 11:30:00-04:00,0.9947,0.9947,0.9801,0.9819,213263
UAVS,2026-08-17 12:30:00-04:00,0.982,0.988,0.98,0.9801,265447
UAVS,2026-08-17 13:30:00-04:00,0.9801,0.9801,0.9502,0.9503,931425
UAVS,2026-08-17 14:30:00-04:00,0.9502,0.9502,0.9015,0.9275,1093618
UAVS,2026-08-17 15:30:00-04:00,0.9274,0.9274,0.91,0.9103,266351
UAVS,2026-08-18 09:30:00-04:00,0.8802,0.94,0.851,0.9116,1031155
UAVS,2026-08-18 10:30:00-04:00,0.9116,0.9116,0.88,0.8871,536235
UAVS,2026-08-18 11:30:00-04:00,0.8802,0.8833,0.868,0.8781,392878
UAVS,2026-08-18 12:30:00-04:00,0.8782,0.8799,0.87,0.8702,163112
UAVS,2026-08-18 13:30:00-04:00,0.8702,0.8702,0.868,0.868,39681
UAVS,2026-08-18 14:30:00-04:00,0.868,0.8681,0.8511,0.8515,209710
UAVS,2026-08-18 15:30:00-04:00,0.8514,0.8527,0.851,0.8511,131838
UAVS,2026-08-19 09:30:00-04:00,0.8601,0.8836,0.8515,0.8728,488877
UAVS,2026-08-19 10:30:00-04:00,0.8728,0.8934,0.8713,0.8925,90717
UAVS,2026-08-19 11:30:00-04:00,0.8917,0.8933,0.89,0.8901,85228
UAVS,2026-08-19 12:30:00-04:00,0.89,0.892,0.8808,0.8809,61919
UAVS,2026-08-19 13:30:00-04:00,0.8809,0.892,0.8809,0.888,79577
UAVS,2026-08-19 14:30:00-04:00,0.8894,0.8917,0.886,0.8871,50603
UAVS,2026-08-19 15:30:00-04:00,0.8883,0.9262,0.8873,0.915,143147
UAVS,2026-08-20 09:30:00-04:00,0.9,0.93,0.8701,0.8756,381092
UAVS,2026-08-20 10:30:00-04:00,0.8737,0.895,0.8737,0.893,88512
UAVS,2026-08-20 11:30:00-04:00,0.8931,0.8949,0.8819,0.8832,56442
UAVS,2026-08-20 12:30:00-04:00,0.8822,0.89,0.8821,0.8823,70466
UAVS,2026-08-20 13:30:00-04:00,0.8821,0.897,0.88,0.8852,100521
UAVS,2026-08-20 14:30:00-04:00,0.8853,0.9078,0.882,0.8993,80691
UAVS,2026-08-20 15:30:00-04:00,0.9003,0.9124,0.8925,0.8932,68450
UAVS,2026-08-21 09:30:00-04:00,0.9283,1.04,0.9283,1.0373,1352564
UAVS,2026-08-21 10:30:00-04:00,1.035,1.09,1.02,1.07,1266860
UAVS,2026-08-21 11:30:00-04:00,1.07,1.07,1.02,1.031,1007522
UAVS,2026-08-21 12:30:00-04:00,1.03,1.0499,1.01,1.035,365494
UAVS,2026-08-21 13:30:00-04:00,1.035,1.05,1.035,1.045,101871
UAVS,2026-08-21 14:30:00-04:00,1.04,1.049,1.02,1.03,134223
UAVS,2026-08-21 15:30:00-04:00,1.021,1.04,1.01,1.025,253245
UAVS,2026-08-24 09:30:00-04:00,1.0,1.07,0.9922,1.065,1353664
UAVS,2026-08-24 10:30:00-04:00,1.07,1.09,1.04,1.05,409378
UAVS,2026-08-24 11:30:00-04:00,1.05,1.07,1.05,1.065,107652
UAVS,2026-08-24 12:30:00-04:00,1.0622,1.08,1.06,1.075,183695
UAVS,2026-08-24 13:30:00-04:00,1.0755,1.08,1.06,1.075,91110
UAVS,2026-08-24 14:30:00-04:00,1.0724,1.08,1.06,1.069,101753
UAVS,2026-08-24 15:30:00-04:00,1.07,1.08,1.06,1.075,287663
UAVS,2026-08-25 09:30:00-04:00,1.08,1.12,1.07,1.08,829767
UAVS,2026-08-25 10:30:00-04:00,1.079,1.08,1.07,1.08,167365
UAVS,2026-08-25 11:30:00-04:00,1.075,1.09,1.07,1.085,238511
UAVS,2026-08-25 12:30:00-04:00,1.085,1.09,1.07,1.075,151180
UAVS,2026-08-25 13:30:00-04:00,1.075,1.09,1.07,1.07,149522
UAVS,2026-08-25 14:30:00-04:00,1.07,1.08,1.06,1.065,176946
UAVS,2026-08-25 15:30:00-04:00,1.0655,1.08,1.06,1.075,177031
UAVS,2026-08-26 09:30:00-04:00,1.07,1.09,1.055,1.0812,547064
UAVS,2026-08-26 10:30:00-04:00,1.085,1.09,1.06,1.0601,136180
UAVS,2026-08-26 11:30:00-04:00,1.065,1.07,1.06,1.065,79996
UAVS,2026-08-26 12:30:00-04:00,1.065,1.09,1.065,1.085,99134
UAVS,2026-08-26 13:30:00-04:00,1.0888,1.095,1.08,1.09,145920
UAVS,2026-08-26 14:30:00-04:00,1.0892,1.09,1.08,1.08,73485
UAVS,2026-08-26 15:30:00-04:00,1.085,1.1,1.08,1.09,210859
UAVS,2026-08-27 09:30:00-04:00,1.11,1.13,1.079,1.125,498958
UAVS,2026-08-27 10:30:00-04:00,1.125,1.13,1.11,1.115,260446
UAVS,2026-08-27 11:30:00-04:00,1.1154,1.12,1.1,1.102,163357
UAVS,2026-08-27 12:30:00-04:00,1.105,1.13,1.105,1.125,173890
UAVS,2026-08-27 13:30:00-04:00,1.1299,1.13,1.105,1.105,94737
UAVS,2026-08-27 14:30:00-04:00,1.105,1.12,1.105,1.12,87557
UAVS,2026-08-27 15:30:00-04:00,1.1101,1.12,1.11,1.12,114700
UAVS,2026-08-28 09:30:00-04:00,1.13,1.16,1.07,1.08,1236868
UAVS,2026-08-28 10:30:00-04:00,1.09,1.1,1.08,1.09,212800
UAVS,2026-08-28 11:30:00-04:00,1.095,1.1,1.06,1.075,327783
UAVS,2026-08-28 12:30:00-04:00,1.0741,1.08,1.06,1.0788,177583
UAVS,2026-08-28 13:30:00-04:00,1.07,1.075,1.055,1.055,172776
UAVS,2026-08-28 14:30:00-04:00,1.06,1.07,1.055,1.065,181225
UAVS,2026-08-28 15:30:00-04:00,1.065,1.08,1.0601,1.075,103955
UAVS,2026-08-31 09:30:00-04:00,1.07,1.11,1.0504,1.1002,512624
UAVS,2026-08-31 10:30:00-04:00,1.1,1.115,1.09,1.105,305864
UAVS,2026-08-31 11:30:00-04:00,1.109,1.125,1.105,1.115,218582
UAVS,2026-08-31 12:30:00-04:00,1.1191,1.12,1.095,1.095,86434
UAVS,2026-08-31 13:30:00-04:00,1.0901,1.1,1.08,1.099,134064
UAVS,2026-08-31 14:30:00-04:00,1.0965,1.1,1.08,1.085,70584
UAVS,2026-08-31 15:30:00-04:00,1.085,1.12,1.08,1.115,261685
UAVS,2026-09-01 09:30:00-04:00,1.08,1.1,1.02,1.04,681760
UAVS,2026-09-01 10:30:00-04:00,1.045,1.0496,1.03,1.035,165982
UAVS,2026-09-01 11:30:00-04:00,1.03,1.05,1.03,1.045,246479
UAVS,2026-09-01 12:30:00-04:00,1.045,1.0499,1.03,1.04,174938
UAVS,2026-09-01 13:30:00-04:00,1.05,1.05,1.034,1.04,77903
UAVS,2026-09-01 14:30:00-04:00,1.04,1.05,1.03,1.05,80008
UAVS,2026-09-01 15:30:00-04:00,1.045,1.05,1.03,1.035,132141
UAVS,2026-09-02 09:30:00-04:00,1.07,1.151,1.07,1.1355,1176652
UAVS,2026-09-02 10:30:00-04:00,1.14,1.14,1.08,1.085,173844
UAVS,2026-09-02 11:30:00-04:00,1.08,1.09,1.07,1.085,136800
UAVS,2026-09-02 12:30:00-04:00,1.0801,1.087,1.07,1.0736,85702
UAVS,2026-09-02 13:30:00-04:00,1.07,1.0999,1.07,1.085,156468
UAVS,2026-09-02 14:30:00-04:00,1.08,1.0898,1.0737,1.08,75130
UAVS,2026-09-02 15:30:00-04:00,1.08,1.09,1.075,1.08,90818
UAVS,2026-09-03 09:30:00-04:00,1.1,1.14,1.08,1.1,572441
UAVS,2026-09-03 10:30:00-04:00,1.1,1.115,1.09,1.115,120853
UAVS,2026-09-03 11:30:00-04:00,1.115,1.14,1.1,1.135,364324
UAVS,2026-09-03 12:30:00-04:00,1.14,1.14,1.11,1.115,160822
UAVS,2026-09-03 13:30:00-04:00,1.115,1.13,1.11,1.115,91848
UAVS,2026-09-03 14:30:00-04:00,1.115,1.1199,1.1,1.105,68970
UAVS,2026-09-03 15:30:00-04:00,1.1,1.11,1.1,1.1,70446
LAES,2026-07-06 09:30:00-04:00,2.98,3.115,2.975,3.0602,2449582
LAES,2026-07-06 10:30:00-04:00,3.065,3.13,3.06,3.125,3395112
LAES,2026-07-06 11:30:00-04:00,3.125,3.1499,3.1,3.105,1891645
LAES,2026-07-06 12:30:00-04:00,3.105,3.1242,3.0301,3.0402,1594300
LAES,2026-07-06 13:30:00-04:00,3.05,3.055,3.01,3.0382,1175596
LAES,2026-07-06 14:30:00-04:00,3.04,3.04,2.98,3.02,1091357
LAES,2026-07-06 15:30:00-04:00,3.015,3.02,2.97,3.005,938905
LAES,2026-07-07 09:30:00-04:00,2.92,2.94,2.75,2.7799,3620988
LAES,2026-07-07 10:30:00-04:00,2.785,2.8,2.74,2.7899,1843845
LAES,2026-07-07 11:30:00-04:00,2.79,2.845,2.77,2.8387,1993098
LAES,2026-07-07 12:30:00-04:00,2.84,2.86,2.82,2.855,931011
LAES,2026-07-07 13:30:00-04:00,2.855,2.87,2.83,2.835,1553604
LAES,2026-07-07 14:30:00-04:00,2.835,2.8399,2.77,2.7849,1214470
LAES,2026-07-07 15:30:00-04:00,2.785,2.815,2.78,2.815,857191
LAES,2026-07-08 09:30:00-04:00,2.73,2.91,2.73,2.855,2888783
LAES,2026-07-08 10:30:00-04:00,2.859,2.87,2.78,2.7874,1495764
LAES,2026-07-08 11:30:00-04:00,2.7894,2.83,2.76,2.829,1327092
LAES,2026-07-08 12:30:00-04:00,2.82,2.84,2.76,2.8187,2070461
LAES,2026-07-08 13:30:00-04:00,2.82,2.84,2.79,2.8171,1289584
LAES,2026-07-08 14:30:00-04:00,2.815,2.835,2.8,2.8299,798781
LAES,2026-07-08 15:30:00-04:00,2.83,2.85,2.815,2.845,398384
LAES,2026-07-09 09:30:00-04:00,2.85,2.9199,2.795,2.88,2164177
LAES,2026-07-09 10:30:00-04:00,2.88,2.895,2.83,2.86,2353640
LAES,2026-07-09 11:30:00-04:00,2.855,2.87,2.83,2.845,2510189
LAES,2026-07-09 12:30:00-04:00,2.85,2.89,2.84,2.88,1767061
LAES,2026-07-09 13:30:00-04:00,2.88,2.9,2.87,2.88,1286972
LAES,2026-07-09 14:30:00-04:00,2.8811,2.9,2.8601,2.8601,1260348
LAES,2026-07-09 15:30:00-04:00,2.87,2.88,2.86,2.875,497981
LAES,2026-07-10 09:30:00-04:00,2.935,2.97,2.835,2.87,2779949
LAES,2026-07-10 10:30:00-04:00,2.88,2.89,2.8,2.855,1597220
LAES,2026-07-10 11:30:00-04:00,2.85,2.855,2.8101,2.84,1492504
LAES,2026-07-10 12:30:00-04:00,2.84,2.86,2.83,2.855,1161793
LAES,2026-07-10 13:30:00-04:00,2.8501,2.86,2.82,2.825,553058
LAES,2026-07-10 14:30:00-04:00,2.825,2.84,2.8128,2.825,505922
LAES,2026-07-10 15:30:00-04:00,2.825,2.83,2.8,2.815,421139
LAES,2026-07-13 09:30:00-04:00,2.74,2.75,2.6601,2.735,2063738
LAES,2026-07-13 10:30:00-04:00,2.7302,2.755,2.68,2.745,1289353
LAES,2026-07-13 11:30:00-04:00,2.745,2.75,2.7,2.705,1741625
LAES,2026-07-13 12:30:00-04:00,2.705,2.73,2.68,2.71,1720848
LAES,2026-07-13 13:30:00-04:00,2.7014,2.725,2.69,2.7,853964
LAES,2026-07-13 14:30:00-04:00,2.7,2.71,2.665,2.675,440290
LAES,2026-07-13 15:30:00-04:00,2.68,2.72,2.66,2.72,978900
LAES,2026-07-14 09:30:00-04:00,2.78,2.79,2.7,2.715,1220825
LAES,2026-07-14 10:30:00-04:00,2.71,2.735,2.685,2.71,2753506
LAES,2026-07-14 11:30:00-04:00,2.7101,2.73,2.6901,2.7201,2432506
LAES,2026-07-14 12:30:00-04:00,2.7212,2.7299,2.67,2.69,1662310
LAES,2026-07-14 13:30:00-04:00,2.69,2.73,2.6801,2.72,986920
LAES,2026-07-14 14:30:00-04:00,2.72,2.73,2.7,2.71,982720
LAES,2026-07-14 15:30:00-04:00,2.705,2.74,2.7,2.725,797236
LAES,2026-07-15 09:30:00-04:00,2.75,2.8,2.66,2.68,1288930
LAES,2026-07-15 10:30:00-04:00,2.69,2.7,2.62,2.655,4015798
LAES,2026-07-15 11:30:00-04:00,2.6529,2.66,2.59,2.605,2127174
LAES,2026-07-15 12:30:00-04:00,2.6099,2.66,2.59,2.655,2612337
LAES,2026-07-15 13:30:00-04:00,2.655,2.68,2.65,2.675,926777
LAES,2026-07-15 14:30:00-04:00,2.675,2.675,2.62,2.63,891735
LAES,2026-07-15 15:30:00-04:00,2.64,2.67,2.63,2.67,545944
LAES,2026-07-16 09:30:00-04:00,2.52,2.57,2.48,2.5199,2580327
LAES,2026-07-16 10:30:00-04:00,2.515,2.515,2.47,2.495,2361317
LAES,2026-07-16 11:30:00-04:00,2.495,2.65,2.44,2.46,1330953
LAES,2026-07-16 12:30:00-04:00,2.455,2.47,2.42,2.4399,2040431
LAES,2026-07-16 13:30:00-04:00,2.4302,2.46,2.425,2.4501,1149024
LAES,2026-07-16 14:30:00-04:00,2.455,2.455,2.4301,2.4457,1076215
LAES,2026-07-16 15:30:00-04:00,2.445,2.45,2.43,2.45,672117
LAES,2026-07-17 09:30:00-04:00,2.3625,2.48,2.35,2.475,2725692
LAES,2026-07-17 10:30:00-04:00,2.475,2.4797,2.415,2.4497,3624591
LAES,2026-07-17 11:30:00-04:00,2.445,2.52,2.4301,2.4932,2255445
LAES,2026-07-17 12:30:00-04:00,2.5,2.57,2.49,2.565,1816794
LAES,2026-07-17 13:30:00-04:00,2.57,2.58,2.51,2.515,2385505
LAES,2026-07-17 14:30:00-04:00,2.515,2.535,2.49,2.515,2380542
LAES,2026-07-17 15:30:00-04:00,2.515,2.55,2.5,2.55,1009847
LAES,2026-07-20 09:30:00-04:00,2.55,2.62,2.51,2.5499,2436272
LAES,2026-07-20 10:30:00-04:00,2.5499,2.5499,2.51,2.525,1928522
LAES,2026-07-20 11:30:00-04:00,2.53,2.56,2.5,2.5401,2156054
LAES,2026-07-20 12:30:00-04:00,2.545,2.5566,2.53,2.545,1237766
LAES,2026-07-20 13:30:00-04:00,2.5401,2.57,2.5301,2.555,1199906
LAES,2026-07-20 14:30:00-04:00,2.555,2.57,2.54,2.555,3159732
LAES,2026-07-20 15:30:00-04:00,2.555,2.57,2.54,2.57,1820767
LAES,2026-07-21 09:30:00-04:00,2.6,2.645,2.57,2.6401,2022124
LAES,2026-07-21 10:30:00-04:00,2.645,2.67,2.61,2.665,1893330
LAES,2026-07-21 11:30:00-04:00,2.665,2.67,2.64,2.65,2168782
LAES,2026-07-21 12:30:00-04:00,2.65,2.66,2.625,2.6299,1219263
LAES,2026-07-21 13:30:00-04:00,2.63,2.64,2.58,2.585,2367656
LAES,2026-07-21 14:30:00-04:00,2.58,2.6,2.57,2.595,1725895
LAES,2026-07-21 15:30:00-04:00,2.595,2.61,2.58,2.6,560346
LAES,2026-07-22 09:30:00-04:00,2.58,2.65,2.55,2.615,1221603
LAES,2026-07-22 10:30:00-04:00,2.62,2.64,2.58,2.625,2952431
LAES,2026-07-22 11:30:00-04:00,2.625,2.64,2.61,2.625,3530645
LAES,2026-07-22 12:30:00-04:00,2.6299,2.6462,2.6,2.615,2314138
LAES,2026-07-22 13:30:00-04:00,2.62,2.625,2.57,2.575,1511338
LAES,2026-07-22 14:30:00-04:00,2.5789,2.6,2.565,2.585,1387261
LAES,2026-07-22 15:30:00-04:00,2.585,2.62,2.57,2.615,916798
LAES,2026-07-23 09:30:00-04:00,2.55,2.64,2.53,2.615,2025247
LAES,2026-07-23 10:30:00-04:00,2.615,2.62,2.51,2.515,1849044
LAES,2026-07-23 11:30:00-04:00,2.515,2.565,2.51,2.55,3796856
LAES,2026-07-23 12:30:00-04:00,2.555,2.57,2.535,2.555,1841354
LAES,2026-07-23 13:30:00-04:00,2.555,2.56,2.53,2.545,1736955
LAES,2026-07-23 14:30:00-04:00,2.545,2.5799,2.53,2.57,2351226
LAES,2026-07-23 15:30:00-04:00,2.575,2.58,2.54,2.58,1255676
LAES,2026-07-24 09:30:00-04:00,2.53,2.57,2.45,2.475,2598280
LAES,2026-07-24 10:30:00-04:00,2.47,2.505,2.44,2.5,3013422
LAES,2026-07-24 11:30:00-04:00,2.5,2.51,2.4701,2.5,2248118
LAES,2026-07-24 12:30:00-04:00,2.5,2.5,2.46,2.485,1450003
LAES,2026-07-24 13:30:00-04:00,2.485,2.4899,2.45,2.465,1597153
LAES,2026-07-24 14:30:00-04:00,2.4601,2.4699,2.44,2.455,1477046
LAES,2026-07-24 15:30:00-04:00,2.455,2.47,2.43,2.44,1324355
LAES,2026-07-27 09:30:00-04:00,2.47,2.5599,2.439,2.439,2219840
LAES,2026-07-27 10:30:00-04:00,2.435,2.44,2.37,2.415,3995035
LAES,2026-07-27 11:30:00-04:00,2.415,2.455,2.39,2.445,4415491
LAES,2026-07-27 12:30:00-04:00,2.45,2.46,2.4,2.405,3585129
LAES,2026-07-27 13:30:00-04:00,2.405,2.43,2.4,2.4237,2743707
LAES,2026-07-27 14:30:00-04:00,2.425,2.47,2.41,2.465,4055132
LAES,2026-07-27 15:30:00-04:00,2.4601,2.49,2.445,2.485,1393433
LAES,2026-07-28 09:30:00-04:00,2.4,2.41,2.26,2.2799,2526016
LAES,2026-07-28 10:30:00-04:00,2.275,2.36,2.27,2.3501,3635044
LAES,2026-07-28 11:30:00-04:00,2.351,2.375,2.33,2.3401,3237701
LAES,2026-07-28 12:30:00-04:00,2.345,2.37,2.33,2.355,2724421
LAES,2026-07-28 13:30:00-04:00,2.35,2.36,2.32,2.3299,5199280
LAES,2026-07-28 14:30:00-04:00,2.325,2.36,2.32,2.3599,3157006
LAES,2026-07-28 15:30:00-04:00,2.355,2.36,2.33,2.345,979199
LAES,2026-07-29 09:30:00-04:00,2.3,2.34,2.25,2.255,1748266
LAES,2026-07-29 10:30:00-04:00,2.255,2.26,2.22,2.25,3209491
LAES,2026-07-29 11:30:00-04:00,2.2501,2.27,2.23,2.2699,5082818
LAES,2026-07-29 12:30:00-04:00,2.27,2.28,2.25,2.2699,9396277
LAES,2026-07-29 13:30:00-04:00,2.265,2.33,2.265,2.2929,3233412
LAES,2026-07-29 14:30:00-04:00,2.295,2.35,2.27,2.28,4037851
LAES,2026-07-29 15:30:00-04:00,2.29,2.3,2.23,2.25,1506977
LAES,2026-07-30 09:30:00-04:00,2.3,2.39,2.3,2.3776,1851960
LAES,2026-07-30 10:30:00-04:00,2.3793,2.39,2.31,2.315,3738432
LAES,2026-07-30 11:30:00-04:00,2.315,2.36,2.31,2.3401,3205131
LAES,2026-07-30 12:30:00-04:00,2.345,2.35,2.32,2.345,2606795
LAES,2026-07-30 13:30:00-04:00,2.345,2.35,2.325,2.335,1393059
LAES,2026-07-30 14:30:00-04:00,2.3398,2.35,2.32,2.3408,1080125
LAES,2026-07-30 15:30:00-04:00,2.3401,2.36,2.34,2.35,1028537
LAES,2026-07-31 09:30:00-04:00,2.44,2.47,2.34,2.39,3322730
LAES,2026-07-31 10:30:00-04:00,2.385,2.4,2.35,2.3502,3159365
LAES,2026-07-31 11:30:00-04:00,2.36,2.37,2.33,2.345,3926406
LAES,2026-07-31 12:30:00-04:00,2.35,2.3699,2.34,2.35,2022280
LAES,2026-07-31 13:30:00-04:00,2.36,2.38,2.35,2.37,3417300
LAES,2026-07-31 14:30:00-04:00,2.37,2.37,2.35,2.365,1736147
LAES,2026-07-31 15:30:00-04:00,2.365,2.38,2.35,2.355,772278
LAES,2026-08-03 09:30:00-04:00,2.34,2.48,2.32,2.475,1612640
LAES,2026-08-03 10:30:00-04:00,2.48,2.545,2.475,2.505,2848047
LAES,2026-08-03 11:30:00-04:00,2.505,2.53,2.49,2.53,1858039
LAES,2026-08-03 12:30:00-04:00,2.5253,2.53,2.49,2.525,1515940
LAES,2026-08-03 13:30:00-04:00,2.525,2.54,2.51,2.52,585619
LAES,2026-08-03 14:30:00-04:00,2.52,2.53,2.51,2.51,1726477
LAES,2026-08-03 15:30:00-04:00,2.52,2.52,2.5,2.52,1084435
LAES,2026-08-04 09:30:00-04:00,2.62,2.65,2.51,2.5401,2483404
LAES,2026-08-04 10:30:00-04:00,2.545,2.56,2.53,2.545,1470616
LAES,2026-08-04 11:30:00-04:00,2.545,2.58,2.54,2.575,1687034
LAES,2026-08-04 12:30:00-04:00,2.575,2.59,2.56,2.57,1022344
LAES,2026-08-04 13:30:00-04:00,2.565,2.57,2.54,2.565,1302758
LAES,2026-08-04 14:30:00-04:00,2.5635,2.57,2.53,2.5401,1198189
LAES,2026-08-04 15:30:00-04:00,2.5406,2.56,2.53,2.535,784607
LAES,2026-08-05 09:30:00-04:00,2.48,2.53,2.455,2.4897,1586648
LAES,2026-08-05 10:30:00-04:00,2.48,2.4897,2.44,2.47,2049696
LAES,2026-08-05 11:30:00-04:00,2.465,2.48,2.44,2.48,849499
LAES,2026-08-05 12:30:00-04:00,2.475,2.48,2.44,2.45,838961
LAES,2026-08-05 13:30:00-04:00,2.455,2.46,2.44,2.445,326264
LAES,2026-08-05 14:30:00-04:00,2.445,2.46,2.43,2.46,649605
LAES,2026-08-05 15:30:00-04:00,2.46,2.47,2.43,2.46,780881
LAES,2026-08-06 09:30:00-04:00,2.46,2.53,2.392,2.505,1875122
LAES,2026-08-06 10:30:00-04:00,2.505,2.535,2.49,2.5299,1801806
LAES,2026-08-06 11:30:00-04:00,2.5263,2.535,2.475,2.48,1589633
LAES,2026-08-06 12:30:00-04:00,2.4754,2.5,2.47,2.495,1032466
LAES,2026-08-06 13:30:00-04:00,2.49,2.51,2.485,2.49,1031035
LAES,2026-08-06 14:30:00-04:00,2.495,2.5,2.48,2.49,653903
LAES,2026-08-06 15:30:00-04:00,2.49,2.495,2.47,2.48,378343
LAES,2026-08-07 09:30:00-04:00,2.5099,2.549,2.4701,2.52,1807766
LAES,2026-08-07 10:30:00-04:00,2.52,2.54,2.5,2.535,3617266
LAES,2026-08-07 11:30:00-04:00,2.54,2.56,2.525,2.55,2846108
LAES,2026-08-07 12:30:00-04:00,2.56,2.57,2.53,2.5598,1586843
LAES,2026-08-07 13:30:00-04:00,2.5599,2.56,2.54,2.54,811116
LAES,2026-08-07 14:30:00-04:00,2.542,2.58,2.53,2.5799,2192780
LAES,2026-08-07 15:30:00-04:00,2.58,2.6,2.56,2.5799,855687
LAES,2026-08-10 09:30:00-04:00,2.57,2.585,2.5,2.55,1965513
LAES,2026-08-10 10:30:00-04:00,2.55,2.57,2.54,2.5501,1500881
LAES,2026-08-10 11:30:00-04:00,2.555,2.6,2.55,2.575,1104969
LAES,2026-08-10 12:30:00-04:00,2.5799,2.58,2.55,2.555,1066644
LAES,2026-08-10 13:30:00-04:00,2.555,2.57,2.54,2.55,529149
LAES,2026-08-10 14:30:00-04:00,2.5501,2.5781,2.55,2.575,329850
LAES,2026-08-10 15:30:00-04:00,2.575,2.58,2.55,2.57,696262
LAES,2026-08-11 09:30:00-04:00,2.59,2.6193,2.55,2.5889,621214
LAES,2026-08-11 10:30:00-04:00,2.585,2.59,2.56,2.565,792116
LAES,2026-08-11 11:30:00-04:00,2.565,2.58,2.55,2.555,303750
LAES,2026-08-11 12:30:00-04:00,2.555,2.56,2.54,2.545,540801
LAES,2026-08-11 13:30:00-04:00,2.545,2.56,2.53,2.5499,247855
LAES,2026-08-11 14:30:00-04:00,2.55,2.575,2.54,2.565,387546
LAES,2026-08-11 15:30:00-04:00,2.568,2.58,2.56,2.5651,306778
LAES,2026-08-12 09:30:00-04:00,2.61,2.63,2.57,2.615,1578248
LAES,2026-08-12 10:30:00-04:00,2.61,2.61,2.58,2.5885,1010443
LAES,2026-08-12 11:30:00-04:00,2.58,2.5999,2.57,2.585,643717
LAES,2026-08-12 12:30:00-04:00,2.585,2.635,2.58,2.625,959635
LAES,2026-08-12 13:30:00-04:00,2.6299,2.63,2.61,2.625,705850
LAES,2026-08-12 14:30:00-04:00,2.625,2.64,2.615,2.635,908794
LAES,2026-08-12 15:30:00-04:00,2.635,2.69,2.62,2.68,960700
LAES,2026-08-13 09:30:00-04:00,2.66,2.8,2.6299,2.7899,1869739
LAES,2026-08-13 10:30:00-04:00,2.785,2.79,2.69,2.7111,1609565
LAES,2026-08-13 11:30:00-04:00,2.72,2.84,2.71,2.79,2803190
LAES,2026-08-13 12:30:00-04:00,2.7899,2.79,2.75,2.7791,1236108
LAES,2026-08-13 13:30:00-04:00,2.78,2.79,2.76,2.775,983771
LAES,2026-08-13 14:30:00-04:00,2.775,2.83,2.76,2.825,1640909
LAES,2026-08-13 15:30:00-04:00,2.825,2.87,2.8101,2.8499,2005849
LAES,2026-08-14 09:30:00-04:00,2.84,2.965,2.82,2.955,2934122
LAES,2026-08-14 10:30:00-04:00,2.96,3.02,2.95,2.98,2968479
LAES,2026-08-14 11:30:00-04:00,2.985,3.07,2.96,3.04,2812679
LAES,2026-08-14 12:30:00-04:00,3.05,3.06,2.99,2.995,1746064
LAES,2026-08-14 13:30:00-04:00,3.0,3.0,2.95,2.9548,2345869
LAES,2026-08-14 14:30:00-04:00,2.96,3.0,2.94,2.995,1291293
LAES,2026-08-14 15:30:00-04:00,2.995,3.02,2.98,3.015,1045190
LAES,2026-08-17 09:30:00-04:00,2.94,2.98,2.84,2.8803,2801938
LAES,2026-08-17 10:30:00-04:00,2.89,2.935,2.85,2.925,1397650
LAES,2026-08-17 11:30:00-04:00,2.925,2.93,2.88,2.905,1121654
LAES,2026-08-17 12:30:00-04:00,2.905,2.92,2.89,2.8999,998326
LAES,2026-08-17 13:30:00-04:00,2.895,2.9,2.88,2.8902,728303
LAES,2026-08-17 14:30:00-04:00,2.89,2.91,2.88,2.895,672759
LAES,2026-08-17 15:30:00-04:00,2.895,2.91,2.89,2.895,351424
LAES,2026-08-18 09:30:00-04:00,2.7,2.81,2.67,2.7589,2702133
LAES,2026-08-18 10:30:00-04:00,2.755,2.79,2.73,2.785,1631629
LAES,2026-08-18 11:30:00-04:00,2.785,2.81,2.76,2.7901,1241117
LAES,2026-08-18 12:30:00-04:00,2.785,2.815,2.78,2.8,568342
LAES,2026-08-18 13:30:00-04:00,2.795,2.8,2.77,2.7808,664578
LAES,2026-08-18 14:30:00-04:00,2.78,2.79,2.76,2.785,799680
LAES,2026-08-18 15:30:00-04:00,2.785,2.79,2.74,2.742,673252
LAES,2026-08-19 09:30:00-04:00,2.78,2.81,2.63,2.63,3302150
LAES,2026-08-19 10:30:00-04:00,2.63,2.71,2.62,2.71,1728978
LAES,2026-08-19 11:30:00-04:00,2.71,2.71,2.59,2.64,4631643
LAES,2026-08-19 12:30:00-04:00,2.64,2.65,2.6,2.62,1222071
LAES,2026-08-19 13:30:00-04:00,2.63,2.64,2.61,2.6151,973060
LAES,2026-08-19 14:30:00-04:00,2.615,2.62,2.59,2.598,1170809
LAES,2026-08-19 15:30:00-04:00,2.6,2.615,2.5802,2.61,1940823
LAES,2026-08-20 09:30:00-04:00,2.59,2.62,2.52,2.535,1773541
LAES,2026-08-20 10:30:00-04:00,2.535,2.55,2.48,2.5,1933297
LAES,2026-08-20 11:30:00-04:00,2.49,2.505,2.48,2.5,866954
LAES,2026-08-20 12:30:00-04:00,2.5,2.515,2.49,2.4902,1777947
LAES,2026-08-20 13:30:00-04:00,2.49,2.53,2.49,2.505,864626
LAES,2026-08-20 14:30:00-04:00,2.505,2.52,2.49,2.515,613455
LAES,2026-08-20 15:30:00-04:00,2.52,2.55,2.49,2.495,1287679
LAES,2026-08-21 09:30:00-04:00,2.5,2.59,2.5,2.56,2391586
LAES,2026-08-21 10:30:00-04:00,2.555,2.56,2.48,2.4945,1987480
LAES,2026-08-21 11:30:00-04:00,2.495,2.54,2.49,2.525,2007268
LAES,2026-08-21 12:30:00-04:00,2.525,2.53,2.5,2.515,1113009
LAES,2026-08-21 13:30:00-04:00,2.515,2.53,2.515,2.5258,525098
LAES,2026-08-21 14:30:00-04:00,2.525,2.58,2.52,2.5765,1052861
LAES,2026-08-21 15:30:00-04:00,2.575,2.59,2.5401,2.56,901622
LAES,2026-08-24 09:30:00-04:00,2.48,2.51,2.45,2.505,1566513
LAES,2026-08-24 10:30:00-04:00,2.51,2.52,2.47,2.5013,1100759
LAES,2026-08-24 11:30:00-04:00,2.5,2.52,2.48,2.495,560320
LAES,2026-08-24 12:30:00-04:00,2.495,2.5,2.47,2.4801,692230
LAES,2026-08-24 13:30:00-04:00,2.4801,2.49,2.45,2.4759,791539
LAES,2026-08-24 14:30:00-04:00,2.475,2.48,2.45,2.48,643104
LAES,2026-08-24 15:30:00-04:00,2.4784,2.49,2.465,2.48,575327
LAES,2026-08-25 09:30:00-04:00,2.515,2.55,2.48,2.515,982886
LAES,2026-08-25 10:30:00-04:00,2.51,2.54,2.5,2.52,688719
LAES,2026-08-25 11:30:00-04:00,2.53,2.55,2.51,2.5165,539726
LAES,2026-08-25 12:30:00-04:00,2.51,2.525,2.5,2.51,619439
LAES,2026-08-25 13:30:00-04:00,2.515,2.53,2.48,2.5219,232264
LAES,2026-08-25 14:30:00-04:00,2.525,2.53,2.5,2.505,397036
LAES,2026-08-25 15:30:00-04:00,2.5,2.5355,2.5,2.53,752490
LAES,2026-08-26 09:30:00-04:00,2.525,2.54,2.47,2.47,969784
LAES,2026-08-26 10:30:00-04:00,2.4723,2.49,2.45,2.45,1064820
LAES,2026-08-26 11:30:00-04:00,2.458,2.48,2.44,2.47,911666
LAES,2026-08-26 12:30:00-04:00,2.465,2.49,2.46,2.485,325831
LAES,2026-08-26 13:30:00-04:00,2.48,2.49,2.47,2.475,241002
LAES,2026-08-26 14:30:00-04:00,2.48,2.5,2.47,2.49,437699
LAES,2026-08-26 15:30:00-04:00,2.485,2.49,2.46,2.4801,430767
LAES,2026-08-27 09:30:00-04:00,2.53,2.59,2.52,2.5733,1882296
LAES,2026-08-27 10:30:00-04:00,2.575,2.62,2.56,2.6,1339955
LAES,2026-08-27 11:30:00-04:00,2.6045,2.62,2.59,2.59,1134092
LAES,2026-08-27 12:30:00-04:00,2.595,2.62,2.59,2.6068,512269
LAES,2026-08-27 13:30:00-04:00,2.6,2.61,2.58,2.58,591323
LAES,2026-08-27 14:30:00-04:00,2.58,2.61,2.58,2.6,385065
LAES,2026-08-27 15:30:00-04:00,2.6,2.63,2.6,2.6,593293
LAES,2026-08-28 09:30:00-04:00,2.6,2.6,2.48,2.505,1041958
LAES,2026-08-28 10:30:00-04:00,2.505,2.54,2.5,2.52,1714365
LAES,2026-08-28 11:30:00-04:00,2.5201,2.53,2.4501,2.465,2752255
LAES,2026-08-28 12:30:00-04:00,2.465,2.475,2.44,2.455,1024418
LAES,2026-08-28 13:30:00-04:00,2.451,2.46,2.44,2.44,783722
LAES,2026-08-28 14:30:00-04:00,2.445,2.47,2.44,2.47,592215
LAES,2026-08-28 15:30:00-04:00,2.465,2.5,2.46,2.5,596046
LAES,2026-08-31 09:30:00-04:00,2.47,2.525,2.4502,2.485,1125645
LAES,2026-08-31 10:30:00-04:00,2.48,2.5,2.46,2.4772,950569
LAES,2026-08-31 11:30:00-04:00,2.48,2.49,2.47,2.475,413271
LAES,2026-08-31 12:30:00-04:00,2.4791,2.49,2.47,2.475,834429
LAES,2026-08-31 13:30:00-04:00,2.47,2.48,2.46,2.465,418756
LAES,2026-08-31 14:30:00-04:00,2.465,2.475,2.46,2.4747,339814
LAES,2026-08-31 15:30:00-04:00,2.48,2.49,2.47,2.48,287447
LAES,2026-09-01 09:30:00-04:00,2.42,2.4398,2.37,2.385,1751763
LAES,2026-09-01 10:30:00-04:00,2.385,2.39,2.36,2.365,1153903
LAES,2026-09-01 11:30:00-04:00,2.365,2.38,2.35,2.36,931953
LAES,2026-09-01 12:30:00-04:00,2.365,2.37,2.35,2.36,932611
LAES,2026-09-01 13:30:00-04:00,2.37,2.37,2.35,2.36,447564
LAES,2026-09-01 14:30:00-04:00,2.36,2.38,2.33,2.38,849634
LAES,2026-09-01 15:30:00-04:00,2.375,2.39,2.37,2.385,676447
LAES,2026-09-02 09:30:00-04:00,2.37,2.41,2.36,2.3939,787351
LAES,2026-09-02 10:30:00-04:00,2.395,2.4,2.36,2.36,341078
LAES,2026-09-02 11:30:00-04:00,2.365,2.38,2.36,2.37,311832
LAES,2026-09-02 12:30:00-04:00,2.37,2.37,2.35,2.35,251934
LAES,2026-09-02 13:30:00-04:00,2.35,2.39,2.35,2.39,245417
LAES,2026-09-02 14:30:00-04:00,2.385,2.405,2.36,2.37,1167387
LAES,2026-09-02 15:30:00-04:00,2.36,2.37,2.355,2.355,379976
LAES,2026-09-03 09:30:00-04:00,2.38,2.43,2.38,2.415,1093320
LAES,2026-09-03 10:30:00-04:00,2.42,2.43,2.39,2.415,859136
LAES,2026-09-03 11:30:00-04:00,2.415,2.42,2.38,2.395,609821
LAES,2026-09-03 12:30:00-04:00,2.395,2.4,2.38,2.38,605719
LAES,2026-09-03 13:30:00-04:00,2.38,2.4,2.38,2.385,624667
LAES,2026-09-03 14:30:00-04:00,2.39,2.43,2.38,2.425,832059
LAES,2026-09-03 15:30:00-04:00,2.425,2.43,2.4,2.4047,745047
IONQ,2026-07-06 09:30:00-04:00,49.04,50.86,48.8,50.73,3510146
IONQ,2026-07-06 10:30:00-04:00,50.725,51.095,50.28,50.98,1376533
IONQ,2026-07-06 11:30:00-04:00,50.94,51.33,50.65,50.96,850038
IONQ,2026-07-06 12:30:00-04:00,50.91,51.06,49.6,49.62,1187100
IONQ,2026-07-06 13:30:00-04:00,49.62,49.81,48.97,49.52,1228746
IONQ,2026-07-06 14:30:00-04:00,49.48,49.59,49.06,49.395,1249612
IONQ,2026-07-06 15:30:00-04:00,49.395,49.44,48.79,48.87,1967182
IONQ,2026-07-07 09:30:00-04:00,47.54,47.95,44.05,44.6,5814918
IONQ,2026-07-07 10:30:00-04:00,44.6199,45.31,44.024,45.17,2904441
IONQ,2026-07-07 11:30:00-04:00,45.18,46.05,44.67,45.9,2263843
IONQ,2026-07-07 12:30:00-04:00,45.91,46.44,45.68,46.24,1173081
IONQ,2026-07-07 13:30:00-04:00,46.25,46.76,46.1646,46.29,1126874
IONQ,2026-07-07 14:30:00-04:00,46.29,46.32,45.26,45.58,1505403
IONQ,2026-07-07 15:30:00-04:00,45.54,45.9625,45.27,45.375,1872869
IONQ,2026-07-08 09:30:00-04:00,44.36,46.23,44.36,45.525,4961685
IONQ,2026-07-08 10:30:00-04:00,45.525,45.82,44.092,44.195,2092620
IONQ,2026-07-08 11:30:00-04:00,44.1975,44.52,43.72,44.48,1563640
IONQ,2026-07-08 12:30:00-04:00,44.45,44.7994,44.245,44.78,1175146
IONQ,2026-07-08 13:30:00-04:00,44.79,45.405,44.56,45.075,865347
IONQ,2026-07-08 14:30:00-04:00,45.07,45.09,44.57,44.895,1313372
IONQ,2026-07-08 15:30:00-04:00,44.9,45.32,44.69,45.08,1718529
IONQ,2026-07-09 09:30:00-04:00,45.5,46.0,44.37,45.07,4282662
IONQ,2026-07-09 10:30:00-04:00,45.04,45.53,44.73,45.36,1827772
IONQ,2026-07-09 11:30:00-04:00,45.38,45.57,44.85,44.99,1155904
IONQ,2026-07-09 12:30:00-04:00,44.99,45.475,44.81,45.42,941552
IONQ,2026-07-09 13:30:00-04:00,45.43,45.54,45.14,45.4,879092
IONQ,2026-07-09 14:30:00-04:00,45.4,45.675,45.08,45.24,1001471
IONQ,2026-07-09 15:30:00-04:00,45.23,45.4,44.73,44.75,1394363
IONQ,2026-07-10 09:30:00-04:00,45.32,45.45,42.63,43.175,4606127
IONQ,2026-07-10 10:30:00-04:00,43.175,43.5,42.4,43.25,2766564
IONQ,2026-07-10 11:30:00-04:00,43.25,43.25,42.63,43.0,1204988
IONQ,2026-07-10 12:30:00-04:00,43.0,43.5,42.99,43.39,912366
IONQ,2026-07-10 13:30:00-04:00,43.39,43.63,43.21,43.38,854019
IONQ,2026-07-10 14:30:00-04:00,43.4,43.52,43.005,43.07,960008
IONQ,2026-07-10 15:30:00-04:00,43.055,43.21,42.86,42.885,1535647
IONQ,2026-07-13 09:30:00-04:00,42.07,42.1811,39.95,40.59,5663480
IONQ,2026-07-13 10:30:00-04:00,40.57,40.73,39.94,40.08,2480454
IONQ,2026-07-13 11:30:00-04:00,40.08,40.27,39.105,39.305,3329506
IONQ,2026-07-13 12:30:00-04:00,39.3,39.55,38.67,39.04,2381414
IONQ,2026-07-13 13:30:00-04:00,39.04,39.12,38.72,38.86,2003155
IONQ,2026-07-13 14:30:00-04:00,38.85,39.12,38.68,38.77,2049752
IONQ,2026-07-13 15:30:00-04:00,38.77,39.05,38.62,38.905,2827983
IONQ,2026-07-14 09:30:00-04:00,40.04,40.442,38.745,39.015,5358330
IONQ,2026-07-14 10:30:00-04:00,39.02,39.47,38.9,39.24,1849380
IONQ,2026-07-14 11:30:00-04:00,39.23,39.44,38.95,39.4199,1152627
IONQ,2026-07-14 12:30:00-04:00,39.42,39.44,38.72,39.28,1375942
IONQ,2026-07-14 13:30:00-04:00,39.2825,39.7,39.15,39.32,1092473
IONQ,2026-07-14 14:30:00-04:00,39.33,39.52,39.03,39.03,1270463
IONQ,2026-07-14 15:30:00-04:00,39.03,39.345,38.87,39.29,1731125
IONQ,2026-07-15 09:30:00-04:00,40.0,40.07,37.77,38.065,5197719
IONQ,2026-07-15 10:30:00-04:00,38.065,38.33,37.38,37.69,2657089
IONQ,2026-07-15 11:30:00-04:00,37.72,37.81,36.87,37.01,2082566
IONQ,2026-07-15 12:30:00-04:00,37.01,37.67,36.86,37.5208,1816021
IONQ,2026-07-15 13:30:00-04:00,37.53,37.855,37.41,37.81,1622878
IONQ,2026-07-15 14:30:00-04:00,37.81,37.905,36.93,37.15,2457273
IONQ,2026-07-15 15:30:00-04:00,37.16,37.58,37.16,37.52,1840032
IONQ,2026-07-16 09:30:00-04:00,37.0,37.2431,35.7,36.28,5654526
IONQ,2026-07-16 10:30:00-04:00,36.26,36.335,35.565,35.88,3699517
IONQ,2026-07-16 11:30:00-04:00,35.895,35.93,35.29,35.6,2327240
IONQ,2026-07-16 12:30:00-04:00,35.59,35.645,34.895,35.13,2635419
IONQ,2026-07-16 13:30:00-04:00,35.12,35.19,34.6708,35.13,2524885
IONQ,2026-07-16 14:30:00-04:00,35.13,35.42,34.9201,35.085,2521420
IONQ,2026-07-16 15:30:00-04:00,35.09,35.18,34.8101,35.115,2490995
IONQ,2026-07-17 09:30:00-04:00,34.99,35.41,33.29,34.12,7491160
IONQ,2026-07-17 10:30:00-04:00,34.11,34.37,33.74,34.255,3301091
IONQ,2026-07-17 11:30:00-04:00,34.25,35.43,34.06,35.12,2387125
IONQ,2026-07-17 12:30:00-04:00,35.1,35.91,34.915,35.81,1805696
IONQ,2026-07-17 13:30:00-04:00,35.8,35.8395,35.03,35.16,1624630
IONQ,2026-07-17 14:30:00-04:00,35.15,35.3595,34.6,34.79,2317012
IONQ,2026-07-17 15:30:00-04:00,34.8,34.955,34.6663,34.75,2664509
IONQ,2026-07-20 09:30:00-04:00,35.05,36.3,34.58,35.13,4789946
IONQ,2026-07-20 10:30:00-04:00,35.1,35.17,34.4263,34.84,2321767
IONQ,2026-07-20 11:30:00-04:00,34.8399,35.25,34.52,35.02,1642478
IONQ,2026-07-20 12:30:00-04:00,35.04,35.15,34.8,34.915,1148524
IONQ,2026-07-20 13:30:00-04:00,34.92,35.22,34.745,35.19,1239563
IONQ,2026-07-20 14:30:00-04:00,35.185,35.21,34.435,34.67,1637946
IONQ,2026-07-20 15:30:00-04:00,34.67,34.955,34.21,34.24,2173005
IONQ,2026-07-21 09:30:00-04:00,35.46,35.93,34.7,35.79,6127993
IONQ,2026-07-21 10:30:00-04:00,35.79,35.91,35.27,35.8294,2668572
IONQ,2026-07-21 11:30:00-04:00,35.81,36.065,35.4218,35.5899,2009923
IONQ,2026-07-21 12:30:00-04:00,35.59,35.78,35.4447,35.61,1554499
IONQ,2026-07-21 13:30:00-04:00,35.605,35.7498,35.459,35.475,1192999
IONQ,2026-07-21 14:30:00-04:00,35.47,35.56,35.07,35.12,1303105
IONQ,2026-07-21 15:30:00-04:00,35.115,35.63,35.095,35.52,2303750
IONQ,2026-07-22 09:30:00-04:00,35.34,35.99,35.06,35.6,4423817
IONQ,2026-07-22 10:30:00-04:00,35.61,35.965,35.26,35.8599,1789799
IONQ,2026-07-22 11:30:00-04:00,35.86,35.8836,35.46,35.58,1142480
IONQ,2026-07-22 12:30:00-04:00,35.57,35.82,35.29,35.47,1327546
IONQ,2026-07-22 13:30:00-04:00,35.46,35.52,34.91,34.94,1211452
IONQ,2026-07-22 14:30:00-04:00,34.94,35.14,34.72,34.89,1302161
IONQ,2026-07-22 15:30:00-04:00,34.89,34.925,34.655,34.69,1671260
IONQ,2026-07-23 09:30:00-04:00,34.0,35.5177,33.96,34.65,5489286
IONQ,2026-07-23 10:30:00-04:00,34.64,34.8,33.565,33.655,2940920
IONQ,2026-07-23 11:30:00-04:00,33.67,34.59,33.61,34.565,1999239
IONQ,2026-07-23 12:30:00-04:00,34.57,34.59,34.165,34.53,1181034
IONQ,2026-07-23 13:30:00-04:00,34.52,34.54,34.16,34.21,1216853
IONQ,2026-07-23 14:30:00-04:00,34.22,34.3595,33.93,34.29,1033811
IONQ,2026-07-23 15:30:00-04:00,34.29,34.42,34.02,34.1,1695252
IONQ,2026-07-24 09:30:00-04:00,34.1,34.3,32.71,33.25,4391380
IONQ,2026-07-24 10:30:00-04:00,33.25,33.79,32.5601,33.565,2469498
IONQ,2026-07-24 11:30:00-04:00,33.56,33.835,33.4,33.575,1257431
IONQ,2026-07-24 12:30:00-04:00,33.56,33.61,33.04,33.35,1110255
IONQ,2026-07-24 13:30:00-04:00,33.34,33.49,33.16,33.22,943949
IONQ,2026-07-24 14:30:00-04:00,33.23,33.23,32.815,33.1,1539838
IONQ,2026-07-24 15:30:00-04:00,33.11,33.18,32.71,32.84,1788129
IONQ,2026-07-27 09:30:00-04:00,34.47,37.17,34.3,35.77,10045401
IONQ,2026-07-27 10:30:00-04:00,35.78,35.88,34.6,35.05,4310883
IONQ,2026-07-27 11:30:00-04:00,35.03,35.46,34.7199,35.36,2220035
IONQ,2026-07-27 12:30:00-04:00,35.36,35.62,34.59,34.6,1835895
IONQ,2026-07-27 13:30:00-04:00,34.61,34.89,34.39,34.54,1651304
IONQ,2026-07-27 14:30:00-04:00,34.55,35.61,34.3,35.61,2981634
IONQ,2026-07-27 15:30:00-04:00,35.605,35.97,35.39,35.92,2518133
IONQ,2026-07-28 09:30:00-04:00,34.18,34.65,32.12,32.495,7509771
IONQ,2026-07-28 10:30:00-04:00,32.495,34.11,32.31,34.0399,3448896
IONQ,2026-07-28 11:30:00-04:00,34.02,34.29,33.675,33.77,1695685
IONQ,2026-07-28 12:30:00-04:00,33.77,34.095,33.56,33.74,1104214
IONQ,2026-07-28 13:30:00-04:00,33.74,33.8388,33.485,33.585,1096835
IONQ,2026-07-28 14:30:00-04:00,33.585,33.89,33.33,33.875,1448955
IONQ,2026-07-28 15:30:00-04:00,33.87,33.91,33.645,33.875,1749217
IONQ,2026-07-29 09:30:00-04:00,33.72,34.0,32.7,32.81,6422212
IONQ,2026-07-29 10:30:00-04:00,32.81,33.135,32.555,32.735,2678894
IONQ,2026-07-29 11:30:00-04:00,32.735,32.89,32.0001,32.3,2416133
IONQ,2026-07-29 12:30:00-04:00,32.29,32.83,32.27,32.585,1567254
IONQ,2026-07-29 13:30:00-04:00,32.58,33.37,32.46,32.89,1821457
IONQ,2026-07-29 14:30:00-04:00,32.9,34.32,32.73,32.93,2704672
IONQ,2026-07-29 15:30:00-04:00,32.93,33.1,31.8101,32.005,2859434
IONQ,2026-07-30 09:30:00-04:00,33.165,35.23,33.0,35.05,5643198
IONQ,2026-07-30 10:30:00-04:00,35.05,35.23,34.17,34.36,2924118
IONQ,2026-07-30 11:30:00-04:00,34.35,34.845,34.31,34.73,1343710
IONQ,2026-07-30 12:30:00-04:00,34.7008,35.02,34.49,34.88,1127224
IONQ,2026-07-30 13:30:00-04:00,34.88,35.14,34.73,34.92,1100318
IONQ,2026-07-30 14:30:00-04:00,34.93,35.775,34.74,35.71,2149869
IONQ,2026-07-30 15:30:00-04:00,35.705,36.1799,35.63,35.765,3382372
IONQ,2026-07-31 09:30:00-04:00,36.49,37.645,35.584,36.14,6432701
IONQ,2026-07-31 10:30:00-04:00,36.17,36.66,35.82,36.0,2231477
IONQ,2026-07-31 11:30:00-04:00,36.01,36.28,35.75,36.07,1385031
IONQ,2026-07-31 12:30:00-04:00,36.0805,36.42,35.755,36.365,1208738
IONQ,2026-07-31 13:30:00-04:00,36.36,36.6399,36.22,36.4795,1062145
IONQ,2026-07-31 14:30:00-04:00,36.4673,36.665,36.29,36.63,1213057
IONQ,2026-07-31 15:30:00-04:00,36.63,36.69,36.3,36.43,1781845
IONQ,2026-08-03 09:30:00-04:00,35.83,39.365,35.4263,39.365,7434111
IONQ,2026-08-03 10:30:00-04:00,39.37,40.16,39.22,39.5126,3412563
IONQ,2026-08-03 11:30:00-04:00,39.515,39.998,39.45,39.92,1748143
IONQ,2026-08-03 12:30:00-04:00,39.93,40.02,39.58,39.77,1463722
IONQ,2026-08-03 13:30:00-04:00,39.77,40.13,39.755,39.785,1376672
IONQ,2026-08-03 14:30:00-04:00,39.79,39.975,39.4273,39.515,1626274
IONQ,2026-08-03 15:30:00-04:00,39.52,39.66,38.78,38.835,3352891
IONQ,2026-08-04 09:30:00-04:00,39.635,41.81,39.58,40.315,7914354
IONQ,2026-08-04 10:30:00-04:00,40.32,41.06,40.15,40.92,3215823
IONQ,2026-08-04 11:30:00-04:00,40.915,41.63,40.81,41.525,2284834
IONQ,2026-08-04 12:30:00-04:00,41.525,41.79,41.395,41.525,1758746
IONQ,2026-08-04 13:30:00-04:00,41.52,41.92,41.435,41.895,1618672
IONQ,2026-08-04 14:30:00-04:00,41.9,42.05,41.46,41.62,1725213
IONQ,2026-08-04 15:30:00-04:00,41.63,42.03,41.44,41.76,2182113
IONQ,2026-08-05 09:30:00-04:00,40.95,41.9,40.07,40.3851,7989069
IONQ,2026-08-05 10:30:00-04:00,40.38,40.79,39.7,40.5,3050905
IONQ,2026-08-05 11:30:00-04:00,40.49,40.82,40.185,40.72,1542849
IONQ,2026-08-05 12:30:00-04:00,40.72,40.97,40.48,40.85,1433340
IONQ,2026-08-05 13:30:00-04:00,40.84,40.88,40.48,40.57,1215062
IONQ,2026-08-05 14:30:00-04:00,40.575,40.78,40.25,40.755,1642117
IONQ,2026-08-05 15:30:00-04:00,40.77,40.8,39.9,39.92,3135296
IONQ,2026-08-06 09:30:00-04:00,41.37,41.8599,39.74,41.24,11573076
IONQ,2026-08-06 10:30:00-04:00,41.265,41.88,40.68,41.16,3248368
IONQ,2026-08-06 11:30:00-04:00,41.16,41.33,39.92,40.11,2342753
IONQ,2026-08-06 12:30:00-04:00,40.1,40.9,39.97,40.7944,1746037
IONQ,2026-08-06 13:30:00-04:00,40.78,40.86,40.04,40.53,1578359
IONQ,2026-08-06 14:30:00-04:00,40.54,40.5807,40.18,40.375,1352886
IONQ,2026-08-06 15:30:00-04:00,40.375,40.46,39.655,39.67,2349584
IONQ,2026-08-07 09:30:00-04:00,41.715,43.16,40.0,42.55,10809072
IONQ,2026-08-07 10:30:00-04:00,42.56,42.81,41.71,42.77,2685305
IONQ,2026-08-07 11:30:00-04:00,42.78,43.97,42.77,43.335,4483183
IONQ,2026-08-07 12:30:00-04:00,43.33,43.46,42.785,43.15,2107327
IONQ,2026-08-07 13:30:00-04:00,43.15,43.75,42.86,43.465,1627371
IONQ,2026-08-07 14:30:00-04:00,43.46,44.53,43.0807,44.46,3126764
IONQ,2026-08-07 15:30:00-04:00,44.45,44.615,43.84,44.44,3238832
IONQ,2026-08-10 09:30:00-04:00,43.24,44.2,42.2,43.5899,6123367
IONQ,2026-08-10 10:30:00-04:00,43.58,43.92,43.095,43.31,2127608
IONQ,2026-08-10 11:30:00-04:00,43.3,43.875,43.11,43.39,1419087
IONQ,2026-08-10 12:30:00-04:00,43.38,43.385,43.06,43.1699,1031160
IONQ,2026-08-10 13:30:00-04:00,43.165,43.23,42.7294,42.7397,1112154
IONQ,2026-08-10 14:30:00-04:00,42.74,42.95,42.65,42.88,972727
IONQ,2026-08-10 15:30:00-04:00,42.89,43.09,42.43,42.5149,2029101
IONQ,2026-08-11 09:30:00-04:00,43.02,43.71,42.18,43.17,4033532
IONQ,2026-08-11 10:30:00-04:00,43.17,43.3426,42.85,43.02,1438512
IONQ,2026-08-11 11:30:00-04:00,43.01,43.13,42.435,42.49,1026287
IONQ,2026-08-11 12:30:00-04:00,42.49,42.795,42.28,42.72,891628
IONQ,2026-08-11 13:30:00-04:00,42.725,42.92,42.45,42.64,1052046
IONQ,2026-08-11 14:30:00-04:00,42.65,43.73,42.6357,43.695,1551360
IONQ,2026-08-11 15:30:00-04:00,43.7,44.02,43.415,43.42,1939625
IONQ,2026-08-12 09:30:00-04:00,44.64,44.8,42.855,43.7306,6482958
IONQ,2026-08-12 10:30:00-04:00,43.72,43.82,43.06,43.08,2626192
IONQ,2026-08-12 11:30:00-04:00,43.085,44.36,42.84,44.06,2673571
IONQ,2026-08-12 12:30:00-04:00,44.07,44.895,44.01,44.7213,1604784
IONQ,2026-08-12 13:30:00-04:00,44.72,45.5399,44.69,45.21,1705879
IONQ,2026-08-12 14:30:00-04:00,45.2,45.4259,44.93,45.16,1474849
IONQ,2026-08-12 15:30:00-04:00,45.175,45.31,44.875,45.19,1864979
IONQ,2026-08-13 09:30:00-04:00,44.9,47.945,44.73,47.6693,6898500
IONQ,2026-08-13 10:30:00-04:00,47.66,47.74,45.28,45.6692,3745062
IONQ,2026-08-13 11:30:00-04:00,45.65,45.8395,45.11,45.41,1986112
IONQ,2026-08-13 12:30:00-04:00,45.415,45.54,45.12,45.25,1144892
IONQ,2026-08-13 13:30:00-04:00,45.24,45.77,45.2,45.46,1133592
IONQ,2026-08-13 14:30:00-04:00,45.47,46.29,45.435,45.81,1547374
IONQ,2026-08-13 15:30:00-04:00,45.8,45.84,44.94,44.98,2535529
IONQ,2026-08-14 09:30:00-04:00,44.7,46.78,44.36,46.52,5775709
IONQ,2026-08-14 10:30:00-04:00,46.53,46.6976,45.87,46.0801,2468230
IONQ,2026-08-14 11:30:00-04:00,46.092,47.27,45.87,46.94,2336525
IONQ,2026-08-14 12:30:00-04:00,46.93,47.0376,46.62,46.7,1301835
IONQ,2026-08-14 13:30:00-04:00,46.71,46.8,46.19,46.46,1205767
IONQ,2026-08-14 14:30:00-04:00,46.45,46.515,45.97,46.46,1269084
IONQ,2026-08-14 15:30:00-04:00,46.48,46.98,46.3,46.33,1964556
IONQ,2026-08-17 09:30:00-04:00,46.01,46.88,44.85,46.73,4735422
IONQ,2026-08-17 10:30:00-04:00,46.73,46.925,46.3401,46.87,1669141
IONQ,2026-08-17 11:30:00-04:00,46.86,47.21,46.6167,47.12,1536335
IONQ,2026-08-17 12:30:00-04:00,47.12,47.145,46.61,46.61,841780
IONQ,2026-08-17 13:30:00-04:00,46.65,46.8094,46.38,46.54,828294
IONQ,2026-08-17 14:30:00-04:00,46.55,46.97,46.4,46.88,1103652
IONQ,2026-08-17 15:30:00-04:00,46.88,47.05,46.57,46.85,1781217
IONQ,2026-08-18 09:30:00-04:00,44.36,46.46,43.6,45.165,5618090
IONQ,2026-08-18 10:30:00-04:00,45.16,45.27,44.3,44.85,2112960
IONQ,2026-08-18 11:30:00-04:00,44.8301,45.46,44.71,45.075,1148398
IONQ,2026-08-18 12:30:00-04:00,45.07,45.55,44.97,45.125,913058
IONQ,2026-08-18 13:30:00-04:00,45.12,45.24,44.65,44.82,1351225
IONQ,2026-08-18 14:30:00-04:00,44.82,44.92,44.42,44.6477,1193357
IONQ,2026-08-18 15:30:00-04:00,44.64,44.795,44.05,44.11,1970241
IONQ,2026-08-19 09:30:00-04:00,43.38,44.19,42.16,42.92,5576660
IONQ,2026-08-19 10:30:00-04:00,42.94,43.94,42.87,43.86,2303068
IONQ,2026-08-19 11:30:00-04:00,43.8526,44.06,43.3312,43.85,1131298
IONQ,2026-08-19 12:30:00-04:00,43.84,43.975,43.2801,43.42,832570
IONQ,2026-08-19 13:30:00-04:00,43.43,43.7899,43.08,43.17,728937
IONQ,2026-08-19 14:30:00-04:00,43.165,43.26,42.6,42.8934,1410381
IONQ,2026-08-19 15:30:00-04:00,42.9,43.375,42.855,43.37,1577838
IONQ,2026-08-20 09:30:00-04:00,43.44,43.59,41.33,41.525,5036164
IONQ,2026-08-20 10:30:00-04:00,41.535,41.56,40.415,40.67,3203770
IONQ,2026-08-20 11:30:00-04:00,40.66,40.87,40.33,40.775,1636878
IONQ,2026-08-20 12:30:00-04:00,40.77,41.62,40.63,41.5,1323157
IONQ,2026-08-20 13:30:00-04:00,41.51,42.0199,41.31,41.395,1137931
IONQ,2026-08-20 14:30:00-04:00,41.395,41.507,41.19,41.465,1037110
IONQ,2026-08-20 15:30:00-04:00,41.45,41.695,41.38,41.515,1647840
IONQ,2026-08-21 09:30:00-04:00,42.61,44.16,42.01,43.7602,5765739
IONQ,2026-08-21 10:30:00-04:00,43.77,44.29,43.2,44.105,2460449
IONQ,2026-08-21 11:30:00-04:00,44.14,45.46,44.1,45.03,2682682
IONQ,2026-08-21 12:30:00-04:00,45.04,45.225,44.31,44.67,1652745
IONQ,2026-08-21 13:30:00-04:00,44.69,44.87,44.5,44.597,964681
IONQ,2026-08-21 14:30:00-04:00,44.59,45.1,44.37,44.86,1400677
IONQ,2026-08-21 15:30:00-04:00,44.85,45.18,44.79,44.85,2152241
IONQ,2026-08-24 09:30:00-04:00,43.33,43.55,42.11,42.18,4218405
IONQ,2026-08-24 10:30:00-04:00,42.17,42.83,42.15,42.61,1800771
IONQ,2026-08-24 11:30:00-04:00,42.61,42.64,41.99,42.33,1785991
IONQ,2026-08-24 12:30:00-04:00,42.32,42.38,41.745,41.79,1202690
IONQ,2026-08-24 13:30:00-04:00,41.79,41.83,41.395,41.7,1279831
IONQ,2026-08-24 14:30:00-04:00,41.7065,41.926,41.34,41.53,1899486
IONQ,2026-08-24 15:30:00-04:00,41.535,41.67,40.96,41.06,2192006
IONQ,2026-08-25 09:30:00-04:00,42.08,42.24,40.99,41.31,3913071
IONQ,2026-08-25 10:30:00-04:00,41.28,42.24,41.06,42.15,1973432
IONQ,2026-08-25 11:30:00-04:00,42.15,42.2,41.6725,41.905,991546
IONQ,2026-08-25 12:30:00-04:00,41.91,41.96,41.545,41.81,589737
IONQ,2026-08-25 13:30:00-04:00,41.82,42.67,41.8,42.549,1274003
IONQ,2026-08-25 14:30:00-04:00,42.54,42.66,42.29,42.43,1161142
IONQ,2026-08-25 15:30:00-04:00,42.44,42.52,41.89,42.055,1170381
IONQ,2026-08-26 09:30:00-04:00,41.06,41.91,40.59,40.7628,3730403
IONQ,2026-08-26 10:30:00-04:00,40.76,41.125,40.48,40.5286,1602440
IONQ,2026-08-26 11:30:00-04:00,40.54,40.563,40.2,40.25,1264904
IONQ,2026-08-26 12:30:00-04:00,40.25,40.52,40.1505,40.5163,889060
IONQ,2026-08-26 13:30:00-04:00,40.52,40.62,40.06,40.16,867149
IONQ,2026-08-26 14:30:00-04:00,40.1588,40.65,40.1208,40.3,782302
IONQ,2026-08-26 15:30:00-04:00,40.3,40.425,39.96,40.02,1697349
IONQ,2026-08-27 09:30:00-04:00,41.03,42.43,40.76,42.1146,4595359
IONQ,2026-08-27 10:30:00-04:00,42.14,42.74,41.86,42.355,2490115
IONQ,2026-08-27 11:30:00-04:00,42.37,42.59,42.2,42.39,1018402
IONQ,2026-08-27 12:30:00-04:00,42.4,42.94,42.32,42.48,1297726
IONQ,2026-08-27 13:30:00-04:00,42.45,42.52,41.93,42.09,1025032
IONQ,2026-08-27 14:30:00-04:00,42.0801,42.63,42.0,42.38,1116565
IONQ,2026-08-27 15:30:00-04:00,42.38,42.5185,42.21,42.46,1563397
IONQ,2026-08-28 09:30:00-04:00,41.73,41.9205,39.5725,39.76,5460560
IONQ,2026-08-28 10:30:00-04:00,39.76,40.19,39.625,39.83,2303873
IONQ,2026-08-28 11:30:00-04:00,39.83,39.85,38.7703,38.9253,3078478
IONQ,2026-08-28 12:30:00-04:00,38.9298,39.265,38.81,38.8599,1826750
IONQ,2026-08-28 13:30:00-04:00,38.845,38.925,38.64,38.815,1436329
IONQ,2026-08-28 14:30:00-04:00,38.83,39.17,38.7795,38.965,1477917
IONQ,2026-08-28 15:30:00-04:00,38.97,39.2387,38.76,39.175,1859646
IONQ,2026-08-31 09:30:00-04:00,38.8,39.95,38.43,39.75,4108146
IONQ,2026-08-31 10:30:00-04:00,39.74,39.859,39.47,39.76,1588239
IONQ,2026-08-31 11:30:00-04:00,39.75,40.195,39.6023,40.1799,1371621
IONQ,2026-08-31 12:30:00-04:00,40.19,40.5498,40.06,40.065,1290144
IONQ,2026-08-31 13:30:00-04:00,40.06,40.22,39.7211,39.755,1084482
IONQ,2026-08-31 14:30:00-04:00,39.76,39.7999,39.26,39.27,1509602
IONQ,2026-08-31 15:30:00-04:00,39.27,39.48,38.88,39.275,4972996
IONQ,2026-09-01 09:30:00-04:00,37.865,39.25,37.68,37.93,4679670
IONQ,2026-09-01 10:30:00-04:00,37.94,38.13,37.74,37.835,1526099
IONQ,2026-09-01 11:30:00-04:00,37.84,38.109,37.765,37.93,1602637
IONQ,2026-09-01 12:30:00-04:00,37.94,37.98,37.755,37.92,721233
IONQ,2026-09-01 13:30:00-04:00,37.915,38.06,37.69,37.765,839277
IONQ,2026-09-01 14:30:00-04:00,37.77,38.43,37.59,38.265,1405038
IONQ,2026-09-01 15:30:00-04:00,38.265,38.3,37.755,37.79,1502340
IONQ,2026-09-02 09:30:00-04:00,37.42,38.235,36.86,38.125,4132543
IONQ,2026-09-02 10:30:00-04:00,38.125,38.155,37.69,37.7802,1436633
IONQ,2026-09-02 11:30:00-04:00,37.77,37.815,37.29,37.3,979549
IONQ,2026-09-02 12:30:00-04:00,37.3,37.356,36.785,36.9195,1410643
IONQ,2026-09-02 13:30:00-04:00,36.905,37.625,36.89,37.605,1214324
IONQ,2026-09-02 14:30:00-04:00,37.605,37.955,37.4155,37.695,1078402
IONQ,2026-09-02 15:30:00-04:00,37.69,37.835,37.53,37.66,1537841
IONQ,2026-09-03 09:30:00-04:00,38.13,39.25,37.84,39.12,4460890
IONQ,2026-09-03 10:30:00-04:00,39.1289,39.78,39.09,39.68,2902313
IONQ,2026-09-03 11:30:00-04:00,39.67,39.6886,39.09,39.14,1251945
IONQ,2026-09-03 12:30:00-04:00,39.15,39.27,38.9137,39.09,1174411
IONQ,2026-09-03 13:30:00-04:00,39.085,39.145,38.83,38.855,608790
IONQ,2026-09-03 14:30:00-04:00,38.8501,39.25,38.755,39.25,756604
IONQ,2026-09-03 15:30:00-04:00,39.25,39.25,38.905,39.04,1142398
QBTS,2026-07-06 09:30:00-04:00,22.44,23.5,22.25,23.319,5581800
QBTS,2026-07-06 10:30:00-04:00,23.3155,23.45,22.93,23.425,1866293
QBTS,2026-07-06 11:30:00-04:00,23.42,23.625,23.3201,23.49,1959223
QBTS,2026-07-06 12:30:00-04:00,23.49,23.518,22.87,22.885,1508622
QBTS,2026-07-06 13:30:00-04:00,22.8887,23.02,22.605,22.895,2374663
QBTS,2026-07-06 14:30:00-04:00,22.88,22.898,22.65,22.85,1292365
QBTS,2026-07-06 15:30:00-04:00,22.875,22.875,22.475,22.57,1641459
QBTS,2026-07-07 09:30:00-04:00,22.165,22.39,20.55,20.73,5610332
QBTS,2026-07-07 10:30:00-04:00,20.76,21.3,20.52,21.1001,3274657
QBTS,2026-07-07 11:30:00-04:00,21.12,21.55,20.91,21.47,1380797
QBTS,2026-07-07 12:30:00-04:00,21.47,21.71,21.34,21.63,1177325
QBTS,2026-07-07 13:30:00-04:00,21.65,21.87,21.6,21.69,1369056
QBTS,2026-07-07 14:30:00-04:00,21.69,21.69,21.12,21.23,1426467
QBTS,2026-07-07 15:30:00-04:00,21.22,21.35,21.005,21.07,1849855
QBTS,2026-07-08 09:30:00-04:00,20.52,21.49,20.5,21.165,4168518
QBTS,2026-07-08 10:30:00-04:00,21.16,21.22,20.302,20.375,2122851
QBTS,2026-07-08 11:30:00-04:00,20.377,20.5,20.13,20.445,1759255
QBTS,2026-07-08 12:30:00-04:00,20.43,20.53,20.21,20.53,1305860
QBTS,2026-07-08 13:30:00-04:00,20.54,20.79,20.38,20.645,1333165
QBTS,2026-07-08 14:30:00-04:00,20.635,20.655,20.435,20.615,1242658
QBTS,2026-07-08 15:30:00-04:00,20.62,20.705,20.521,20.6039,1849763
QBTS,2026-07-09 09:30:00-04:00,20.75,21.18,20.52,20.88,5479539
QBTS,2026-07-09 10:30:00-04:00,20.87,21.325,20.79,21.255,2229688
QBTS,2026-07-09 11:30:00-04:00,21.25,21.395,21.04,21.11,1425452
QBTS,2026-07-09 12:30:00-04:00,21.11,21.3299,21.0005,21.265,1035989
QBTS,2026-07-09 13:30:00-04:00,21.275,21.438,21.065,21.275,1604826
QBTS,2026-07-09 14:30:00-04:00,21.28,21.4851,21.215,21.315,1311106
QBTS,2026-07-09 15:30:00-04:00,21.32,21.405,21.08,21.185,1376307
QBTS,2026-07-10 09:30:00-04:00,21.48,21.64,20.37,20.6,3903400
QBTS,2026-07-10 10:30:00-04:00,20.62,20.75,19.95,20.34,2961823
QBTS,2026-07-10 11:30:00-04:00,20.335,20.36,20.06,20.285,1163089
QBTS,2026-07-10 12:30:00-04:00,20.28,20.42,20.27,20.38,748820
QBTS,2026-07-10 13:30:00-04:00,20.39,20.4701,20.2,20.23,886243
QBTS,2026-07-10 14:30:00-04:00,20.235,20.28,20.05,20.075,1242465
QBTS,2026-07-10 15:30:00-04:00,20.07,20.12,19.965,20.09,1965669
QBTS,2026-07-13 09:30:00-04:00,19.69,19.69,18.8101,19.2673,5201860
QBTS,2026-07-13 10:30:00-04:00,19.255,19.29,18.94,19.03,1521538
QBTS,2026-07-13 11:30:00-04:00,19.035,19.09,18.765,18.845,1620847
QBTS,2026-07-13 12:30:00-04:00,18.8499,18.975,18.56,18.745,1733517
QBTS,2026-07-13 13:30:00-04:00,18.7499,18.835,18.645,18.67,1154878
QBTS,2026-07-13 14:30:00-04:00,18.67,18.775,18.54,18.56,1613695
QBTS,2026-07-13 15:30:00-04:00,18.56,18.725,18.52,18.67,2338227
QBTS,2026-07-14 09:30:00-04:00,18.92,19.255,18.65,18.775,4621442
QBTS,2026-07-14 10:30:00-04:00,18.775,19.02,18.722,18.925,1672655
QBTS,2026-07-14 11:30:00-04:00,18.925,19.0,18.765,18.99,1361710
QBTS,2026-07-14 12:30:00-04:00,18.99,18.995,18.65,18.855,973226
QBTS,2026-07-14 13:30:00-04:00,18.855,19.16,18.83,19.035,1239987
QBTS,2026-07-14 14:30:00-04:00,19.04,19.17,19.0004,19.0004,1222083
QBTS,2026-07-14 15:30:00-04:00,19.005,19.1,18.93,18.95,1753025
QBTS,2026-07-15 09:30:00-04:00,19.035,19.37,18.37,18.535,4137013
QBTS,2026-07-15 10:30:00-04:00,18.54,18.64,18.2,18.34,2070211
QBTS,2026-07-15 11:30:00-04:00,18.34,18.38,17.87,17.9799,2041826
QBTS,2026-07-15 12:30:00-04:00,17.965,18.34,17.87,18.235,1325377
QBTS,2026-07-15 13:30:00-04:00,18.235,18.49,18.2022,18.44,942708
QBTS,2026-07-15 14:30:00-04:00,18.43,18.48,17.96,18.04,1415338
QBTS,2026-07-15 15:30:00-04:00,18.04,18.29,18.04,18.28,1720258
QBTS,2026-07-16 09:30:00-04:00,18.0,18.0,17.45,17.71,4371138
QBTS,2026-07-16 10:30:00-04:00,17.7,17.705,17.33,17.52,2167049
QBTS,2026-07-16 11:30:00-04:00,17.5209,17.55,17.185,17.3,1726557
QBTS,2026-07-16 12:30:00-04:00,17.29,17.34,17.02,17.11,1757117
QBTS,2026-07-16 13:30:00-04:00,17.11,17.1886,16.85,17.17,2577047
QBTS,2026-07-16 14:30:00-04:00,17.17,17.235,16.965,17.0115,1806734
QBTS,2026-07-16 15:30:00-04:00,17.02,17.075,16.81,16.935,2506493
QBTS,2026-07-17 09:30:00-04:00,16.46,16.735,16.025,16.5601,5445572
QBTS,2026-07-17 10:30:00-04:00,16.565,16.675,16.37,16.6099,1943854
QBTS,2026-07-17 11:30:00-04:00,16.61,17.18,16.525,16.9783,2479184
QBTS,2026-07-17 12:30:00-04:00,16.97,17.4,16.89,17.375,2152175
QBTS,2026-07-17 13:30:00-04:00,17.3733,17.42,17.015,17.0599,1303446
QBTS,2026-07-17 14:30:00-04:00,17.055,17.1699,16.75,16.885,1436590
QBTS,2026-07-17 15:30:00-04:00,16.89,17.005,16.73,16.73,1649279
QBTS,2026-07-20 09:30:00-04:00,17.0,17.55,16.69,16.95,4714623
QBTS,2026-07-20 10:30:00-04:00,16.9497,16.98,16.75,16.96,1692756
QBTS,2026-07-20 11:30:00-04:00,16.96,17.12,16.77,17.04,1406661
QBTS,2026-07-20 12:30:00-04:00,17.05,17.14,16.91,17.084,1147198
QBTS,2026-07-20 13:30:00-04:00,17.08,17.23,16.965,17.125,990729
QBTS,2026-07-20 14:30:00-04:00,17.12,17.12,16.79,16.87,1442188
QBTS,2026-07-20 15:30:00-04:00,16.87,16.94,16.705,16.72,1514632
QBTS,2026-07-21 09:30:00-04:00,17.08,17.755,17.0,17.75,4972154
QBTS,2026-07-21 10:30:00-04:00,17.75,17.9,17.53,17.875,2110345
QBTS,2026-07-21 11:30:00-04:00,17.87,18.02,17.7,17.7901,1496624
QBTS,2026-07-21 12:30:00-04:00,17.7999,17.98,17.712,17.84,1059041
QBTS,2026-07-21 13:30:00-04:00,17.835,17.99,17.765,17.795,1104349
QBTS,2026-07-21 14:30:00-04:00,17.795,17.835,17.575,17.655,1003393
QBTS,2026-07-21 15:30:00-04:00,17.655,17.895,17.65,17.81,1746648
QBTS,2026-07-22 09:30:00-04:00,17.6,17.97,17.2595,17.48,4626821
QBTS,2026-07-22 10:30:00-04:00,17.49,17.79,17.305,17.71,2324277
QBTS,2026-07-22 11:30:00-04:00,17.715,17.72,17.515,17.59,821435
QBTS,2026-07-22 12:30:00-04:00,17.585,17.815,17.49,17.645,1493263
QBTS,2026-07-22 13:30:00-04:00,17.645,17.67,17.4,17.405,1067306
QBTS,2026-07-22 14:30:00-04:00,17.405,17.49,17.3,17.36,1164345
QBTS,2026-07-22 15:30:00-04:00,17.365,17.39,17.28,17.35,1352030
QBTS,2026-07-23 09:30:00-04:00,16.885,17.8497,16.82,17.54,5009832
QBTS,2026-07-23 10:30:00-04:00,17.535,17.6,16.92,16.96,2204514
QBTS,2026-07-23 11:30:00-04:00,16.96,17.385,16.955,17.3699,1311826
QBTS,2026-07-23 12:30:00-04:00,17.37,17.3702,17.1201,17.26,963290
QBTS,2026-07-23 13:30:00-04:00,17.255,17.26,17.065,17.1,724737
QBTS,2026-07-23 14:30:00-04:00,17.1099,17.245,16.98,17.185,962951
QBTS,2026-07-23 15:30:00-04:00,17.19,17.215,17.005,17.115,1117944
QBTS,2026-07-24 09:30:00-04:00,17.01,17.04,16.22,16.55,3953736
QBTS,2026-07-24 10:30:00-04:00,16.55,16.76,16.2674,16.65,2079863
QBTS,2026-07-24 11:30:00-04:00,16.655,16.78,16.555,16.63,1017742
QBTS,2026-07-24 12:30:00-04:00,16.62,16.63,16.375,16.5113,1016745
QBTS,2026-07-24 13:30:00-04:00,16.51,16.5999,16.4,16.445,1078407
QBTS,2026-07-24 14:30:00-04:00,16.44,16.44,16.2201,16.36,1208782
QBTS,2026-07-24 15:30:00-04:00,16.37,16.425,16.18,16.23,1772170
QBTS,2026-07-27 09:30:00-04:00,17.96,19.39,17.75,18.91,19915814
QBTS,2026-07-27 10:30:00-04:00,18.9102,19.22,18.36,19.01,7969958
QBTS,2026-07-27 11:30:00-04:00,19.01,19.09,18.62,18.9463,4088431
QBTS,2026-07-27 12:30:00-04:00,18.9598,19.075,18.75,18.7501,2779057
QBTS,2026-07-27 13:30:00-04:00,18.76,18.955,18.65,18.75,1978790
QBTS,2026-07-27 14:30:00-04:00,18.755,19.34,18.5999,19.33,3437127
QBTS,2026-07-27 15:30:00-04:00,19.335,19.54,19.1401,19.5,3997939
QBTS,2026-07-28 09:30:00-04:00,18.7,18.89,17.26,17.425,9454590
QBTS,2026-07-28 10:30:00-04:00,17.42,18.22,17.355,18.18,3743968
QBTS,2026-07-28 11:30:00-04:00,18.1782,18.23,17.9,17.95,1937380
QBTS,2026-07-28 12:30:00-04:00,17.94,18.16,17.82,17.935,1258611
QBTS,2026-07-28 13:30:00-04:00,17.9301,17.9498,17.635,17.695,1416384
QBTS,2026-07-28 14:30:00-04:00,17.695,17.8299,17.65,17.8299,1620249
QBTS,2026-07-28 15:30:00-04:00,17.83,17.848,17.62,17.635,2360146
QBTS,2026-07-29 09:30:00-04:00,17.276,17.3,16.6101,16.665,5000465
QBTS,2026-07-29 10:30:00-04:00,16.67,16.76,16.46,16.585,2571619
QBTS,2026-07-29 11:30:00-04:00,16.57,16.68,16.32,16.535,1926288
QBTS,2026-07-29 12:30:00-04:00,16.525,16.8098,16.47,16.695,1323331
QBTS,2026-07-29 13:30:00-04:00,16.7,17.015,16.545,16.7279,2140022
QBTS,2026-07-29 14:30:00-04:00,16.73,17.4,16.6202,16.795,2910653
QBTS,2026-07-29 15:30:00-04:00,16.795,16.83,16.0701,16.185,2907553
QBTS,2026-07-30 09:30:00-04:00,17.039,17.82,16.71,17.7187,6686494
QBTS,2026-07-30 10:30:00-04:00,17.715,17.735,17.21,17.39,2397600
QBTS,2026-07-30 11:30:00-04:00,17.38,17.745,17.36,17.732,1374756
QBTS,2026-07-30 12:30:00-04:00,17.73,17.805,17.51,17.775,1669322
QBTS,2026-07-30 13:30:00-04:00,17.78,17.915,17.67,17.825,1556278
QBTS,2026-07-30 14:30:00-04:00,17.825,18.11,17.765,17.975,1707371
QBTS,2026-07-30 15:30:00-04:00,17.975,18.13,17.935,17.97,2215699
QBTS,2026-07-31 09:30:00-04:00,18.36,18.92,17.84,18.1766,6576155
QBTS,2026-07-31 10:30:00-04:00,18.175,18.51,17.98,18.0481,2183520
QBTS,2026-07-31 11:30:00-04:00,18.05,18.1651,17.925,18.1099,1325238
QBTS,2026-07-31 12:30:00-04:00,18.12,18.2676,17.9507,18.245,1198779
QBTS,2026-07-31 13:30:00-04:00,18.24,18.43,18.17,18.245,1144413
QBTS,2026-07-31 14:30:00-04:00,18.25,18.33,18.175,18.235,949888
QBTS,2026-07-31 15:30:00-04:00,18.24,18.305,18.045,18.055,1652215
QBTS,2026-08-03 09:30:00-04:00,18.15,19.8,18.15,19.7835,6988313
QBTS,2026-08-03 10:30:00-04:00,19.79,20.115,19.68,19.87,3558434
QBTS,2026-08-03 11:30:00-04:00,19.8588,20.135,19.78,20.1242,2414673
QBTS,2026-08-03 12:30:00-04:00,20.125,20.135,19.835,20.025,1786145
QBTS,2026-08-03 13:30:00-04:00,20.03,20.135,19.915,19.935,1663795
QBTS,2026-08-03 14:30:00-04:00,19.9499,20.105,19.81,20.01,2227901
QBTS,2026-08-03 15:30:00-04:00,20.015,20.13,19.935,19.975,3042941
QBTS,2026-08-04 09:30:00-04:00,20.86,21.385,20.43,20.875,6659269
QBTS,2026-08-04 10:30:00-04:00,20.885,21.12,20.825,20.99,2258608
QBTS,2026-08-04 11:30:00-04:00,20.995,21.55,20.98,21.46,2347318
QBTS,2026-08-04 12:30:00-04:00,21.455,21.665,21.37,21.6099,1726250
QBTS,2026-08-04 13:30:00-04:00,21.6,21.85,21.53,21.8401,1805723
QBTS,2026-08-04 14:30:00-04:00,21.85,21.9,21.61,21.65,2154784
QBTS,2026-08-04 15:30:00-04:00,21.65,21.865,21.5805,21.815,2644359
QBTS,2026-08-05 09:30:00-04:00,21.6357,22.0,21.162,21.6651,5559514
QBTS,2026-08-05 10:30:00-04:00,21.66,21.69,21.28,21.555,2530585
QBTS,2026-08-05 11:30:00-04:00,21.5553,21.65,21.37,21.565,1354991
QBTS,2026-08-05 12:30:00-04:00,21.57,21.69,21.425,21.57,1120822
QBTS,2026-08-05 13:30:00-04:00,21.56,21.605,21.3676,21.39,1035478
QBTS,2026-08-05 14:30:00-04:00,21.4,21.5,21.2201,21.495,1385706
QBTS,2026-08-05 15:30:00-04:00,21.49,21.535,21.15,21.38,2288651
QBTS,2026-08-06 09:30:00-04:00,18.44,20.5498,18.34,20.3802,12110478
QBTS,2026-08-06 10:30:00-04:00,20.395,20.59,20.11,20.4301,2850325
QBTS,2026-08-06 11:30:00-04:00,20.44,20.55,19.8,19.855,1601112
QBTS,2026-08-06 12:30:00-04:00,19.855,20.11,19.8,20.015,1092429
QBTS,2026-08-06 13:30:00-04:00,20.01,20.04,19.71,19.825,983886
QBTS,2026-08-06 14:30:00-04:00,19.83,19.86,19.6301,19.715,989199
QBTS,2026-08-06 15:30:00-04:00,19.71,19.72,19.4,19.405,2005874
QBTS,2026-08-07 09:30:00-04:00,19.75,20.85,19.53,20.145,5539727
QBTS,2026-08-07 10:30:00-04:00,20.17,20.21,19.795,20.12,1614213
QBTS,2026-08-07 11:30:00-04:00,20.13,20.605,20.13,20.33,1687305
QBTS,2026-08-07 12:30:00-04:00,20.34,20.385,20.115,20.1901,1051855
QBTS,2026-08-07 13:30:00-04:00,20.195,20.46,20.1,20.365,1128082
QBTS,2026-08-07 14:30:00-04:00,20.37,20.915,20.2,20.85,1727473
QBTS,2026-08-07 15:30:00-04:00,20.84,20.865,20.5501,20.74,2260247
QBTS,2026-08-10 09:30:00-04:00,20.39,20.89,20.05,20.745,4679996
QBTS,2026-08-10 10:30:00-04:00,20.735,20.82,20.39,20.4365,1825321
QBTS,2026-08-10 11:30:00-04:00,20.425,20.79,20.3905,20.58,1007934
QBTS,2026-08-10 12:30:00-04:00,20.57,20.615,20.4135,20.43,935438
QBTS,2026-08-10 13:30:00-04:00,20.425,20.48,20.1,20.125,988370
QBTS,2026-08-10 14:30:00-04:00,20.12,20.21,20.07,20.12,1013739
QBTS,2026-08-10 15:30:00-04:00,20.13,20.26,20.02,20.2,1632033
QBTS,2026-08-11 09:30:00-04:00,20.265,20.54,19.85,20.265,3497009
QBTS,2026-08-11 10:30:00-04:00,20.27,20.31,20.085,20.135,1410689
QBTS,2026-08-11 11:30:00-04:00,20.115,20.1857,19.82,19.86,834906
QBTS,2026-08-11 12:30:00-04:00,19.8674,19.97,19.79,19.945,838899
QBTS,2026-08-11 13:30:00-04:00,19.94,19.961,19.81,19.835,671700
QBTS,2026-08-11 14:30:00-04:00,19.84,20.1651,19.84,20.15,1063916
QBTS,2026-08-11 15:30:00-04:00,20.16,20.26,20.075,20.235,1490939
QBTS,2026-08-12 09:30:00-04:00,20.789,21.0,20.06,20.39,4466077
QBTS,2026-08-12 10:30:00-04:00,20.39,20.45,20.21,20.25,1558655
QBTS,2026-08-12 11:30:00-04:00,20.25,20.64,20.1701,20.5133,1334265
QBTS,2026-08-12 12:30:00-04:00,20.5103,20.625,20.41,20.585,941229
QBTS,2026-08-12 13:30:00-04:00,20.585,20.84,20.555,20.745,950625
QBTS,2026-08-12 14:30:00-04:00,20.7499,20.925,20.67,20.795,1433097
QBTS,2026-08-12 15:30:00-04:00,20.795,20.83,20.54,20.752,1473498
QBTS,2026-08-13 09:30:00-04:00,20.53,21.755,20.46,21.67,4090248
QBTS,2026-08-13 10:30:00-04:00,21.66,21.675,20.86,21.035,2679071
QBTS,2026-08-13 11:30:00-04:00,21.03,21.165,20.88,21.0101,1468334
QBTS,2026-08-13 12:30:00-04:00,21.01,21.05,20.845,20.9,627431
QBTS,2026-08-13 13:30:00-04:00,20.9,21.11,20.8919,20.94,544693
QBTS,2026-08-13 14:30:00-04:00,20.94,21.295,20.935,21.066,1085120
QBTS,2026-08-13 15:30:00-04:00,21.06,21.095,20.89,20.895,1355575
QBTS,2026-08-14 09:30:00-04:00,20.622,21.335,20.42,21.18,3537818
QBTS,2026-08-14 10:30:00-04:00,21.1723,21.31,20.93,21.0134,1512678
QBTS,2026-08-14 11:30:00-04:00,21.02,21.455,20.955,21.37,1534959
QBTS,2026-08-14 12:30:00-04:00,21.3647,21.4001,21.23,21.25,800662
QBTS,2026-08-14 13:30:00-04:00,21.2524,21.3,21.04,21.09,882644
QBTS,2026-08-14 14:30:00-04:00,21.09,21.185,20.965,21.145,835494
QBTS,2026-08-14 15:30:00-04:00,21.155,21.3,21.105,21.1601,1132068
QBTS,2026-08-17 09:30:00-04:00,20.795,21.16,20.1942,21.035,3906993
QBTS,2026-08-17 10:30:00-04:00,21.0251,21.15,20.925,21.1191,1074614
QBTS,2026-08-17 11:30:00-04:00,21.125,21.355,21.025,21.225,925819
QBTS,2026-08-17 12:30:00-04:00,21.235,21.28,20.925,20.93,800366
QBTS,2026-08-17 13:30:00-04:00,20.9499,21.0,20.76,20.85,727942
QBTS,2026-08-17 14:30:00-04:00,20.85,20.94,20.755,20.875,654012
QBTS,2026-08-17 15:30:00-04:00,20.885,20.95,20.83,20.87,1108987
QBTS,2026-08-18 09:30:00-04:00,19.728,20.71,19.56,20.015,4208628
QBTS,2026-08-18 10:30:00-04:00,20.02,20.05,19.6037,19.845,1351818
QBTS,2026-08-18 11:30:00-04:00,19.85,20.03,19.735,19.86,793378
QBTS,2026-08-18 12:30:00-04:00,19.845,20.02,19.7896,19.84,718912
QBTS,2026-08-18 13:30:00-04:00,19.8252,19.8799,19.585,19.635,887565
QBTS,2026-08-18 14:30:00-04:00,19.635,19.7382,19.56,19.7,854633
QBTS,2026-08-18 15:30:00-04:00,19.69,19.755,19.455,19.54,1819740
QBTS,2026-08-19 09:30:00-04:00,19.27,19.7512,18.925,19.22,4769224
QBTS,2026-08-19 10:30:00-04:00,19.22,19.55,19.13,19.515,1924906
QBTS,2026-08-19 11:30:00-04:00,19.51,19.6097,19.31,19.56,866279
QBTS,2026-08-19 12:30:00-04:00,19.55,19.595,19.18,19.255,911309
QBTS,2026-08-19 13:30:00-04:00,19.26,19.44,19.14,19.2803,801531
QBTS,2026-08-19 14:30:00-04:00,19.28,19.325,19.05,19.255,1034818
QBTS,2026-08-19 15:30:00-04:00,19.26,19.365,19.135,19.33,1542135
QBTS,2026-08-20 09:30:00-04:00,19.22,19.43,18.71,18.915,3568896
QBTS,2026-08-20 10:30:00-04:00,18.915,18.985,18.48,18.561,1737013
QBTS,2026-08-20 11:30:00-04:00,18.565,18.65,18.44,18.6099,994682
QBTS,2026-08-20 12:30:00-04:00,18.605,18.8595,18.54,18.715,874372
QBTS,2026-08-20 13:30:00-04:00,18.71,18.82,18.52,18.63,637204
QBTS,2026-08-20 14:30:00-04:00,18.625,18.67,18.5101,18.635,904873
QBTS,2026-08-20 15:30:00-04:00,18.635,18.8407,18.605,18.815,1671157
QBTS,2026-08-21 09:30:00-04:00,19.13,20.13,19.1,19.82,6506881
QBTS,2026-08-21 10:30:00-04:00,19.82,20.1,19.46,19.95,2762239
QBTS,2026-08-21 11:30:00-04:00,19.96,20.39,19.93,20.2566,2236613
QBTS,2026-08-21 12:30:00-04:00,20.2601,20.315,19.97,20.11,1379786
QBTS,2026-08-21 13:30:00-04:00,20.12,20.255,20.1027,20.15,1028193
QBTS,2026-08-21 14:30:00-04:00,20.14,20.455,20.08,20.355,1503694
QBTS,2026-08-21 15:30:00-04:00,20.355,20.595,20.34,20.39,2269802
QBTS,2026-08-24 09:30:00-04:00,19.75,19.95,18.91,19.09,5225089
QBTS,2026-08-24 10:30:00-04:00,19.085,19.395,19.07,19.3723,1746613
QBTS,2026-08-24 11:30:00-04:00,19.375,19.3999,19.05,19.085,1550383
QBTS,2026-08-24 12:30:00-04:00,19.085,19.09,18.89,18.915,1192612
QBTS,2026-08-24 13:30:00-04:00,18.91,18.955,18.8,18.9179,1142675
QBTS,2026-08-24 14:30:00-04:00,18.925,19.02,18.79,18.935,1547589
QBTS,2026-08-24 15:30:00-04:00,18.935,19.005,18.66,18.69,2348454
QBTS,2026-08-25 09:30:00-04:00,19.03,19.05,18.63,18.8,4726585
QBTS,2026-08-25 10:30:00-04:00,18.7952,19.28,18.645,19.18,2960103
QBTS,2026-08-25 11:30:00-04:00,19.185,19.19,19.02,19.085,1013227
QBTS,2026-08-25 12:30:00-04:00,19.085,19.09,18.9,18.975,716345
QBTS,2026-08-25 13:30:00-04:00,18.9737,19.48,18.68,19.44,1395995
QBTS,2026-08-25 14:30:00-04:00,19.43,19.53,19.315,19.455,1617733
QBTS,2026-08-25 15:30:00-04:00,19.46,19.47,19.185,19.355,1294344
QBTS,2026-08-26 09:30:00-04:00,18.7,19.04,17.8301,17.878,8098452
QBTS,2026-08-26 10:30:00-04:00,17.87,17.97,17.72,17.7599,3458706
QBTS,2026-08-26 11:30:00-04:00,17.76,17.82,17.63,17.6442,2231863
QBTS,2026-08-26 12:30:00-04:00,17.645,17.725,17.57,17.67,1959348
QBTS,2026-08-26 13:30:00-04:00,17.675,17.74,17.535,17.535,1899143
QBTS,2026-08-26 14:30:00-04:00,17.535,17.83,17.51,17.615,2363859
QBTS,2026-08-26 15:30:00-04:00,17.615,17.655,17.45,17.51,3500031
QBTS,2026-08-27 09:30:00-04:00,17.845,18.29,17.7101,18.16,6652323
QBTS,2026-08-27 10:30:00-04:00,18.165,18.37,18.01,18.11,2740010
QBTS,2026-08-27 11:30:00-04:00,18.115,18.135,17.8501,17.925,1977485
QBTS,2026-08-27 12:30:00-04:00,17.925,18.1,17.88,17.895,1371187
QBTS,2026-08-27 13:30:00-04:00,17.895,18.01,17.86,17.935,1074979
QBTS,2026-08-27 14:30:00-04:00,17.945,18.11,17.915,18.085,1407798
QBTS,2026-08-27 15:30:00-04:00,18.08,18.1,17.885,17.895,1652306
QBTS,2026-08-28 09:30:00-04:00,17.55,17.7101,16.86,17.045,4752928
QBTS,2026-08-28 10:30:00-04:00,17.04,17.225,16.99,17.14,2228281
QBTS,2026-08-28 11:30:00-04:00,17.14,17.14,16.69,16.74,2561060
QBTS,2026-08-28 12:30:00-04:00,16.74,16.86,16.68,16.7,2029376
QBTS,2026-08-28 13:30:00-04:00,16.7,16.77,16.675,16.75,1300504
QBTS,2026-08-28 14:30:00-04:00,16.76,16.87,16.685,16.845,1419773
QBTS,2026-08-28 15:30:00-04:00,16.85,17.025,16.81,17.005,2206645
QBTS,2026-08-31 09:30:00-04:00,16.685,17.345,16.62,17.05,3822656
QBTS,2026-08-31 10:30:00-04:00,17.05,17.21,17.03,17.185,1324809
QBTS,2026-08-31 11:30:00-04:00,17.18,17.22,17.08,17.205,887319
QBTS,2026-08-31 12:30:00-04:00,17.21,17.35,17.18,17.245,1031466
QBTS,2026-08-31 13:30:00-04:00,17.24,17.295,17.1245,17.16,725769
QBTS,2026-08-31 14:30:00-04:00,17.16,17.235,17.12,17.125,944112
QBTS,2026-08-31 15:30:00-04:00,17.125,17.225,17.045,17.2,1429335
QBTS,2026-09-01 09:30:00-04:00,16.56,16.89,16.4,16.47,3120984
QBTS,2026-09-01 10:30:00-04:00,16.48,16.59,16.47,16.515,1053820
QBTS,2026-09-01 11:30:00-04:00,16.52,16.7,16.495,16.635,1649263
QBTS,2026-09-01 12:30:00-04:00,16.63,16.63,16.53,16.615,807644
QBTS,2026-09-01 13:30:00-04:00,16.615,16.63,16.45,16.47,914941
QBTS,2026-09-01 14:30:00-04:00,16.475,16.66,16.39,16.635,1059728
QBTS,2026-09-01 15:30:00-04:00,16.635,16.665,16.51,16.55,1342691
QBTS,2026-09-02 09:30:00-04:00,16.279,16.5799,16.19,16.53,2875233
QBTS,2026-09-02 10:30:00-04:00,16.535,16.55,16.4,16.42,1015674
QBTS,2026-09-02 11:30:00-04:00,16.425,16.475,16.375,16.3899,855876
QBTS,2026-09-02 12:30:00-04:00,16.38,16.4199,16.3,16.3301,651101
QBTS,2026-09-02 13:30:00-04:00,16.335,16.58,16.335,16.555,909860
QBTS,2026-09-02 14:30:00-04:00,16.55,16.705,16.5,16.635,1015597
QBTS,2026-09-02 15:30:00-04:00,16.63,16.675,16.49,16.49,1838063
QBTS,2026-09-03 09:30:00-04:00,16.57,16.925,16.5201,16.7,2852380
QBTS,2026-09-03 10:30:00-04:00,16.6936,16.955,16.68,16.925,1908473
QBTS,2026-09-03 11:30:00-04:00,16.9298,16.945,16.72,16.72,1638803
QBTS,2026-09-03 12:30:00-04:00,16.72,16.75,16.625,16.675,789362
QBTS,2026-09-03 13:30:00-04:00,16.675,16.74,16.6422,16.6422,715280
QBTS,2026-09-03 14:30:00-04:00,16.64,16.86,16.625,16.855,712896
QBTS,2026-09-03 15:30:00-04:00,16.85,16.86,16.76,16.83,1261756
ARQQ,2026-07-06 09:30:00-04:00,24.265,24.8,22.8,23.6,260152
ARQQ,2026-07-06 10:30:00-04:00,23.71,23.9173,22.827,23.5406,52624
ARQQ,2026-07-06 11:30:00-04:00,23.62,24.1399,23.5001,23.585,46602
ARQQ,2026-07-06 12:30:00-04:00,23.54,23.68,22.1192,22.27,108735
ARQQ,2026-07-06 13:30:00-04:00,22.25,22.67,21.99,22.518,53043
ARQQ,2026-07-06 14:30:00-04:00,22.2901,22.41,21.77,22.36,62062
ARQQ,2026-07-06 15:30:00-04:00,22.35,22.482,21.9301,22.07,92057
ARQQ,2026-07-07 09:30:00-04:00,21.73,21.73,19.0,19.28,681960
ARQQ,2026-07-07 10:30:00-04:00,19.28,20.145,19.1717,19.825,85584
ARQQ,2026-07-07 11:30:00-04:00,19.83,20.22,19.41,20.17,69120
ARQQ,2026-07-07 12:30:00-04:00,20.205,20.25,19.92,20.12,54513
ARQQ,2026-07-07 13:30:00-04:00,20.12,20.35,20.03,20.03,24803
ARQQ,2026-07-07 14:30:00-04:00,20.01,20.01,19.5,19.58,61571
ARQQ,2026-07-07 15:30:00-04:00,19.62,19.89,19.58,19.88,78310
ARQQ,2026-07-08 09:30:00-04:00,19.27,21.4795,19.23,20.38,279656
ARQQ,2026-07-08 10:30:00-04:00,20.4,20.43,19.56,19.7,90960
ARQQ,2026-07-08 11:30:00-04:00,19.71,19.85,19.4,19.6001,30239
ARQQ,2026-07-08 12:30:00-04:00,19.68,19.76,19.19,19.76,47652
ARQQ,2026-07-08 13:30:00-04:00,19.77,19.8,19.39,19.77,31255
ARQQ,2026-07-08 14:30:00-04:00,19.7,19.8905,19.44,19.865,33162
ARQQ,2026-07-08 15:30:00-04:00,19.81,20.06,19.805,20.05,52402
ARQQ,2026-07-09 09:30:00-04:00,20.06,20.66,19.5301,19.865,164402
ARQQ,2026-07-09 10:30:00-04:00,19.865,20.92,19.836,20.92,36390
ARQQ,2026-07-09 11:30:00-04:00,20.9,21.33,20.54,20.54,100101
ARQQ,2026-07-09 12:30:00-04:00,20.74,20.74,20.305,20.6151,19476
ARQQ,2026-07-09 13:30:00-04:00,20.7,20.91,20.475,20.5213,31689
ARQQ,2026-07-09 14:30:00-04:00,20.49,20.61,20.41,20.45,26342
ARQQ,2026-07-09 15:30:00-04:00,20.5,20.55,20.185,20.48,75823
ARQQ,2026-07-10 09:30:00-04:00,20.965,21.0,18.6035,19.11,298022
ARQQ,2026-07-10 10:30:00-04:00,19.13,19.34,18.92,19.19,50150
ARQQ,2026-07-10 11:30:00-04:00,19.29,19.4195,19.075,19.31,21161
ARQQ,2026-07-10 12:30:00-04:00,19.39,19.6,19.27,19.3906,31200
ARQQ,2026-07-10 13:30:00-04:00,19.48,19.615,19.335,19.585,17319
ARQQ,2026-07-10 14:30:00-04:00,19.555,19.58,19.17,19.305,34874
ARQQ,2026-07-10 15:30:00-04:00,19.31,19.315,19.0,19.09,58741
ARQQ,2026-07-13 09:30:00-04:00,18.6,18.795,17.402,17.98,214386
ARQQ,2026-07-13 10:30:00-04:00,17.965,18.29,17.7,18.26,77029
ARQQ,2026-07-13 11:30:00-04:00,18.26,18.34,17.82,17.82,52098
ARQQ,2026-07-13 12:30:00-04:00,17.92,18.09,17.75,17.76,21727
ARQQ,2026-07-13 13:30:00-04:00,17.71,17.77,17.61,17.7126,24669
ARQQ,2026-07-13 14:30:00-04:00,17.59,17.72,17.48,17.61,37683
ARQQ,2026-07-13 15:30:00-04:00,17.65,18.07,17.5401,18.04,77215
ARQQ,2026-07-14 09:30:00-04:00,18.23,18.84,17.94,18.22,77592
ARQQ,2026-07-14 10:30:00-04:00,18.25,18.88,18.24,18.7801,41627
ARQQ,2026-07-14 11:30:00-04:00,18.79,18.855,18.5601,18.71,31433
ARQQ,2026-07-14 12:30:00-04:00,18.69,18.88,18.52,18.73,26546
ARQQ,2026-07-14 13:30:00-04:00,18.6566,18.93,18.6566,18.68,24806
ARQQ,2026-07-14 14:30:00-04:00,18.75,18.82,18.52,18.5817,23039
ARQQ,2026-07-14 15:30:00-04:00,18.59,18.755,18.49,18.72,38509
ARQQ,2026-07-15 09:30:00-04:00,19.02,19.5299,18.02,18.81,121886
ARQQ,2026-07-15 10:30:00-04:00,18.7,19.2,18.32,18.51,62126
ARQQ,2026-07-15 11:30:00-04:00,18.5,18.52,17.87,18.01,59961
ARQQ,2026-07-15 12:30:00-04:00,18.1,18.29,17.72,18.13,24558
ARQQ,2026-07-15 13:30:00-04:00,18.19,18.345,17.97,18.31,29630
ARQQ,2026-07-15 14:30:00-04:00,18.33,18.33,18.01,18.08,28797
ARQQ,2026-07-15 15:30:00-04:00,18.255,18.46,18.17,18.25,77047
ARQQ,2026-07-16 09:30:00-04:00,17.935,18.13,16.77,17.11,156930
ARQQ,2026-07-16 10:30:00-04:00,17.1,17.21,16.56,16.69,78785
ARQQ,2026-07-16 11:30:00-04:00,16.72,18.25,16.45,16.63,62386
ARQQ,2026-07-16 12:30:00-04:00,16.68,16.68,16.36,16.51,36991
ARQQ,2026-07-16 13:30:00-04:00,16.4998,16.7599,16.37,16.69,27034
ARQQ,2026-07-16 14:30:00-04:00,16.67,16.84,16.5201,16.64,35582
ARQQ,2026-07-16 15:30:00-04:00,16.62,16.66,16.28,16.56,60562
ARQQ,2026-07-17 09:30:00-04:00,16.27,17.39,16.06,17.15,111354
ARQQ,2026-07-17 10:30:00-04:00,17.2392,17.57,17.11,17.365,49011
ARQQ,2026-07-17 11:30:00-04:00,17.42,17.84,17.25,17.5728,39594
ARQQ,2026-07-17 12:30:00-04:00,17.66,18.1437,17.5172,17.91,35030
ARQQ,2026-07-17 13:30:00-04:00,17.95,17.95,17.5505,17.65,22099
ARQQ,2026-07-17 14:30:00-04:00,17.5815,17.6552,17.32,17.46,25278
ARQQ,2026-07-17 15:30:00-04:00,17.57,17.59,17.35,17.4,41241
ARQQ,2026-07-20 09:30:00-04:00,17.35,17.865,16.85,17.2,60726
ARQQ,2026-07-20 10:30:00-04:00,17.19,17.19,16.86,16.94,21920
ARQQ,2026-07-20 11:30:00-04:00,16.935,17.3,16.891,17.11,34842
ARQQ,2026-07-20 12:30:00-04:00,17.17,17.225,17.03,17.12,32214
ARQQ,2026-07-20 13:30:00-04:00,17.125,17.355,17.07,17.28,10778
ARQQ,2026-07-20 14:30:00-04:00,17.22,17.245,16.95,17.07,44848
ARQQ,2026-07-20 15:30:00-04:00,17.07,17.28,17.03,17.22,35788
ARQQ,2026-07-21 09:30:00-04:00,17.72,18.0843,17.395,17.69,59625
ARQQ,2026-07-21 10:30:00-04:00,17.755,17.9099,17.6,17.69,17866
ARQQ,2026-07-21 11:30:00-04:00,17.8666,17.88,17.7172,17.82,16053
ARQQ,2026-07-21 12:30:00-04:00,17.808,17.81,17.493,17.493,32087
ARQQ,2026-07-21 13:30:00-04:00,17.44,17.5295,16.85,16.95,52514
ARQQ,2026-07-21 14:30:00-04:00,16.9,16.975,16.61,16.735,53973
ARQQ,2026-07-21 15:30:00-04:00,16.735,17.345,16.67,17.19,54941
ARQQ,2026-07-22 09:30:00-04:00,17.3,18.38,17.19,18.2879,115835
ARQQ,2026-07-22 10:30:00-04:00,18.26,18.64,18.14,18.595,80918
ARQQ,2026-07-22 11:30:00-04:00,18.57,19.0995,18.5495,18.56,57850
ARQQ,2026-07-22 12:30:00-04:00,18.665,18.735,18.3,18.54,28742
ARQQ,2026-07-22 13:30:00-04:00,18.54,18.62,18.1,18.2499,19915
ARQQ,2026-07-22 14:30:00-04:00,18.1,18.33,17.8501,17.96,35006
ARQQ,2026-07-22 15:30:00-04:00,18.005,18.2105,17.81,18.02,60123
ARQQ,2026-07-23 09:30:00-04:00,17.31,19.37,17.1908,19.115,115107
ARQQ,2026-07-23 10:30:00-04:00,19.1579,19.16,18.0,18.05,57628
ARQQ,2026-07-23 11:30:00-04:00,18.22,18.66,18.09,18.58,31011
ARQQ,2026-07-23 12:30:00-04:00,18.655,18.655,18.4,18.565,22402
ARQQ,2026-07-23 13:30:00-04:00,18.555,18.555,18.1505,18.245,19156
ARQQ,2026-07-23 14:30:00-04:00,18.225,18.355,18.02,18.355,14133
ARQQ,2026-07-23 15:30:00-04:00,18.27,18.36,18.08,18.34,41080
ARQQ,2026-07-24 09:30:00-04:00,18.78,18.78,17.01,17.2,81888
ARQQ,2026-07-24 10:30:00-04:00,17.18,17.42,16.88,17.36,35435
ARQQ,2026-07-24 11:30:00-04:00,17.36,17.5,17.2,17.32,28674
ARQQ,2026-07-24 12:30:00-04:00,17.29,17.29,16.91,17.17,20514
ARQQ,2026-07-24 13:30:00-04:00,17.135,17.23,16.965,16.99,14964
ARQQ,2026-07-24 14:30:00-04:00,16.985,16.985,16.75,16.76,22168
ARQQ,2026-07-24 15:30:00-04:00,16.83,16.8799,16.63,16.79,60561
ARQQ,2026-07-27 09:30:00-04:00,17.2529,18.9899,17.17,18.035,133143
ARQQ,2026-07-27 10:30:00-04:00,18.05,18.27,17.5833,17.92,54398
ARQQ,2026-07-27 11:30:00-04:00,18.02,18.0266,17.57,17.945,28052
ARQQ,2026-07-27 12:30:00-04:00,18.0751,18.1983,17.68,17.68,10023
ARQQ,2026-07-27 13:30:00-04:00,17.65,17.87,17.64,17.7942,15634
ARQQ,2026-07-27 14:30:00-04:00,17.7201,18.15,17.65,18.1,22129
ARQQ,2026-07-27 15:30:00-04:00,18.17,18.3,18.0809,18.25,37283
ARQQ,2026-07-28 09:30:00-04:00,17.59,17.71,16.6605,16.84,115601
ARQQ,2026-07-28 10:30:00-04:00,16.85,17.88,16.7801,17.88,55475
ARQQ,2026-07-28 11:30:00-04:00,17.95,18.06,17.61,17.7,27301
ARQQ,2026-07-28 12:30:00-04:00,17.7,17.75,17.5,17.63,21311
ARQQ,2026-07-28 13:30:00-04:00,17.58,17.585,17.41,17.445,17038
ARQQ,2026-07-28 14:30:00-04:00,17.445,17.67,17.445,17.63,27277
ARQQ,2026-07-28 15:30:00-04:00,17.66,17.73,17.37,17.6,40287
ARQQ,2026-07-29 09:30:00-04:00,17.54,18.0,16.57,16.57,53313
ARQQ,2026-07-29 10:30:00-04:00,16.6,16.72,16.2005,16.2005,47954
ARQQ,2026-07-29 11:30:00-04:00,16.225,16.25,15.84,16.114,62653
ARQQ,2026-07-29 12:30:00-04:00,16.16,16.215,15.89,15.985,49182
ARQQ,2026-07-29 13:30:00-04:00,15.8,16.5,15.8,16.13,46288
ARQQ,2026-07-29 14:30:00-04:00,16.15,16.535,15.915,15.99,34840
ARQQ,2026-07-29 15:30:00-04:00,16.045,16.045,15.42,15.52,70528
ARQQ,2026-07-30 09:30:00-04:00,16.14,17.11,16.0402,17.0799,87092
ARQQ,2026-07-30 10:30:00-04:00,17.0677,17.2,16.8,17.135,50073
ARQQ,2026-07-30 11:30:00-04:00,17.2,17.41,17.0745,17.355,23986
ARQQ,2026-07-30 12:30:00-04:00,17.28,17.41,17.16,17.34,36614
ARQQ,2026-07-30 13:30:00-04:00,17.345,17.42,17.117,17.27,17932
ARQQ,2026-07-30 14:30:00-04:00,17.325,17.65,17.23,17.575,23026
ARQQ,2026-07-30 15:30:00-04:00,17.5853,17.8,17.58,17.71,52165
ARQQ,2026-07-31 09:30:00-04:00,17.85,18.3899,16.82,17.3451,76375
ARQQ,2026-07-31 10:30:00-04:00,17.345,17.69,17.2601,17.41,20659
ARQQ,2026-07-31 11:30:00-04:00,17.24,17.2899,17.002,17.002,16463
ARQQ,2026-07-31 12:30:00-04:00,17.2493,17.26,16.87,17.25,13579
ARQQ,2026-07-31 13:30:00-04:00,17.26,17.29,17.1,17.195,6445
ARQQ,2026-07-31 14:30:00-04:00,17.151,17.27,17.13,17.185,5029
ARQQ,2026-07-31 15:30:00-04:00,17.26,17.26,16.97,17.17,32388
ARQQ,2026-08-03 09:30:00-04:00,17.46,18.5,17.1347,18.5,55907
ARQQ,2026-08-03 10:30:00-04:00,18.5,18.56,18.01,18.01,57490
ARQQ,2026-08-03 11:30:00-04:00,18.01,18.32,17.96,18.21,24801
ARQQ,2026-08-03 12:30:00-04:00,18.2111,18.23,18.04,18.18,14253
ARQQ,2026-08-03 13:30:00-04:00,18.23,18.45,18.15,18.31,21843
ARQQ,2026-08-03 14:30:00-04:00,18.31,18.31,18.1,18.2,20747
ARQQ,2026-08-03 15:30:00-04:00,18.28,18.51,18.14,18.495,55577
ARQQ,2026-08-04 09:30:00-04:00,18.9,20.1899,18.9,19.78,131819
ARQQ,2026-08-04 10:30:00-04:00,19.78,20.25,19.6276,20.25,46372
ARQQ,2026-08-04 11:30:00-04:00,20.23,21.2,20.19,20.9,174634
ARQQ,2026-08-04 12:30:00-04:00,20.88,21.33,20.86,21.11,54991
ARQQ,2026-08-04 13:30:00-04:00,21.105,21.6,21.03,21.495,57347
ARQQ,2026-08-04 14:30:00-04:00,21.56,21.93,21.3,21.8686,75389
ARQQ,2026-08-04 15:30:00-04:00,21.77,22.0,21.58,21.99,73639
ARQQ,2026-08-05 09:30:00-04:00,21.69,21.83,20.45,20.655,99237
ARQQ,2026-08-05 10:30:00-04:00,20.6,20.785,20.0101,20.65,106146
ARQQ,2026-08-05 11:30:00-04:00,20.645,21.0999,20.48,20.8685,22666
ARQQ,2026-08-05 12:30:00-04:00,20.9025,21.15,20.81,20.92,39430
ARQQ,2026-08-05 13:30:00-04:00,20.975,21.05,20.875,20.885,13371
ARQQ,2026-08-05 14:30:00-04:00,20.78,20.92,20.66,20.92,15510
ARQQ,2026-08-05 15:30:00-04:00,20.915,20.98,20.69,20.98,27729
ARQQ,2026-08-06 09:30:00-04:00,20.69,21.92,20.22,21.92,61378
ARQQ,2026-08-06 10:30:00-04:00,21.88,22.27,21.52,21.98,44522
ARQQ,2026-08-06 11:30:00-04:00,21.99,21.99,21.2,21.26,15991
ARQQ,2026-08-06 12:30:00-04:00,21.41,21.81,21.17,21.5,18002
ARQQ,2026-08-06 13:30:00-04:00,21.51,21.61,21.36,21.6,6882
ARQQ,2026-08-06 14:30:00-04:00,21.625,21.625,21.38,21.38,11456
ARQQ,2026-08-06 15:30:00-04:00,21.37,21.58,21.295,21.45,25081
ARQQ,2026-08-07 09:30:00-04:00,21.98,22.8676,21.51,22.42,49748
ARQQ,2026-08-07 10:30:00-04:00,22.575,22.68,22.0,22.68,29698
ARQQ,2026-08-07 11:30:00-04:00,22.69,22.78,22.4893,22.63,40244
ARQQ,2026-08-07 12:30:00-04:00,22.6,22.8199,22.42,22.55,38580
ARQQ,2026-08-07 13:30:00-04:00,22.54,22.8499,22.54,22.66,17709
ARQQ,2026-08-07 14:30:00-04:00,22.56,23.1098,22.55,23.1098,23787
ARQQ,2026-08-07 15:30:00-04:00,23.05,23.19,22.72,22.91,44517
ARQQ,2026-08-10 09:30:00-04:00,23.0,23.417,22.04,23.11,86890
ARQQ,2026-08-10 10:30:00-04:00,23.015,23.1299,22.44,22.5093,16653
ARQQ,2026-08-10 11:30:00-04:00,22.46,22.65,22.3211,22.3211,23769
ARQQ,2026-08-10 12:30:00-04:00,22.35,22.4592,22.25,22.3005,16897
ARQQ,2026-08-10 13:30:00-04:00,22.5,22.55,22.3,22.49,10064
ARQQ,2026-08-10 14:30:00-04:00,22.54,22.6108,22.4692,22.545,9708
ARQQ,2026-08-10 15:30:00-04:00,22.54,22.6495,22.4501,22.565,30285
ARQQ,2026-08-11 09:30:00-04:00,23.085,23.48,22.58,23.36,44143
ARQQ,2026-08-11 10:30:00-04:00,23.305,23.6899,23.21,23.21,15547
ARQQ,2026-08-11 11:30:00-04:00,23.2222,23.77,23.13,23.3504,26143
ARQQ,2026-08-11 12:30:00-04:00,23.1701,24.1001,23.1701,24.0105,31895
ARQQ,2026-08-11 13:30:00-04:00,24.23,24.45,23.92,24.01,34850
ARQQ,2026-08-11 14:30:00-04:00,24.04,24.31,23.8001,24.195,14437
ARQQ,2026-08-11 15:30:00-04:00,24.24,24.5,24.14,24.4,30789
ARQQ,2026-08-12 09:30:00-04:00,24.41,24.41,23.5025,24.1025,71563
ARQQ,2026-08-12 10:30:00-04:00,23.85,23.95,23.3569,23.45,60989
ARQQ,2026-08-12 11:30:00-04:00,23.2894,23.61,23.15,23.44,29347
ARQQ,2026-08-12 12:30:00-04:00,23.4,23.5884,23.275,23.53,20808
ARQQ,2026-08-12 13:30:00-04:00,23.54,23.74,23.38,23.6738,19556
ARQQ,2026-08-12 14:30:00-04:00,23.96,23.985,23.75,23.8801,22570
ARQQ,2026-08-12 15:30:00-04:00,23.835,23.86,23.5501,23.81,37499
ARQQ,2026-08-13 09:30:00-04:00,23.92,24.37,23.02,23.9971,59244
ARQQ,2026-08-13 10:30:00-04:00,23.84,23.84,23.05,23.24,42835
ARQQ,2026-08-13 11:30:00-04:00,23.345,23.65,23.21,23.54,17483
ARQQ,2026-08-13 12:30:00-04:00,23.574,23.7699,23.31,23.72,26395
ARQQ,2026-08-13 13:30:00-04:00,23.56,23.69,23.53,23.61,12139
ARQQ,2026-08-13 14:30:00-04:00,23.67,24.24,23.5318,24.06,21134
ARQQ,2026-08-13 15:30:00-04:00,24.0,24.08,23.67,23.67,35961
ARQQ,2026-08-14 09:30:00-04:00,23.47,24.57,23.302,24.25,50848
ARQQ,2026-08-14 10:30:00-04:00,24.29,24.72,24.12,24.12,30626
ARQQ,2026-08-14 11:30:00-04:00,24.135,24.89,24.1078,24.6205,19428
ARQQ,2026-08-14 12:30:00-04:00,24.85,24.85,24.3,24.78,17710
ARQQ,2026-08-14 13:30:00-04:00,24.6,24.6,24.19,24.335,8974
ARQQ,2026-08-14 14:30:00-04:00,24.18,24.5,24.13,24.5,21158
ARQQ,2026-08-14 15:30:00-04:00,24.515,24.7,24.3667,24.49,21552
ARQQ,2026-08-17 09:30:00-04:00,24.12,24.37,23.3,23.65,82019
ARQQ,2026-08-17 10:30:00-04:00,23.5001,24.1899,23.5001,24.015,44642
ARQQ,2026-08-17 11:30:00-04:00,24.19,24.3,23.9,24.3,21392
ARQQ,2026-08-17 12:30:00-04:00,24.32,24.4,24.02,24.105,13320
ARQQ,2026-08-17 13:30:00-04:00,24.0075,24.2,24.0,24.065,10201
ARQQ,2026-08-17 14:30:00-04:00,24.18,24.39,23.8905,24.33,15107
ARQQ,2026-08-17 15:30:00-04:00,24.34,24.63,24.25,24.63,30318
ARQQ,2026-08-18 09:30:00-04:00,22.8,23.86,21.9,22.055,127643
ARQQ,2026-08-18 10:30:00-04:00,21.995,22.59,21.8001,22.43,70229
ARQQ,2026-08-18 11:30:00-04:00,22.345,22.58,22.2601,22.425,27589
ARQQ,2026-08-18 12:30:00-04:00,22.42,22.605,22.31,22.395,15697
ARQQ,2026-08-18 13:30:00-04:00,22.4784,22.4784,22.06,22.1,18449
ARQQ,2026-08-18 14:30:00-04:00,22.17,22.29,22.0,22.29,25617
ARQQ,2026-08-18 15:30:00-04:00,22.225,22.2494,21.9,21.97,37330
ARQQ,2026-08-19 09:30:00-04:00,21.5,21.8835,20.75,21.1,142678
ARQQ,2026-08-19 10:30:00-04:00,21.235,21.48,20.9301,21.2,47558
ARQQ,2026-08-19 11:30:00-04:00,21.19,21.6393,20.9825,21.42,31788
ARQQ,2026-08-19 12:30:00-04:00,21.37,21.47,21.0001,21.2113,16342
ARQQ,2026-08-19 13:30:00-04:00,21.2,21.5399,21.055,21.135,25630
ARQQ,2026-08-19 14:30:00-04:00,21.22,21.37,21.08,21.36,24430
ARQQ,2026-08-19 15:30:00-04:00,21.39,21.63,21.33,21.455,26964
ARQQ,2026-08-20 09:30:00-04:00,21.15,21.5687,20.93,20.93,24630
ARQQ,2026-08-20 10:30:00-04:00,20.92,21.12,20.5222,20.58,24650
ARQQ,2026-08-20 11:30:00-04:00,20.66,20.66,20.35,20.52,29649
ARQQ,2026-08-20 12:30:00-04:00,20.5,20.82,20.43,20.63,10415
ARQQ,2026-08-20 13:30:00-04:00,20.68,20.85,20.56,20.635,7375
ARQQ,2026-08-20 14:30:00-04:00,20.635,20.815,20.52,20.815,17339
ARQQ,2026-08-20 15:30:00-04:00,20.825,21.075,20.77,20.9,28333
ARQQ,2026-08-21 09:30:00-04:00,21.34,22.49,21.03,21.12,73046
ARQQ,2026-08-21 10:30:00-04:00,21.11,21.2499,20.35,21.0105,48594
ARQQ,2026-08-21 11:30:00-04:00,21.02,21.7427,21.0,21.635,35682
ARQQ,2026-08-21 12:30:00-04:00,21.625,21.9551,21.49,21.72,26576
ARQQ,2026-08-21 13:30:00-04:00,21.51,21.69,21.49,21.6,14043
ARQQ,2026-08-21 14:30:00-04:00,21.59,21.77,21.515,21.57,21865
ARQQ,2026-08-21 15:30:00-04:00,21.57,21.595,20.81,21.1,122502
ARQQ,2026-08-24 09:30:00-04:00,20.75,20.75,19.2505,19.91,123252
ARQQ,2026-08-24 10:30:00-04:00,19.9,19.9799,19.625,19.95,13207
ARQQ,2026-08-24 11:30:00-04:00,20.0,20.2,19.88,20.2,19769
ARQQ,2026-08-24 12:30:00-04:00,20.05,20.27,20.0106,20.16,14592
ARQQ,2026-08-24 13:30:00-04:00,20.05,20.23,19.8104,20.135,20567
ARQQ,2026-08-24 14:30:00-04:00,20.2184,20.2187,20.03,20.12,12895
ARQQ,2026-08-24 15:30:00-04:00,20.145,20.28,20.02,20.18,23386
ARQQ,2026-08-25 09:30:00-04:00,20.948,21.698,20.12,20.56,89211
ARQQ,2026-08-25 10:30:00-04:00,20.41,20.99,20.41,20.96,25749
ARQQ,2026-08-25 11:30:00-04:00,21.02,21.02,20.4,20.432,15579
ARQQ,2026-08-25 12:30:00-04:00,20.61,20.61,20.28,20.35,8232
ARQQ,2026-08-25 13:30:00-04:00,20.25,20.44,20.13,20.375,11260
ARQQ,2026-08-25 14:30:00-04:00,20.33,20.44,20.138,20.26,13202
ARQQ,2026-08-25 15:30:00-04:00,20.28,20.56,20.2,20.56,18411
ARQQ,2026-08-26 09:30:00-04:00,20.38,20.99,20.285,20.315,30567
ARQQ,2026-08-26 10:30:00-04:00,20.43,20.49,19.9,20.165,24766
ARQQ,2026-08-26 11:30:00-04:00,20.06,20.845,20.06,20.52,22796
ARQQ,2026-08-26 12:30:00-04:00,20.55,20.79,20.41,20.66,9276
ARQQ,2026-08-26 13:30:00-04:00,20.73,20.735,20.38,20.44,34293
ARQQ,2026-08-26 14:30:00-04:00,20.45,20.45,20.18,20.3,26965
ARQQ,2026-08-26 15:30:00-04:00,20.24,20.48,20.13,20.47,20197
ARQQ,2026-08-27 09:30:00-04:00,21.05,21.54,20.85,21.52,51764
ARQQ,2026-08-27 10:30:00-04:00,21.45,21.81,21.27,21.695,50688
ARQQ,2026-08-27 11:30:00-04:00,21.655,21.74,21.54,21.62,15627
ARQQ,2026-08-27 12:30:00-04:00,21.6,21.95,21.58,21.61,13281
ARQQ,2026-08-27 13:30:00-04:00,21.4801,21.72,21.28,21.28,10080
ARQQ,2026-08-27 14:30:00-04:00,21.18,21.6,21.14,21.57,10863
ARQQ,2026-08-27 15:30:00-04:00,21.56,21.6,21.41,21.43,23655
ARQQ,2026-08-28 09:30:00-04:00,21.42,21.695,20.87,21.33,64387
ARQQ,2026-08-28 10:30:00-04:00,21.38,21.6,21.27,21.35,11483
ARQQ,2026-08-28 11:30:00-04:00,21.3,21.445,20.2201,20.25,46432
ARQQ,2026-08-28 12:30:00-04:00,20.355,20.675,20.25,20.34,15134
ARQQ,2026-08-28 13:30:00-04:00,20.32,20.46,20.04,20.0739,18949
ARQQ,2026-08-28 14:30:00-04:00,20.15,20.15,19.9,19.98,13242
ARQQ,2026-08-28 15:30:00-04:00,20.1,20.1692,19.9,20.0,21058
ARQQ,2026-08-31 09:30:00-04:00,19.38,20.46,19.242,19.7709,40179
ARQQ,2026-08-31 10:30:00-04:00,19.855,19.94,19.54,19.71,19644
ARQQ,2026-08-31 11:30:00-04:00,19.63,19.825,19.59,19.825,14118
ARQQ,2026-08-31 12:30:00-04:00,19.8299,20.12,19.76,19.76,14683
ARQQ,2026-08-31 13:30:00-04:00,19.7401,19.77,19.6501,19.71,3358
ARQQ,2026-08-31 14:30:00-04:00,19.665,19.925,19.66,19.905,10737
ARQQ,2026-08-31 15:30:00-04:00,19.85,19.92,19.74,19.74,9944
ARQQ,2026-09-01 09:30:00-04:00,19.25,19.65,18.8,19.215,58482
ARQQ,2026-09-01 10:30:00-04:00,19.22,19.36,19.11,19.21,15023
ARQQ,2026-09-01 11:30:00-04:00,19.14,19.21,18.81,18.84,17635
ARQQ,2026-09-01 12:30:00-04:00,18.93,18.93,18.7435,18.82,19378
ARQQ,2026-09-01 13:30:00-04:00,18.8599,18.95,18.81,18.81,12312
ARQQ,2026-09-01 14:30:00-04:00,18.82,19.02,18.79,19.02,14886
ARQQ,2026-09-01 15:30:00-04:00,18.94,19.01,18.88,18.89,18177
ARQQ,2026-09-02 09:30:00-04:00,18.6,19.09,18.6,19.01,21526
ARQQ,2026-09-02 10:30:00-04:00,19.0,19.48,19.0,19.19,32199
ARQQ,2026-09-02 11:30:00-04:00,19.2,19.21,19.09,19.09,16746
ARQQ,2026-09-02 12:30:00-04:00,19.01,19.08,18.91,18.935,11804
ARQQ,2026-09-02 13:30:00-04:00,18.98,19.31,18.98,19.31,7922
ARQQ,2026-09-02 14:30:00-04:00,19.2177,19.43,19.205,19.415,18784
ARQQ,2026-09-02 15:30:00-04:00,19.42,21.28,19.34,20.44,304534
ARQQ,2026-09-03 09:30:00-04:00,20.54,21.36,20.35,20.5969,79520
ARQQ,2026-09-03 10:30:00-04:00,20.79,20.97,20.57,20.96,27155
ARQQ,2026-09-03 11:30:00-04:00,20.96,21.03,20.68,20.865,17425
ARQQ,2026-09-03 12:30:00-04:00,20.6,20.83,20.465,20.51,10496
ARQQ,2026-09-03 13:30:00-04:00,20.51,20.65,20.25,20.25,24419
ARQQ,2026-09-03 14:30:00-04:00,20.2,20.53,20.2,20.46,9589
ARQQ,2026-09-03 15:30:00-04:00,20.58,20.72,20.3,20.72,51968
QUBT,2026-07-06 09:30:00-04:00,9.085,9.425,9.02,9.415,3050938
QUBT,2026-07-06 10:30:00-04:00,9.4101,9.535,9.312,9.51,1006919
QUBT,2026-07-06 11:30:00-04:00,9.505,9.565,9.44,9.49,676915
QUBT,2026-07-06 12:30:00-04:00,9.49,9.509,9.3101,9.3101,608591
QUBT,2026-07-06 13:30:00-04:00,9.315,9.33,9.18,9.29,752364
QUBT,2026-07-06 14:30:00-04:00,9.27,9.295,9.2,9.28,606265
QUBT,2026-07-06 15:30:00-04:00,9.285,9.38,9.2201,9.325,865215
QUBT,2026-07-07 09:30:00-04:00,9.16,9.18,8.49,8.5599,4541847
QUBT,2026-07-07 10:30:00-04:00,8.55,8.785,8.475,8.7,2133485
QUBT,2026-07-07 11:30:00-04:00,8.7,8.8599,8.619,8.81,1106361
QUBT,2026-07-07 12:30:00-04:00,8.81,8.875,8.75,8.855,1257164
QUBT,2026-07-07 13:30:00-04:00,8.87,8.94,8.84,8.8601,638410
QUBT,2026-07-07 14:30:00-04:00,8.86,8.86,8.7,8.755,1083643
QUBT,2026-07-07 15:30:00-04:00,8.76,8.81,8.68,8.69,1601589
QUBT,2026-07-08 09:30:00-04:00,8.525,8.9,8.495,8.81,2737026
QUBT,2026-07-08 10:30:00-04:00,8.805,8.84,8.5505,8.58,918361
QUBT,2026-07-08 11:30:00-04:00,8.575,8.6501,8.51,8.64,646565
QUBT,2026-07-08 12:30:00-04:00,8.64,8.69,8.5601,8.69,491896
QUBT,2026-07-08 13:30:00-04:00,8.685,8.75,8.63,8.705,555067
QUBT,2026-07-08 14:30:00-04:00,8.705,8.72,8.64,8.705,613005
QUBT,2026-07-08 15:30:00-04:00,8.705,8.77,8.654,8.74,1007829
QUBT,2026-07-09 09:30:00-04:00,8.82,9.06,8.75,9.035,2733400
QUBT,2026-07-09 10:30:00-04:00,9.035,9.22,9.005,9.185,1358927
QUBT,2026-07-09 11:30:00-04:00,9.19,9.24,9.1,9.125,789477
QUBT,2026-07-09 12:30:00-04:00,9.13,9.2,9.0905,9.185,451761
QUBT,2026-07-09 13:30:00-04:00,9.19,9.26,9.165,9.235,578337
QUBT,2026-07-09 14:30:00-04:00,9.235,9.33,9.17,9.245,959446
QUBT,2026-07-09 15:30:00-04:00,9.25,9.255,9.11,9.17,887938
QUBT,2026-07-10 09:30:00-04:00,9.16,9.23,8.88,8.9786,1766008
QUBT,2026-07-10 10:30:00-04:00,8.975,9.05,8.78,8.925,1022391
QUBT,2026-07-10 11:30:00-04:00,8.925,8.93,8.81,8.855,661841
QUBT,2026-07-10 12:30:00-04:00,8.8501,8.89,8.825,8.8606,369133
QUBT,2026-07-10 13:30:00-04:00,8.86,8.88,8.75,8.76,628582
QUBT,2026-07-10 14:30:00-04:00,8.765,8.7899,8.66,8.685,1071606
QUBT,2026-07-10 15:30:00-04:00,8.685,8.71,8.595,8.66,1550075
QUBT,2026-07-13 09:30:00-04:00,8.5,8.51,8.222,8.345,2327041
QUBT,2026-07-13 10:30:00-04:00,8.35,8.3505,8.235,8.275,988504
QUBT,2026-07-13 11:30:00-04:00,8.275,8.28,8.075,8.11,1300030
QUBT,2026-07-13 12:30:00-04:00,8.111,8.185,8.055,8.105,780811
QUBT,2026-07-13 13:30:00-04:00,8.105,8.11,8.02,8.025,991788
QUBT,2026-07-13 14:30:00-04:00,8.02,8.04,7.925,7.9422,1416911
QUBT,2026-07-13 15:30:00-04:00,7.95,8.03,7.93,8.025,1300234
QUBT,2026-07-14 09:30:00-04:00,8.18,8.2997,8.05,8.18,2347461
QUBT,2026-07-14 10:30:00-04:00,8.179,8.27,8.15,8.195,825834
QUBT,2026-07-14 11:30:00-04:00,8.19,8.28,8.15,8.28,819005
QUBT,2026-07-14 12:30:00-04:00,8.2786,8.28,8.12,8.195,460409
QUBT,2026-07-14 13:30:00-04:00,8.195,8.305,8.18,8.265,635004
QUBT,2026-07-14 14:30:00-04:00,8.265,8.315,8.255,8.27,748419
QUBT,2026-07-14 15:30:00-04:00,8.265,8.315,8.235,8.31,826326
QUBT,2026-07-15 09:30:00-04:00,8.2999,8.495,8.14,8.1999,1610921
QUBT,2026-07-15 10:30:00-04:00,8.18,8.23,8.04,8.1199,988939
QUBT,2026-07-15 11:30:00-04:00,8.1195,8.145,7.91,7.965,1142236
QUBT,2026-07-15 12:30:00-04:00,7.965,8.11,7.955,8.075,785134
QUBT,2026-07-15 13:30:00-04:00,8.0701,8.16,8.04,8.11,628667
QUBT,2026-07-15 14:30:00-04:00,8.1105,8.1264,7.95,8.0,664320
QUBT,2026-07-15 15:30:00-04:00,8.005,8.06,8.0,8.06,694508
QUBT,2026-07-16 09:30:00-04:00,7.95,7.995,7.69,7.76,2210677
QUBT,2026-07-16 10:30:00-04:00,7.755,7.771,7.635,7.735,1077745
QUBT,2026-07-16 11:30:00-04:00,7.735,8.04,7.65,7.69,790816
QUBT,2026-07-16 12:30:00-04:00,7.7,7.71,7.62,7.67,879307
QUBT,2026-07-16 13:30:00-04:00,7.67,7.7,7.57,7.695,892965
QUBT,2026-07-16 14:30:00-04:00,7.695,7.705,7.61,7.625,1035852
QUBT,2026-07-16 15:30:00-04:00,7.62,7.67,7.54,7.64,1888819
QUBT,2026-07-17 09:30:00-04:00,7.452,7.7199,7.41,7.675,2442654
QUBT,2026-07-17 10:30:00-04:00,7.675,7.74,7.62,7.7286,1201188
QUBT,2026-07-17 11:30:00-04:00,7.725,7.9599,7.705,7.905,1101131
QUBT,2026-07-17 12:30:00-04:00,7.905,8.07,7.865,8.065,1015221
QUBT,2026-07-17 13:30:00-04:00,8.065,8.08,7.8801,7.895,747082
QUBT,2026-07-17 14:30:00-04:00,7.895,7.93,7.795,7.815,935067
QUBT,2026-07-17 15:30:00-04:00,7.82,7.86,7.7601,7.8,2317094
QUBT,2026-07-20 09:30:00-04:00,7.86,8.05,7.7164,7.805,2080239
QUBT,2026-07-20 10:30:00-04:00,7.805,7.86,7.75,7.8498,914683
QUBT,2026-07-20 11:30:00-04:00,7.8492,7.95,7.77,7.915,1233095
QUBT,2026-07-20 12:30:00-04:00,7.915,7.9786,7.9,7.955,655342
QUBT,2026-07-20 13:30:00-04:00,7.96,8.045,7.935,7.995,792575
QUBT,2026-07-20 14:30:00-04:00,7.995,8.0,7.89,7.935,856455
QUBT,2026-07-20 15:30:00-04:00,7.94,7.97,7.905,7.92,1213081
QUBT,2026-07-21 09:30:00-04:00,8.075,8.2199,8.02,8.175,1946834
QUBT,2026-07-21 10:30:00-04:00,8.175,8.21,8.09,8.175,830551
QUBT,2026-07-21 11:30:00-04:00,8.17,8.21,8.1,8.1101,688139
QUBT,2026-07-21 12:30:00-04:00,8.115,8.1551,8.07,8.115,407865
QUBT,2026-07-21 13:30:00-04:00,8.115,8.15,8.055,8.07,481452
QUBT,2026-07-21 14:30:00-04:00,8.06,8.07,7.95,7.995,713620
QUBT,2026-07-21 15:30:00-04:00,8.0,8.26,7.99,8.195,1745459
QUBT,2026-07-22 09:30:00-04:00,8.195,8.255,8.005,8.0699,1735825
QUBT,2026-07-22 10:30:00-04:00,8.07,8.1599,8.04,8.135,521792
QUBT,2026-07-22 11:30:00-04:00,8.135,8.145,8.075,8.1,455674
QUBT,2026-07-22 12:30:00-04:00,8.0999,8.14,8.03,8.0701,611436
QUBT,2026-07-22 13:30:00-04:00,8.075,8.08,7.87,7.885,1614616
QUBT,2026-07-22 14:30:00-04:00,7.885,7.92,7.81,7.845,864947
QUBT,2026-07-22 15:30:00-04:00,7.85,7.945,7.795,7.915,1310147
QUBT,2026-07-23 09:30:00-04:00,7.76,8.08,7.76,7.98,1934091
QUBT,2026-07-23 10:30:00-04:00,7.98,7.985,7.7,7.715,964652
QUBT,2026-07-23 11:30:00-04:00,7.72,7.895,7.71,7.895,701778
QUBT,2026-07-23 12:30:00-04:00,7.885,7.89,7.82,7.845,505462
QUBT,2026-07-23 13:30:00-04:00,7.845,7.85,7.765,7.795,334435
QUBT,2026-07-23 14:30:00-04:00,7.7999,7.84,7.75,7.83,462877
QUBT,2026-07-23 15:30:00-04:00,7.835,7.88,7.77,7.85,619833
QUBT,2026-07-24 09:30:00-04:00,7.85,7.88,7.52,7.57,1338240
QUBT,2026-07-24 10:30:00-04:00,7.57,7.66,7.45,7.64,1229659
QUBT,2026-07-24 11:30:00-04:00,7.635,7.685,7.5801,7.65,854147
QUBT,2026-07-24 12:30:00-04:00,7.645,7.65,7.555,7.61,327822
QUBT,2026-07-24 13:30:00-04:00,7.61,7.64,7.5046,7.5121,369765
QUBT,2026-07-24 14:30:00-04:00,7.515,7.515,7.43,7.485,1006054
QUBT,2026-07-24 15:30:00-04:00,7.49,7.5,7.41,7.44,1012077
QUBT,2026-07-27 09:30:00-04:00,7.74,8.17,7.73,7.885,3849996
QUBT,2026-07-27 10:30:00-04:00,7.885,7.95,7.6801,7.905,1341116
QUBT,2026-07-27 11:30:00-04:00,7.9,7.9156,7.785,7.885,793245
QUBT,2026-07-27 12:30:00-04:00,7.885,7.9299,7.745,7.755,528679
QUBT,2026-07-27 13:30:00-04:00,7.755,7.82,7.73,7.7399,595891
QUBT,2026-07-27 14:30:00-04:00,7.73,7.9458,7.71,7.945,1002635
QUBT,2026-07-27 15:30:00-04:00,7.9499,7.98,7.86,7.95,1129311
QUBT,2026-07-28 09:30:00-04:00,7.76,7.76,7.3,7.445,3339382
QUBT,2026-07-28 10:30:00-04:00,7.445,7.82,7.41,7.82,1342086
QUBT,2026-07-28 11:30:00-04:00,7.82,7.875,7.735,7.7599,808234
QUBT,2026-07-28 12:30:00-04:00,7.75,7.85,7.715,7.8,336653
QUBT,2026-07-28 13:30:00-04:00,7.79,7.8,7.6601,7.6799,403382
QUBT,2026-07-28 14:30:00-04:00,7.68,7.83,7.65,7.785,596793
QUBT,2026-07-28 15:30:00-04:00,7.79,7.82,7.71,7.73,1006604
QUBT,2026-07-29 09:30:00-04:00,7.6,7.67,7.3,7.325,1661957
QUBT,2026-07-29 10:30:00-04:00,7.325,7.4699,7.3,7.45,920664
QUBT,2026-07-29 11:30:00-04:00,7.45,7.485,7.33,7.405,705528
QUBT,2026-07-29 12:30:00-04:00,7.4099,7.4694,7.3714,7.415,475534
QUBT,2026-07-29 13:30:00-04:00,7.415,7.59,7.39,7.53,978061
QUBT,2026-07-29 14:30:00-04:00,7.53,7.805,7.495,7.59,1285874
QUBT,2026-07-29 15:30:00-04:00,7.59,7.605,7.3,7.315,1408871
QUBT,2026-07-30 09:30:00-04:00,7.605,7.87,7.53,7.83,2046206
QUBT,2026-07-30 10:30:00-04:00,7.835,7.845,7.7,7.76,1059027
QUBT,2026-07-30 11:30:00-04:00,7.75,7.89,7.75,7.8701,657685
QUBT,2026-07-30 12:30:00-04:00,7.87,7.88,7.8,7.855,338352
QUBT,2026-07-30 13:30:00-04:00,7.855,7.9094,7.825,7.855,417005
QUBT,2026-07-30 14:30:00-04:00,7.855,7.97,7.8306,7.938,656434
QUBT,2026-07-30 15:30:00-04:00,7.935,8.035,7.9301,8.01,1401737
QUBT,2026-07-31 09:30:00-04:00,8.16,8.385,7.945,8.05,2861045
QUBT,2026-07-31 10:30:00-04:00,8.055,8.255,8.02,8.0607,1073409
QUBT,2026-07-31 11:30:00-04:00,8.07,8.105,7.94,8.0,942740
QUBT,2026-07-31 12:30:00-04:00,8.0,8.06,7.9199,8.055,742941
QUBT,2026-07-31 13:30:00-04:00,8.0594,8.14,8.04,8.09,479105
QUBT,2026-07-31 14:30:00-04:00,8.095,8.12,8.07,8.0902,422673
QUBT,2026-07-31 15:30:00-04:00,8.095,8.12,8.035,8.1,773189
QUBT,2026-08-03 09:30:00-04:00,8.105,8.45,8.0,8.44,2702739
QUBT,2026-08-03 10:30:00-04:00,8.435,8.6319,8.415,8.55,1769298
QUBT,2026-08-03 11:30:00-04:00,8.545,8.7399,8.54,8.7399,955508
QUBT,2026-08-03 12:30:00-04:00,8.74,8.745,8.6,8.68,673197
QUBT,2026-08-03 13:30:00-04:00,8.6797,8.74,8.66,8.6701,628187
QUBT,2026-08-03 14:30:00-04:00,8.68,8.7236,8.64,8.685,761205
QUBT,2026-08-03 15:30:00-04:00,8.69,8.74,8.67,8.74,1101940
QUBT,2026-08-04 09:30:00-04:00,9.0101,9.3,8.9198,9.01,3595581
QUBT,2026-08-04 10:30:00-04:00,9.015,9.1,8.96,9.01,941330
QUBT,2026-08-04 11:30:00-04:00,9.015,9.32,9.01,9.285,1581459
QUBT,2026-08-04 12:30:00-04:00,9.2823,9.35,9.245,9.325,980015
QUBT,2026-08-04 13:30:00-04:00,9.325,9.35,9.26,9.325,1292301
QUBT,2026-08-04 14:30:00-04:00,9.33,9.345,9.22,9.22,1044162
QUBT,2026-08-04 15:30:00-04:00,9.23,9.27,9.15,9.23,2050612
QUBT,2026-08-05 09:30:00-04:00,9.1217,9.23,8.9405,8.965,1937455
QUBT,2026-08-05 10:30:00-04:00,8.96,9.02,8.8602,8.9807,889541
QUBT,2026-08-05 11:30:00-04:00,8.97,9.0502,8.94,9.03,381166
QUBT,2026-08-05 12:30:00-04:00,9.035,9.0495,8.9701,9.025,347065
QUBT,2026-08-05 13:30:00-04:00,9.02,9.06,9.005,9.025,350889
QUBT,2026-08-05 14:30:00-04:00,9.025,9.045,8.97,9.045,528177
QUBT,2026-08-05 15:30:00-04:00,9.0401,9.055,8.86,8.865,935819
QUBT,2026-08-06 09:30:00-04:00,8.49,8.94,8.47,8.86,2272223
QUBT,2026-08-06 10:30:00-04:00,8.87,8.97,8.78,8.92,740596
QUBT,2026-08-06 11:30:00-04:00,8.93,8.95,8.725,8.755,495045
QUBT,2026-08-06 12:30:00-04:00,8.755,8.85,8.7207,8.815,301090
QUBT,2026-08-06 13:30:00-04:00,8.805,8.83,8.735,8.81,331679
QUBT,2026-08-06 14:30:00-04:00,8.805,8.825,8.76,8.78,302575
QUBT,2026-08-06 15:30:00-04:00,8.785,8.815,8.71,8.78,679507
QUBT,2026-08-07 09:30:00-04:00,8.97,9.14,8.755,9.04,2573905
QUBT,2026-08-07 10:30:00-04:00,9.042,9.05,8.905,9.045,929973
QUBT,2026-08-07 11:30:00-04:00,9.0401,9.18,9.0222,9.055,1014504
QUBT,2026-08-07 12:30:00-04:00,9.055,9.065,8.97,8.985,596789
QUBT,2026-08-07 13:30:00-04:00,8.985,9.0375,8.96,9.015,362296
QUBT,2026-08-07 14:30:00-04:00,9.0123,9.17,8.9601,9.1517,1589164
QUBT,2026-08-07 15:30:00-04:00,9.155,9.205,9.05,9.17,1103992
QUBT,2026-08-10 09:30:00-04:00,9.17,9.245,8.8694,9.1406,2985478
QUBT,2026-08-10 10:30:00-04:00,9.145,9.18,8.97,9.0063,900527
QUBT,2026-08-10 11:30:00-04:00,9.005,9.12,8.98,9.005,573164
QUBT,2026-08-10 12:30:00-04:00,9.0026,9.01,8.925,8.9669,794816
QUBT,2026-08-10 13:30:00-04:00,8.965,8.978,8.88,8.885,655419
QUBT,2026-08-10 14:30:00-04:00,8.885,8.9599,8.86,8.935,706163
QUBT,2026-08-10 15:30:00-04:00,8.93,9.0,8.9106,8.955,1216914
QUBT,2026-08-11 09:30:00-04:00,9.16,9.16,8.7,8.835,3420799
QUBT,2026-08-11 10:30:00-04:00,8.835,8.86,8.73,8.775,1022397
QUBT,2026-08-11 11:30:00-04:00,8.775,8.845,8.705,8.76,684666
QUBT,2026-08-11 12:30:00-04:00,8.765,8.815,8.71,8.81,601021
QUBT,2026-08-11 13:30:00-04:00,8.81,8.82,8.71,8.71,407971
QUBT,2026-08-11 14:30:00-04:00,8.71,8.95,8.71,8.94,806419
QUBT,2026-08-11 15:30:00-04:00,8.945,8.99,8.88,8.935,1001254
QUBT,2026-08-12 09:30:00-04:00,9.16,9.24,8.8506,8.8799,2631700
QUBT,2026-08-12 10:30:00-04:00,8.87,8.8786,8.8,8.805,773937
QUBT,2026-08-12 11:30:00-04:00,8.805,8.955,8.775,8.92,712693
QUBT,2026-08-12 12:30:00-04:00,8.915,8.96,8.9014,8.905,603565
QUBT,2026-08-12 13:30:00-04:00,8.905,8.98,8.9,8.96,536739
QUBT,2026-08-12 14:30:00-04:00,8.955,9.03,8.9236,8.975,681391
QUBT,2026-08-12 15:30:00-04:00,8.9799,8.9799,8.8601,8.93,1109984
QUBT,2026-08-13 09:30:00-04:00,8.87,9.26,8.84,9.205,3911654
QUBT,2026-08-13 10:30:00-04:00,9.2002,9.22,8.93,8.975,1376358
QUBT,2026-08-13 11:30:00-04:00,8.975,9.0371,8.88,8.92,602396
QUBT,2026-08-13 12:30:00-04:00,8.925,8.935,8.785,8.815,789287
QUBT,2026-08-13 13:30:00-04:00,8.8197,8.89,8.81,8.8458,542264
QUBT,2026-08-13 14:30:00-04:00,8.845,8.97,8.835,8.88,687501
QUBT,2026-08-13 15:30:00-04:00,8.88,8.94,8.83,8.91,1075382
QUBT,2026-08-14 09:30:00-04:00,8.78,9.0641,8.7601,9.01,2031909
QUBT,2026-08-14 10:30:00-04:00,9.0,9.05,8.94,8.955,801797
QUBT,2026-08-14 11:30:00-04:00,8.96,9.06,8.91,9.025,681340
QUBT,2026-08-14 12:30:00-04:00,9.03,9.1,8.965,8.97,745586
QUBT,2026-08-14 13:30:00-04:00,8.97,8.98,8.88,8.93,551760
QUBT,2026-08-14 14:30:00-04:00,8.93,8.97,8.86,8.955,626578
QUBT,2026-08-14 15:30:00-04:00,8.945,9.045,8.93,8.995,1114441
QUBT,2026-08-17 09:30:00-04:00,8.911,9.155,8.73,9.005,2878202
QUBT,2026-08-17 10:30:00-04:00,9.0099,9.04,8.94,9.0163,531002
QUBT,2026-08-17 11:30:00-04:00,9.015,9.18,8.9701,9.1106,1203321
QUBT,2026-08-17 12:30:00-04:00,9.115,9.125,8.995,9.01,311254
QUBT,2026-08-17 13:30:00-04:00,9.015,9.035,8.96,8.99,422954
QUBT,2026-08-17 14:30:00-04:00,8.995,9.04,8.95,8.975,416083
QUBT,2026-08-17 15:30:00-04:00,8.98,9.06,8.965,9.04,688373
QUBT,2026-08-18 09:30:00-04:00,8.481,8.935,8.45,8.62,2777640
QUBT,2026-08-18 10:30:00-04:00,8.63,8.64,8.53,8.595,664098
QUBT,2026-08-18 11:30:00-04:00,8.595,8.7,8.57,8.63,574378
QUBT,2026-08-18 12:30:00-04:00,8.635,8.72,8.61,8.645,382471
QUBT,2026-08-18 13:30:00-04:00,8.645,8.655,8.57,8.575,377319
QUBT,2026-08-18 14:30:00-04:00,8.575,8.595,8.535,8.58,474763
QUBT,2026-08-18 15:30:00-04:00,8.57,8.6,8.5,8.505,1064074
QUBT,2026-08-19 09:30:00-04:00,8.36,8.5,8.14,8.3101,2348410
QUBT,2026-08-19 10:30:00-04:00,8.31,8.485,8.305,8.455,641356
QUBT,2026-08-19 11:30:00-04:00,8.454,8.49,8.3879,8.47,413977
QUBT,2026-08-19 12:30:00-04:00,8.47,8.49,8.34,8.3586,456601
QUBT,2026-08-19 13:30:00-04:00,8.355,8.4199,8.3,8.3199,363242
QUBT,2026-08-19 14:30:00-04:00,8.32,8.335,8.265,8.315,423474
QUBT,2026-08-19 15:30:00-04:00,8.32,8.43,8.3098,8.42,1106957
QUBT,2026-08-20 09:30:00-04:00,8.46,8.56,8.23,8.2898,1685017
QUBT,2026-08-20 10:30:00-04:00,8.2863,8.335,8.06,8.1023,2231335
QUBT,2026-08-20 11:30:00-04:00,8.105,8.12,8.035,8.0801,748395
QUBT,2026-08-20 12:30:00-04:00,8.08,8.21,8.05,8.105,654353
QUBT,2026-08-20 13:30:00-04:00,8.105,8.1669,8.06,8.1061,465419
QUBT,2026-08-20 14:30:00-04:00,8.105,8.16,8.065,8.15,540237
QUBT,2026-08-20 15:30:00-04:00,8.145,8.17,8.108,8.15,858091
QUBT,2026-08-21 09:30:00-04:00,8.24,8.66,8.24,8.59,2859793
QUBT,2026-08-21 10:30:00-04:00,8.59,8.77,8.49,8.75,1050734
QUBT,2026-08-21 11:30:00-04:00,8.7512,8.87,8.73,8.825,1295235
QUBT,2026-08-21 12:30:00-04:00,8.825,8.835,8.73,8.815,668524
QUBT,2026-08-21 13:30:00-04:00,8.82,8.84,8.775,8.792,514052
QUBT,2026-08-21 14:30:00-04:00,8.795,8.88,8.76,8.845,823763
QUBT,2026-08-21 15:30:00-04:00,8.845,8.95,8.82,8.92,2927032
QUBT,2026-08-24 09:30:00-04:00,8.62,8.718,8.265,8.4,2469631
QUBT,2026-08-24 10:30:00-04:00,8.395,8.44,8.33,8.38,710818
QUBT,2026-08-24 11:30:00-04:00,8.3883,8.4,8.3,8.3141,700435
QUBT,2026-08-24 12:30:00-04:00,8.31,8.3168,8.26,8.265,820372
QUBT,2026-08-24 13:30:00-04:00,8.2605,8.3297,8.2424,8.31,577116
QUBT,2026-08-24 14:30:00-04:00,8.315,8.345,8.24,8.2576,680376
QUBT,2026-08-24 15:30:00-04:00,8.2595,8.285,8.18,8.25,1113768
QUBT,2026-08-25 09:30:00-04:00,8.448,8.46,8.22,8.395,1459562
QUBT,2026-08-25 10:30:00-04:00,8.39,8.58,8.335,8.55,1039796
QUBT,2026-08-25 11:30:00-04:00,8.5506,8.565,8.5105,8.56,499018
QUBT,2026-08-25 12:30:00-04:00,8.56,8.56,8.48,8.5024,396962
QUBT,2026-08-25 13:30:00-04:00,8.5,8.62,8.24,8.585,440447
QUBT,2026-08-25 14:30:00-04:00,8.585,8.59,8.49,8.515,352210
QUBT,2026-08-25 15:30:00-04:00,8.5195,8.52,8.4327,8.45,806896
QUBT,2026-08-26 09:30:00-04:00,8.44,8.58,8.35,8.3676,1346976
QUBT,2026-08-26 10:30:00-04:00,8.36,8.41,8.32,8.3599,540017
QUBT,2026-08-26 11:30:00-04:00,8.35,8.37,8.3,8.3094,415838
QUBT,2026-08-26 12:30:00-04:00,8.3,8.38,8.2906,8.375,434427
QUBT,2026-08-26 13:30:00-04:00,8.375,8.39,8.335,8.345,224255
QUBT,2026-08-26 14:30:00-04:00,8.34,8.43,8.34,8.38,312772
QUBT,2026-08-26 15:30:00-04:00,8.38,8.39,8.31,8.35,799374
QUBT,2026-08-27 09:30:00-04:00,8.61,8.6797,8.42,8.615,1703782
QUBT,2026-08-27 10:30:00-04:00,8.62,8.77,8.5601,8.715,1446744
QUBT,2026-08-27 11:30:00-04:00,8.715,8.76,8.64,8.6855,574728
QUBT,2026-08-27 12:30:00-04:00,8.68,8.78,8.59,8.5906,672670
QUBT,2026-08-27 13:30:00-04:00,8.595,8.64,8.53,8.5447,579742
QUBT,2026-08-27 14:30:00-04:00,8.545,8.655,8.535,8.645,511851
QUBT,2026-08-27 15:30:00-04:00,8.64,8.715,8.62,8.65,1948657
QUBT,2026-08-28 09:30:00-04:00,8.57,8.635,8.31,8.395,1516060
QUBT,2026-08-28 10:30:00-04:00,8.4,8.47,8.3577,8.385,530207
QUBT,2026-08-28 11:30:00-04:00,8.39,8.395,8.2,8.2294,964973
QUBT,2026-08-28 12:30:00-04:00,8.23,8.2594,8.08,8.08,1458537
QUBT,2026-08-28 13:30:00-04:00,8.085,8.13,8.07,8.0906,439785
QUBT,2026-08-28 14:30:00-04:00,8.095,8.135,8.07,8.1294,578982
QUBT,2026-08-28 15:30:00-04:00,8.125,8.195,8.1031,8.165,970629
QUBT,2026-08-31 09:30:00-04:00,8.1,8.32,8.08,8.225,1388495
QUBT,2026-08-31 10:30:00-04:00,8.225,8.29,8.21,8.285,385370
QUBT,2026-08-31 11:30:00-04:00,8.2809,8.3494,8.25,8.315,348580
QUBT,2026-08-31 12:30:00-04:00,8.32,8.34,8.3,8.3,327498
QUBT,2026-08-31 13:30:00-04:00,8.3099,8.3299,8.25,8.25,309279
QUBT,2026-08-31 14:30:00-04:00,8.255,8.2599,8.21,8.225,434885
QUBT,2026-08-31 15:30:00-04:00,8.225,8.25,8.19,8.235,617504
QUBT,2026-09-01 09:30:00-04:00,7.996,8.1161,7.91,7.945,1685872
QUBT,2026-09-01 10:30:00-04:00,7.945,8.0,7.93,7.96,547478
QUBT,2026-09-01 11:30:00-04:00,7.955,7.988,7.94,7.9514,380441
QUBT,2026-09-01 12:30:00-04:00,7.955,7.955,7.895,7.93,571458
QUBT,2026-09-01 13:30:00-04:00,7.925,7.95,7.87,7.8719,419735
QUBT,2026-09-01 14:30:00-04:00,7.875,7.92,7.83,7.905,717755
QUBT,2026-09-01 15:30:00-04:00,7.9,7.925,7.885,7.89,772263
QUBT,2026-09-02 09:30:00-04:00,7.812,8.0,7.8,7.975,1056338
QUBT,2026-09-02 10:30:00-04:00,7.975,7.99,7.89,7.895,421154
QUBT,2026-09-02 11:30:00-04:00,7.89,7.905,7.85,7.86,273835
QUBT,2026-09-02 12:30:00-04:00,7.8606,7.87,7.82,7.84,275768
QUBT,2026-09-02 13:30:00-04:00,7.84,7.97,7.835,7.95,332771
QUBT,2026-09-02 14:30:00-04:00,7.955,7.9794,7.91,7.94,366170
QUBT,2026-09-02 15:30:00-04:00,7.94,7.96,7.825,7.845,1942953
QUBT,2026-09-03 09:30:00-04:00,7.898,8.07,7.89,7.965,1336411
QUBT,2026-09-03 10:30:00-04:00,7.96,8.02,7.945,8.0,539337
QUBT,2026-09-03 11:30:00-04:00,8.0,8.0,7.915,7.9295,401742
QUBT,2026-09-03 12:30:00-04:00,7.925,7.93,7.87,7.9,314936
QUBT,2026-09-03 13:30:00-04:00,7.895,7.95,7.88,7.885,249397
QUBT,2026-09-03 14:30:00-04:00,7.8862,7.98,7.87,7.98,446430
QUBT,2026-09-03 15:30:00-04:00,7.98,7.985,7.935,7.975,572074
QSI,2026-07-06 09:30:00-04:00,0.928,0.9498,0.9275,0.942,314083
QSI,2026-07-06 10:30:00-04:00,0.942,0.9716,0.9352,0.9688,274733
QSI,2026-07-06 11:30:00-04:00,0.9688,0.97,0.9603,0.9692,588375
QSI,2026-07-06 12:30:00-04:00,0.9667,0.9799,0.9622,0.9729,525786
QSI,2026-07-06 13:30:00-04:00,0.9729,0.973,0.962,0.9683,191510
QSI,2026-07-06 14:30:00-04:00,0.9678,0.9686,0.9502,0.9615,282252
QSI,2026-07-06 15:30:00-04:00,0.962,0.9651,0.941,0.9482,335710
QSI,2026-07-07 09:30:00-04:00,0.94,0.94,0.901,0.9076,624113
QSI,2026-07-07 10:30:00-04:00,0.9128,0.94,0.9114,0.928,415469
QSI,2026-07-07 11:30:00-04:00,0.9277,0.94,0.9175,0.9383,495256
QSI,2026-07-07 12:30:00-04:00,0.9382,0.942,0.9313,0.9404,606868
QSI,2026-07-07 13:30:00-04:00,0.9395,0.9478,0.9321,0.9413,502758
QSI,2026-07-07 14:30:00-04:00,0.9409,0.9412,0.9201,0.9201,602261
QSI,2026-07-07 15:30:00-04:00,0.9228,0.9294,0.9104,0.9238,365952
QSI,2026-07-08 09:30:00-04:00,0.8855,0.93,0.8855,0.9046,633759
QSI,2026-07-08 10:30:00-04:00,0.908,0.91,0.8899,0.8899,436144
QSI,2026-07-08 11:30:00-04:00,0.8903,0.9,0.8869,0.8993,515921
QSI,2026-07-08 12:30:00-04:00,0.8997,0.907,0.8906,0.9044,349561
QSI,2026-07-08 13:30:00-04:00,0.9044,0.9189,0.9018,0.91,306855
QSI,2026-07-08 14:30:00-04:00,0.9101,0.9151,0.9013,0.9073,445242
QSI,2026-07-08 15:30:00-04:00,0.9058,0.9251,0.9024,0.9189,628285
QSI,2026-07-09 09:30:00-04:00,0.91,0.945,0.902,0.9448,528772
QSI,2026-07-09 10:30:00-04:00,0.9448,0.9569,0.9315,0.9496,339396
QSI,2026-07-09 11:30:00-04:00,0.9495,0.9499,0.9381,0.9388,258421
QSI,2026-07-09 12:30:00-04:00,0.9387,0.9499,0.9363,0.9443,94003
QSI,2026-07-09 13:30:00-04:00,0.9468,0.9468,0.9418,0.9463,155560
QSI,2026-07-09 14:30:00-04:00,0.9463,0.9698,0.9449,0.9638,415377
QSI,2026-07-09 15:30:00-04:00,0.9638,0.968,0.9529,0.9666,666690
QSI,2026-07-10 09:30:00-04:00,0.9464,0.9543,0.902,0.91,575051
QSI,2026-07-10 10:30:00-04:00,0.9127,0.9127,0.8964,0.8995,543376
QSI,2026-07-10 11:30:00-04:00,0.8995,0.904,0.8919,0.895,345522
QSI,2026-07-10 12:30:00-04:00,0.8958,0.9036,0.895,0.9036,165073
QSI,2026-07-10 13:30:00-04:00,0.9036,0.9134,0.8963,0.8994,136829
QSI,2026-07-10 14:30:00-04:00,0.899,0.9066,0.8953,0.9006,215305
QSI,2026-07-10 15:30:00-04:00,0.9008,0.9025,0.882,0.8827,805060
QSI,2026-07-13 09:30:00-04:00,0.88,0.88,0.865,0.8702,552761
QSI,2026-07-13 10:30:00-04:00,0.874,0.88,0.8705,0.8799,292095
QSI,2026-07-13 11:30:00-04:00,0.8779,0.8827,0.8539,0.8543,726123
QSI,2026-07-13 12:30:00-04:00,0.8544,0.8642,0.85,0.8581,439322
QSI,2026-07-13 13:30:00-04:00,0.8581,0.8627,0.85,0.8547,420357
QSI,2026-07-13 14:30:00-04:00,0.8537,0.8827,0.8537,0.8684,384939
QSI,2026-07-13 15:30:00-04:00,0.8685,0.8828,0.8597,0.8622,586212
QSI,2026-07-14 09:30:00-04:00,0.87,0.9,0.867,0.8749,229528
QSI,2026-07-14 10:30:00-04:00,0.8738,0.8799,0.8694,0.8765,52525
QSI,2026-07-14 11:30:00-04:00,0.8799,0.8834,0.8702,0.8738,101558
QSI,2026-07-14 12:30:00-04:00,0.8775,0.8775,0.8682,0.8711,238481
QSI,2026-07-14 13:30:00-04:00,0.8743,0.8775,0.8711,0.8732,77382
QSI,2026-07-14 14:30:00-04:00,0.8731,0.8751,0.8712,0.8714,119093
QSI,2026-07-14 15:30:00-04:00,0.8714,0.8714,0.8618,0.8637,267379
QSI,2026-07-15 09:30:00-04:00,0.8727,0.896,0.86,0.8732,702037
QSI,2026-07-15 10:30:00-04:00,0.8717,0.8851,0.8652,0.8707,440253
QSI,2026-07-15 11:30:00-04:00,0.871,0.8739,0.8652,0.8667,209003
QSI,2026-07-15 12:30:00-04:00,0.8667,0.8799,0.8651,0.8767,171617
QSI,2026-07-15 13:30:00-04:00,0.8772,0.8839,0.8671,0.8752,143131
QSI,2026-07-15 14:30:00-04:00,0.871,0.8754,0.8601,0.8613,299381
QSI,2026-07-15 15:30:00-04:00,0.8616,0.8705,0.8616,0.8623,155378
QSI,2026-07-16 09:30:00-04:00,0.8526,0.8558,0.84,0.8428,516474
QSI,2026-07-16 10:30:00-04:00,0.8451,0.8495,0.831,0.8393,452160
QSI,2026-07-16 11:30:00-04:00,0.8395,0.862,0.8251,0.8258,542652
QSI,2026-07-16 12:30:00-04:00,0.8261,0.832,0.8256,0.8293,761526
QSI,2026-07-16 13:30:00-04:00,0.829,0.8303,0.815,0.8178,429934
QSI,2026-07-16 14:30:00-04:00,0.8188,0.8188,0.8066,0.8128,350536
QSI,2026-07-16 15:30:00-04:00,0.8115,0.824,0.806,0.812,422459
QSI,2026-07-17 09:30:00-04:00,0.8177,0.8398,0.803,0.8261,704543
QSI,2026-07-17 10:30:00-04:00,0.8249,0.8362,0.8161,0.8233,162849
QSI,2026-07-17 11:30:00-04:00,0.8233,0.8412,0.8233,0.8314,342237
QSI,2026-07-17 12:30:00-04:00,0.8314,0.8444,0.83,0.8401,324094
QSI,2026-07-17 13:30:00-04:00,0.845,0.8462,0.8216,0.8284,230013
QSI,2026-07-17 14:30:00-04:00,0.8284,0.8315,0.8206,0.8251,253449
QSI,2026-07-17 15:30:00-04:00,0.8251,0.833,0.821,0.8224,224196
QSI,2026-07-20 09:30:00-04:00,0.8297,0.8347,0.81,0.8186,502844
QSI,2026-07-20 10:30:00-04:00,0.8225,0.8268,0.8114,0.8204,134573
QSI,2026-07-20 11:30:00-04:00,0.8199,0.8278,0.8149,0.8247,206512
QSI,2026-07-20 12:30:00-04:00,0.8243,0.8282,0.8209,0.8259,61441
QSI,2026-07-20 13:30:00-04:00,0.8254,0.8399,0.8203,0.8314,174126
QSI,2026-07-20 14:30:00-04:00,0.8313,0.8313,0.8204,0.8222,202871
QSI,2026-07-20 15:30:00-04:00,0.8223,0.8269,0.8166,0.8245,124777
QSI,2026-07-21 09:30:00-04:00,0.8216,0.8485,0.8216,0.8328,297421
QSI,2026-07-21 10:30:00-04:00,0.8341,0.8484,0.8332,0.8414,410340
QSI,2026-07-21 11:30:00-04:00,0.8414,0.8498,0.8382,0.8401,112113
QSI,2026-07-21 12:30:00-04:00,0.8412,0.8497,0.841,0.8426,100937
QSI,2026-07-21 13:30:00-04:00,0.8426,0.8456,0.841,0.8432,131951
QSI,2026-07-21 14:30:00-04:00,0.8428,0.843,0.8351,0.8396,125431
QSI,2026-07-21 15:30:00-04:00,0.8397,0.84,0.8302,0.8352,175480
QSI,2026-07-22 09:30:00-04:00,0.81,0.8454,0.81,0.8261,536426
QSI,2026-07-22 10:30:00-04:00,0.8263,0.8333,0.8184,0.826,448148
QSI,2026-07-22 11:30:00-04:00,0.826,0.8281,0.815,0.8156,302165
QSI,2026-07-22 12:30:00-04:00,0.8152,0.8254,0.8152,0.8191,283352
QSI,2026-07-22 13:30:00-04:00,0.8201,0.823,0.8156,0.8162,475716
QSI,2026-07-22 14:30:00-04:00,0.8163,0.8163,0.8133,0.8139,286326
QSI,2026-07-22 15:30:00-04:00,0.8138,0.8138,0.8071,0.8071,388598
QSI,2026-07-23 09:30:00-04:00,0.79,0.828,0.79,0.8058,532442
QSI,2026-07-23 10:30:00-04:00,0.8028,0.8049,0.7809,0.7853,760209
QSI,2026-07-23 11:30:00-04:00,0.7869,0.8035,0.785,0.8002,849604
QSI,2026-07-23 12:30:00-04:00,0.8021,0.8058,0.795,0.8023,244045
QSI,2026-07-23 13:30:00-04:00,0.8023,0.8051,0.79,0.7917,292582
QSI,2026-07-23 14:30:00-04:00,0.7914,0.7985,0.7866,0.7898,317113
QSI,2026-07-23 15:30:00-04:00,0.7898,0.8026,0.7868,0.7976,197043
QSI,2026-07-24 09:30:00-04:00,0.7951,0.799,0.7608,0.775,626236
QSI,2026-07-24 10:30:00-04:00,0.7731,0.7861,0.7642,0.7787,486233
QSI,2026-07-24 11:30:00-04:00,0.779,0.7914,0.779,0.7844,414360
QSI,2026-07-24 12:30:00-04:00,0.7844,0.796,0.7801,0.7896,323064
QSI,2026-07-24 13:30:00-04:00,0.7868,0.7873,0.7751,0.7782,108609
QSI,2026-07-24 14:30:00-04:00,0.7778,0.7798,0.7701,0.776,165984
QSI,2026-07-24 15:30:00-04:00,0.776,0.7804,0.7668,0.7699,419542
QSI,2026-07-27 09:30:00-04:00,0.7884,0.8097,0.78,0.7802,280087
QSI,2026-07-27 10:30:00-04:00,0.7802,0.7898,0.773,0.7829,242866
QSI,2026-07-27 11:30:00-04:00,0.7827,0.786,0.7715,0.786,78229
QSI,2026-07-27 12:30:00-04:00,0.7846,0.7929,0.7801,0.7808,197138
QSI,2026-07-27 13:30:00-04:00,0.7801,0.7889,0.78,0.7811,57784
QSI,2026-07-27 14:30:00-04:00,0.7801,0.7905,0.777,0.7879,97937
QSI,2026-07-27 15:30:00-04:00,0.788,0.7885,0.78,0.7831,94367
QSI,2026-07-28 09:30:00-04:00,0.775,0.7799,0.7403,0.7457,771701
QSI,2026-07-28 10:30:00-04:00,0.7457,0.7654,0.7401,0.7642,602984
QSI,2026-07-28 11:30:00-04:00,0.7635,0.7665,0.7559,0.7584,464006
QSI,2026-07-28 12:30:00-04:00,0.7584,0.765,0.7576,0.7637,241579
QSI,2026-07-28 13:30:00-04:00,0.7638,0.7649,0.76,0.7604,200574
QSI,2026-07-28 14:30:00-04:00,0.7628,0.7706,0.76,0.77,368084
QSI,2026-07-28 15:30:00-04:00,0.7701,0.7762,0.7662,0.7674,438989
QSI,2026-07-29 09:30:00-04:00,0.7574,0.7799,0.7574,0.7578,360014
QSI,2026-07-29 10:30:00-04:00,0.7574,0.7579,0.74,0.7423,779522
QSI,2026-07-29 11:30:00-04:00,0.743,0.7483,0.7271,0.7287,529639
QSI,2026-07-29 12:30:00-04:00,0.7289,0.7416,0.7253,0.7354,583557
QSI,2026-07-29 13:30:00-04:00,0.7354,0.75,0.7308,0.7391,325922
QSI,2026-07-29 14:30:00-04:00,0.7391,0.7485,0.7283,0.7299,501980
QSI,2026-07-29 15:30:00-04:00,0.73,0.7306,0.7034,0.7037,865417
QSI,2026-07-30 09:30:00-04:00,0.7256,0.7281,0.69,0.7277,1084856
QSI,2026-07-30 10:30:00-04:00,0.7274,0.7369,0.7204,0.7244,470142
QSI,2026-07-30 11:30:00-04:00,0.7242,0.7366,0.7222,0.7365,572956
QSI,2026-07-30 12:30:00-04:00,0.7365,0.739,0.726,0.7318,318840
QSI,2026-07-30 13:30:00-04:00,0.7316,0.7366,0.7247,0.7339,344120
QSI,2026-07-30 14:30:00-04:00,0.7339,0.7441,0.7309,0.733,371912
QSI,2026-07-30 15:30:00-04:00,0.732,0.74,0.7273,0.7293,296015
QSI,2026-07-31 09:30:00-04:00,0.73,0.748,0.71,0.7167,333962
QSI,2026-07-31 10:30:00-04:00,0.7166,0.7327,0.7166,0.7188,181591
QSI,2026-07-31 11:30:00-04:00,0.7189,0.7316,0.718,0.7254,199446
QSI,2026-07-31 12:30:00-04:00,0.7254,0.7326,0.722,0.7315,80620
QSI,2026-07-31 13:30:00-04:00,0.7315,0.7349,0.7283,0.7309,344429
QSI,2026-07-31 14:30:00-04:00,0.7309,0.7369,0.7255,0.726,351678
QSI,2026-07-31 15:30:00-04:00,0.7262,0.7266,0.7117,0.722,243410
QSI,2026-08-03 09:30:00-04:00,0.711,0.7402,0.711,0.7347,441037
QSI,2026-08-03 10:30:00-04:00,0.7312,0.7599,0.7312,0.7438,521910
QSI,2026-08-03 11:30:00-04:00,0.7447,0.7544,0.7438,0.7543,308685
QSI,2026-08-03 12:30:00-04:00,0.7527,0.7543,0.7447,0.7474,340500
QSI,2026-08-03 13:30:00-04:00,0.7484,0.7599,0.7452,0.7502,549829
QSI,2026-08-03 14:30:00-04:00,0.7506,0.7599,0.75,0.755,236726
QSI,2026-08-03 15:30:00-04:00,0.755,0.7599,0.744,0.7511,186665
QSI,2026-08-04 09:30:00-04:00,0.7642,0.796,0.7642,0.7778,733364
QSI,2026-08-04 10:30:00-04:00,0.7777,0.794,0.7768,0.7839,473989
QSI,2026-08-04 11:30:00-04:00,0.785,0.794,0.7824,0.785,386280
QSI,2026-08-04 12:30:00-04:00,0.7875,0.7939,0.7849,0.7887,419772
QSI,2026-08-04 13:30:00-04:00,0.7895,0.796,0.7825,0.7873,919412
QSI,2026-08-04 14:30:00-04:00,0.7873,0.7897,0.7812,0.7829,349311
QSI,2026-08-04 15:30:00-04:00,0.7829,0.7886,0.7651,0.7652,567472
QSI,2026-08-05 09:30:00-04:00,0.7747,0.7926,0.765,0.78,394369
QSI,2026-08-05 10:30:00-04:00,0.7785,0.7804,0.7661,0.7723,285422
QSI,2026-08-05 11:30:00-04:00,0.7718,0.7731,0.766,0.7711,188419
QSI,2026-08-05 12:30:00-04:00,0.7709,0.7782,0.767,0.7723,261374
QSI,2026-08-05 13:30:00-04:00,0.7722,0.7722,0.7651,0.7698,445087
QSI,2026-08-05 14:30:00-04:00,0.7698,0.77,0.7602,0.765,518489
QSI,2026-08-05 15:30:00-04:00,0.766,0.7736,0.762,0.7689,294655
QSI,2026-08-06 09:30:00-04:00,0.7522,0.7776,0.75,0.7713,349889
QSI,2026-08-06 10:30:00-04:00,0.7703,0.7789,0.7647,0.776,268959
QSI,2026-08-06 11:30:00-04:00,0.7766,0.7766,0.7602,0.7614,139712
QSI,2026-08-06 12:30:00-04:00,0.7625,0.7682,0.7609,0.7661,291780
QSI,2026-08-06 13:30:00-04:00,0.7657,0.7686,0.7612,0.7625,190095
QSI,2026-08-06 14:30:00-04:00,0.7635,0.7678,0.7617,0.7631,84984
QSI,2026-08-06 15:30:00-04:00,0.7631,0.7631,0.7558,0.7571,61599
QSI,2026-08-07 09:30:00-04:00,0.7618,0.8029,0.7618,0.8,551916
QSI,2026-08-07 10:30:00-04:00,0.8,0.815,0.7972,0.81,735772
QSI,2026-08-07 11:30:00-04:00,0.8099,0.82,0.8068,0.8101,384803
QSI,2026-08-07 12:30:00-04:00,0.8111,0.8175,0.8035,0.8109,88347
QSI,2026-08-07 13:30:00-04:00,0.8116,0.8157,0.81,0.8135,273022
QSI,2026-08-07 14:30:00-04:00,0.8131,0.8285,0.8046,0.8231,434006
QSI,2026-08-07 15:30:00-04:00,0.8255,0.8255,0.815,0.815,193120
QSI,2026-08-10 09:30:00-04:00,0.8176,0.84,0.8101,0.8164,668312
QSI,2026-08-10 10:30:00-04:00,0.812,0.8195,0.8037,0.816,454218
QSI,2026-08-10 11:30:00-04:00,0.8161,0.8189,0.8101,0.8145,108444
QSI,2026-08-10 12:30:00-04:00,0.8128,0.8135,0.8064,0.8098,112588
QSI,2026-08-10 13:30:00-04:00,0.8099,0.8102,0.8001,0.8003,92094
QSI,2026-08-10 14:30:00-04:00,0.8022,0.8088,0.8003,0.8024,394478
QSI,2026-08-10 15:30:00-04:00,0.8008,0.805,0.7901,0.7918,521158
QSI,2026-08-11 09:30:00-04:00,0.8,0.8261,0.7951,0.8115,270678
QSI,2026-08-11 10:30:00-04:00,0.8112,0.83,0.8059,0.8298,386839
QSI,2026-08-11 11:30:00-04:00,0.8283,0.8299,0.8253,0.8289,177590
QSI,2026-08-11 12:30:00-04:00,0.8289,0.8489,0.8287,0.8489,275983
QSI,2026-08-11 13:30:00-04:00,0.8397,0.8443,0.8301,0.8331,494517
QSI,2026-08-11 14:30:00-04:00,0.8327,0.8399,0.8322,0.8393,166161
QSI,2026-08-11 15:30:00-04:00,0.8368,0.8396,0.82,0.8235,170377
QSI,2026-08-12 09:30:00-04:00,0.8308,0.84,0.83,0.8314,281268
QSI,2026-08-12 10:30:00-04:00,0.8314,0.846,0.8256,0.8421,188100
QSI,2026-08-12 11:30:00-04:00,0.8403,0.8457,0.8401,0.8426,99853
QSI,2026-08-12 12:30:00-04:00,0.8433,0.8685,0.8351,0.8641,232575
QSI,2026-08-12 13:30:00-04:00,0.8645,0.8697,0.8517,0.8517,245065
QSI,2026-08-12 14:30:00-04:00,0.8539,0.8615,0.8467,0.8515,145936
QSI,2026-08-12 15:30:00-04:00,0.852,0.8531,0.8304,0.8405,235717
QSI,2026-08-13 09:30:00-04:00,0.855,0.9138,0.8522,0.9035,1200194
QSI,2026-08-13 10:30:00-04:00,0.9031,0.9036,0.8602,0.8638,485873
QSI,2026-08-13 11:30:00-04:00,0.8642,0.8857,0.8641,0.8756,350559
QSI,2026-08-13 12:30:00-04:00,0.8767,0.8792,0.8602,0.8701,207600
QSI,2026-08-13 13:30:00-04:00,0.87,0.8778,0.8613,0.8665,317522
QSI,2026-08-13 14:30:00-04:00,0.8663,0.8739,0.8141,0.8285,441465
QSI,2026-08-13 15:30:00-04:00,0.8287,0.8287,0.7901,0.8027,942796
QSI,2026-08-14 09:30:00-04:00,0.75,0.767,0.725,0.754,2127201
QSI,2026-08-14 10:30:00-04:00,0.757,0.7598,0.71,0.7288,2411614
QSI,2026-08-14 11:30:00-04:00,0.7245,0.7565,0.7245,0.755,707853
QSI,2026-08-14 12:30:00-04:00,0.7549,0.755,0.73,0.7465,619383
QSI,2026-08-14 13:30:00-04:00,0.7467,0.749,0.7365,0.7431,264568
QSI,2026-08-14 14:30:00-04:00,0.7431,0.7431,0.735,0.7365,249959
QSI,2026-08-14 15:30:00-04:00,0.7365,0.7532,0.7365,0.7443,520239
QSI,2026-08-17 09:30:00-04:00,0.74,0.7949,0.74,0.7685,603263
QSI,2026-08-17 10:30:00-04:00,0.7699,0.77,0.7561,0.7585,206038
QSI,2026-08-17 11:30:00-04:00,0.7597,0.7698,0.7443,0.7486,617900
QSI,2026-08-17 12:30:00-04:00,0.7555,0.7555,0.7394,0.7421,359672
QSI,2026-08-17 13:30:00-04:00,0.7419,0.751,0.74,0.7429,309794
QSI,2026-08-17 14:30:00-04:00,0.7428,0.7455,0.74,0.7443,111911
QSI,2026-08-17 15:30:00-04:00,0.7445,0.7472,0.7441,0.7448,140859
QSI,2026-08-18 09:30:00-04:00,0.7325,0.7439,0.723,0.7336,444597
QSI,2026-08-18 10:30:00-04:00,0.7321,0.7322,0.7185,0.7271,532278
QSI,2026-08-18 11:30:00-04:00,0.7268,0.7291,0.7191,0.725,112574
QSI,2026-08-18 12:30:00-04:00,0.7251,0.7339,0.723,0.7275,70763
QSI,2026-08-18 13:30:00-04:00,0.7275,0.7334,0.7261,0.733,69586
QSI,2026-08-18 14:30:00-04:00,0.7334,0.7399,0.7302,0.7396,53996
QSI,2026-08-18 15:30:00-04:00,0.7392,0.7439,0.7303,0.7319,128195
QSI,2026-08-19 09:30:00-04:00,0.7193,0.75,0.7193,0.738,397801
QSI,2026-08-19 10:30:00-04:00,0.7405,0.78,0.739,0.768,974072
QSI,2026-08-19 11:30:00-04:00,0.7662,0.7789,0.7662,0.7761,234221
QSI,2026-08-19 12:30:00-04:00,0.7763,0.7845,0.7683,0.7699,144549
QSI,2026-08-19 13:30:00-04:00,0.77,0.78,0.77,0.775,488118
QSI,2026-08-19 14:30:00-04:00,0.775,0.78,0.766,0.7796,338198
QSI,2026-08-19 15:30:00-04:00,0.7798,0.78,0.7701,0.7727,180583
QSI,2026-08-20 09:30:00-04:00,0.7666,0.8046,0.7666,0.7833,869822
QSI,2026-08-20 10:30:00-04:00,0.7833,0.8099,0.7801,0.8077,440427
QSI,2026-08-20 11:30:00-04:00,0.8003,0.8049,0.7835,0.7862,371530
QSI,2026-08-20 12:30:00-04:00,0.7856,0.7933,0.7835,0.7867,252767
QSI,2026-08-20 13:30:00-04:00,0.7857,0.7898,0.78,0.7827,73128
QSI,2026-08-20 14:30:00-04:00,0.7823,0.7872,0.7792,0.7872,596204
QSI,2026-08-20 15:30:00-04:00,0.7858,0.7932,0.78,0.7828,523560
QSI,2026-08-21 09:30:00-04:00,0.785,0.856,0.78,0.8336,838003
QSI,2026-08-21 10:30:00-04:00,0.8336,0.9114,0.8318,0.8966,1558340
QSI,2026-08-21 11:30:00-04:00,0.8974,0.91,0.8761,0.8982,874608
QSI,2026-08-21 12:30:00-04:00,0.904,0.928,0.8981,0.9254,861434
QSI,2026-08-21 13:30:00-04:00,0.9252,0.931,0.9171,0.931,797556
QSI,2026-08-21 14:30:00-04:00,0.9302,0.9309,0.9035,0.9036,406453
QSI,2026-08-21 15:30:00-04:00,0.9039,0.9082,0.8183,0.84,2215102
QSI,2026-08-24 09:30:00-04:00,0.8,0.83,0.78,0.785,1419746
QSI,2026-08-24 10:30:00-04:00,0.7867,0.7867,0.76,0.767,868605
QSI,2026-08-24 11:30:00-04:00,0.7664,0.7699,0.76,0.7601,388124
QSI,2026-08-24 12:30:00-04:00,0.7609,0.7675,0.7519,0.7532,403111
QSI,2026-08-24 13:30:00-04:00,0.7533,0.7696,0.7515,0.7634,289465
QSI,2026-08-24 14:30:00-04:00,0.7642,0.7695,0.7581,0.7671,153475
QSI,2026-08-24 15:30:00-04:00,0.7673,0.7697,0.7624,0.7696,248707
QSI,2026-08-25 09:30:00-04:00,0.7889,0.825,0.7817,0.8149,859141
QSI,2026-08-25 10:30:00-04:00,0.8149,0.835,0.8141,0.835,570329
QSI,2026-08-25 11:30:00-04:00,0.835,0.8499,0.8348,0.8424,1086023
QSI,2026-08-25 12:30:00-04:00,0.8425,0.8494,0.8351,0.8463,360181
QSI,2026-08-25 13:30:00-04:00,0.8463,0.859,0.7693,0.845,645610
QSI,2026-08-25 14:30:00-04:00,0.8432,0.8499,0.8425,0.8449,289602
QSI,2026-08-25 15:30:00-04:00,0.8449,0.849,0.8439,0.8473,479710
QSI,2026-08-26 09:30:00-04:00,0.85,0.8524,0.8006,0.8117,719918
QSI,2026-08-26 10:30:00-04:00,0.8117,0.815,0.8007,0.8036,273856
QSI,2026-08-26 11:30:00-04:00,0.8032,0.808,0.8005,0.8007,231446
QSI,2026-08-26 12:30:00-04:00,0.8007,0.8107,0.7955,0.7956,511536
QSI,2026-08-26 13:30:00-04:00,0.7978,0.8074,0.7961,0.8041,231892
QSI,2026-08-26 14:30:00-04:00,0.8036,0.8044,0.8021,0.8026,183553
QSI,2026-08-26 15:30:00-04:00,0.8028,0.804,0.7901,0.7905,382240
QSI,2026-08-27 09:30:00-04:00,0.7911,0.826,0.79,0.8226,361700
QSI,2026-08-27 10:30:00-04:00,0.8239,0.8337,0.8209,0.8209,326605
QSI,2026-08-27 11:30:00-04:00,0.8204,0.8226,0.8103,0.815,77484
QSI,2026-08-27 12:30:00-04:00,0.8152,0.83,0.8152,0.8249,207083
QSI,2026-08-27 13:30:00-04:00,0.8249,0.8249,0.8052,0.8052,102562
QSI,2026-08-27 14:30:00-04:00,0.8088,0.8152,0.8051,0.8081,79818
QSI,2026-08-27 15:30:00-04:00,0.8095,0.8132,0.8,0.8,132809
QSI,2026-08-28 09:30:00-04:00,0.8219,0.822,0.7803,0.7883,382929
QSI,2026-08-28 10:30:00-04:00,0.7975,0.8027,0.7898,0.7938,156364
QSI,2026-08-28 11:30:00-04:00,0.7936,0.7942,0.77,0.7714,465496
QSI,2026-08-28 12:30:00-04:00,0.7707,0.7887,0.7702,0.7868,325827
QSI,2026-08-28 13:30:00-04:00,0.7867,0.7897,0.78,0.78,495954
QSI,2026-08-28 14:30:00-04:00,0.78,0.7898,0.78,0.7894,315730
QSI,2026-08-28 15:30:00-04:00,0.7897,0.7924,0.78,0.7801,179103
QSI,2026-08-31 09:30:00-04:00,0.7787,0.78,0.7631,0.7678,308877
QSI,2026-08-31 10:30:00-04:00,0.7681,0.7738,0.763,0.7669,180490
QSI,2026-08-31 11:30:00-04:00,0.767,0.7738,0.7645,0.7696,100897
QSI,2026-08-31 12:30:00-04:00,0.7686,0.7702,0.7672,0.7696,75003
QSI,2026-08-31 13:30:00-04:00,0.7694,0.7739,0.7646,0.7655,136310
QSI,2026-08-31 14:30:00-04:00,0.7662,0.7739,0.7641,0.7699,112636
QSI,2026-08-31 15:30:00-04:00,0.7691,0.7791,0.766,0.768,76386
QSI,2026-09-01 09:30:00-04:00,0.75,0.7681,0.7499,0.768,763164
QSI,2026-09-01 10:30:00-04:00,0.7664,0.7768,0.762,0.7722,100745
QSI,2026-09-01 11:30:00-04:00,0.7709,0.7739,0.7621,0.7634,73896
QSI,2026-09-01 12:30:00-04:00,0.762,0.7734,0.762,0.7691,144211
QSI,2026-09-01 13:30:00-04:00,0.7692,0.7735,0.7623,0.767,119804
QSI,2026-09-01 14:30:00-04:00,0.7671,0.7734,0.7641,0.7697,95570
QSI,2026-09-01 15:30:00-04:00,0.7695,0.7698,0.7573,0.76,160071
QSI,2026-09-02 09:30:00-04:00,0.7586,0.7849,0.758,0.7717,358272
QSI,2026-09-02 10:30:00-04:00,0.7701,0.7717,0.75,0.7562,337624
QSI,2026-09-02 11:30:00-04:00,0.755,0.763,0.7503,0.755,111794
QSI,2026-09-02 12:30:00-04:00,0.7567,0.7593,0.7527,0.7541,228380
QSI,2026-09-02 13:30:00-04:00,0.7546,0.7659,0.7541,0.7639,223591
QSI,2026-09-02 14:30:00-04:00,0.764,0.7695,0.7626,0.7684,153821
QSI,2026-09-02 15:30:00-04:00,0.7696,0.7696,0.7633,0.7672,131105
QSI,2026-09-03 09:30:00-04:00,0.7669,0.7862,0.7616,0.7639,233962
QSI,2026-09-03 10:30:00-04:00,0.7657,0.77,0.7616,0.7684,132369
QSI,2026-09-03 11:30:00-04:00,0.7684,0.7727,0.7621,0.7622,115636
QSI,2026-09-03 12:30:00-04:00,0.7621,0.7664,0.7611,0.7617,131757
QSI,2026-09-03 13:30:00-04:00,0.7632,0.7647,0.761,0.7622,96374
QSI,2026-09-03 14:30:00-04:00,0.7617,0.7698,0.76,0.7683,84281
QSI,2026-09-03 15:30:00-04:00,0.7683,0.7755,0.7644,0.7737,130062
ATOM,2026-07-06 09:30:00-04:00,7.55,7.7074,7.45,7.51,87110
ATOM,2026-07-06 10:30:00-04:00,7.5201,7.6125,7.47,7.54,78691
ATOM,2026-07-06 11:30:00-04:00,7.52,7.61,7.42,7.51,68523
ATOM,2026-07-06 12:30:00-04:00,7.5,7.52,7.34,7.34,36289
ATOM,2026-07-06 13:30:00-04:00,7.34,7.42,7.3,7.37,41947
ATOM,2026-07-06 14:30:00-04:00,7.375,7.44,7.34,7.41,100580
ATOM,2026-07-06 15:30:00-04:00,7.4,7.4,7.35,7.35,89968
ATOM,2026-07-07 09:30:00-04:00,7.34,7.34,6.5723,6.635,265646
ATOM,2026-07-07 10:30:00-04:00,6.64,6.77,6.57,6.6792,82830
ATOM,2026-07-07 11:30:00-04:00,6.6878,6.75,6.63,6.74,73331
ATOM,2026-07-07 12:30:00-04:00,6.735,6.87,6.675,6.855,51642
ATOM,2026-07-07 13:30:00-04:00,6.85,6.87,6.82,6.82,61701
ATOM,2026-07-07 14:30:00-04:00,6.8154,6.9,6.68,6.755,146226
ATOM,2026-07-07 15:30:00-04:00,6.755,6.78,6.695,6.765,106039
ATOM,2026-07-08 09:30:00-04:00,6.66,6.94,6.575,6.905,137979
ATOM,2026-07-08 10:30:00-04:00,6.88,6.935,6.54,6.5489,114850
ATOM,2026-07-08 11:30:00-04:00,6.56,6.675,6.47,6.675,82769
ATOM,2026-07-08 12:30:00-04:00,6.66,6.79,6.64,6.79,51448
ATOM,2026-07-08 13:30:00-04:00,6.795,6.83,6.68,6.755,58425
ATOM,2026-07-08 14:30:00-04:00,6.75,6.8,6.7,6.75,72585
ATOM,2026-07-08 15:30:00-04:00,6.75,6.82,6.68,6.82,92550
ATOM,2026-07-09 09:30:00-04:00,7.0,7.28,6.86,7.22,218744
ATOM,2026-07-09 10:30:00-04:00,7.2699,7.2699,7.12,7.16,63745
ATOM,2026-07-09 11:30:00-04:00,7.16,7.16,6.98,6.98,81783
ATOM,2026-07-09 12:30:00-04:00,6.99,6.995,6.93,6.97,55027
ATOM,2026-07-09 13:30:00-04:00,6.98,7.0261,6.9,6.935,64115
ATOM,2026-07-09 14:30:00-04:00,6.95,6.95,6.86,6.86,89273
ATOM,2026-07-09 15:30:00-04:00,6.85,6.88,6.815,6.84,77563
ATOM,2026-07-10 09:30:00-04:00,6.76,6.76,6.51,6.66,105297
ATOM,2026-07-10 10:30:00-04:00,6.68,6.72,6.55,6.6822,91673
ATOM,2026-07-10 11:30:00-04:00,6.66,6.6902,6.6,6.67,47968
ATOM,2026-07-10 12:30:00-04:00,6.68,6.79,6.67,6.77,32445
ATOM,2026-07-10 13:30:00-04:00,6.77,6.78,6.645,6.67,47302
ATOM,2026-07-10 14:30:00-04:00,6.66,6.69,6.6,6.605,78132
ATOM,2026-07-10 15:30:00-04:00,6.61,6.65,6.56,6.625,81306
ATOM,2026-07-13 09:30:00-04:00,6.52,6.52,6.2,6.36,118790
ATOM,2026-07-13 10:30:00-04:00,6.36,6.37,6.25,6.36,42361
ATOM,2026-07-13 11:30:00-04:00,6.36,6.38,6.25,6.29,87349
ATOM,2026-07-13 12:30:00-04:00,6.32,6.34,6.2237,6.25,57904
ATOM,2026-07-13 13:30:00-04:00,6.25,6.33,6.235,6.3,147999
ATOM,2026-07-13 14:30:00-04:00,6.2801,6.31,6.14,6.17,119143
ATOM,2026-07-13 15:30:00-04:00,6.17,6.265,6.16,6.24,94114
ATOM,2026-07-14 09:30:00-04:00,6.5,6.6,6.24,6.35,144389
ATOM,2026-07-14 10:30:00-04:00,6.34,6.48,6.32,6.47,42322
ATOM,2026-07-14 11:30:00-04:00,6.44,6.48,6.3889,6.45,24410
ATOM,2026-07-14 12:30:00-04:00,6.465,6.47,6.39,6.47,32988
ATOM,2026-07-14 13:30:00-04:00,6.48,6.505,6.45,6.5,45754
ATOM,2026-07-14 14:30:00-04:00,6.48,6.53,6.43,6.45,96581
ATOM,2026-07-14 15:30:00-04:00,6.433,6.445,6.36,6.395,102202
ATOM,2026-07-15 09:30:00-04:00,6.49,6.63,6.23,6.25,148801
ATOM,2026-07-15 10:30:00-04:00,6.3,6.3,6.08,6.1101,138237
ATOM,2026-07-15 11:30:00-04:00,6.14,6.1591,5.97,5.995,80423
ATOM,2026-07-15 12:30:00-04:00,5.99,6.17,5.95,6.155,71172
ATOM,2026-07-15 13:30:00-04:00,6.165,6.2,6.12,6.17,65365
ATOM,2026-07-15 14:30:00-04:00,6.1737,6.1737,6.1,6.14,49498
ATOM,2026-07-15 15:30:00-04:00,6.15,6.21,6.12,6.125,70951
ATOM,2026-07-16 09:30:00-04:00,6.02,6.09,5.77,5.87,219764
ATOM,2026-07-16 10:30:00-04:00,5.87,5.88,5.68,5.74,140892
ATOM,2026-07-16 11:30:00-04:00,5.735,6.14,5.61,5.66,177063
ATOM,2026-07-16 12:30:00-04:00,5.67,5.705,5.57,5.63,85077
ATOM,2026-07-16 13:30:00-04:00,5.64,5.695,5.525,5.695,139170
ATOM,2026-07-16 14:30:00-04:00,5.68,5.7,5.61,5.69,87853
ATOM,2026-07-16 15:30:00-04:00,5.685,5.75,5.593,5.685,166432
ATOM,2026-07-17 09:30:00-04:00,5.32,5.58,5.24,5.51,198462
ATOM,2026-07-17 10:30:00-04:00,5.51,5.58,5.48,5.5,56884
ATOM,2026-07-17 11:30:00-04:00,5.53,5.75,5.53,5.605,73183
ATOM,2026-07-17 12:30:00-04:00,5.59,5.76,5.57,5.74,34675
ATOM,2026-07-17 13:30:00-04:00,5.735,5.74,5.63,5.64,44611
ATOM,2026-07-17 14:30:00-04:00,5.65,5.66,5.565,5.58,58499
ATOM,2026-07-17 15:30:00-04:00,5.61,5.63,5.54,5.6,92381
ATOM,2026-07-20 09:30:00-04:00,5.74,5.745,5.32,5.42,220809
ATOM,2026-07-20 10:30:00-04:00,5.42,5.49,5.39,5.42,69830
ATOM,2026-07-20 11:30:00-04:00,5.44,5.525,5.43,5.5,37728
ATOM,2026-07-20 12:30:00-04:00,5.51,5.515,5.44,5.48,43081
ATOM,2026-07-20 13:30:00-04:00,5.48,5.5296,5.45,5.505,59356
ATOM,2026-07-20 14:30:00-04:00,5.51,5.51,5.42,5.475,79204
ATOM,2026-07-20 15:30:00-04:00,5.475,5.49,5.44,5.49,90120
ATOM,2026-07-21 09:30:00-04:00,5.69,5.71,5.5779,5.71,97451
ATOM,2026-07-21 10:30:00-04:00,5.72,5.8,5.68,5.77,62469
ATOM,2026-07-21 11:30:00-04:00,5.76,5.83,5.73,5.79,77721
ATOM,2026-07-21 12:30:00-04:00,5.8,5.81,5.73,5.78,59717
ATOM,2026-07-21 13:30:00-04:00,5.78,5.82,5.77,5.78,48106
ATOM,2026-07-21 14:30:00-04:00,5.785,5.81,5.75,5.79,64203
ATOM,2026-07-21 15:30:00-04:00,5.785,5.8975,5.785,5.855,60587
ATOM,2026-07-22 09:30:00-04:00,5.7,6.17,5.68,6.05,119376
ATOM,2026-07-22 10:30:00-04:00,6.05,6.13,6.005,6.115,47177
ATOM,2026-07-22 11:30:00-04:00,6.1054,6.11,6.025,6.025,30118
ATOM,2026-07-22 12:30:00-04:00,6.0,6.02,5.93,5.97,31553
ATOM,2026-07-22 13:30:00-04:00,5.98,5.98,5.865,5.89,42177
ATOM,2026-07-22 14:30:00-04:00,5.88,5.885,5.85,5.855,46299
ATOM,2026-07-22 15:30:00-04:00,5.84,5.84,5.775,5.775,66126
ATOM,2026-07-23 09:30:00-04:00,5.64,5.93,5.62,5.8099,82262
ATOM,2026-07-23 10:30:00-04:00,5.785,5.8205,5.585,5.6,32621
ATOM,2026-07-23 11:30:00-04:00,5.61,5.7,5.6001,5.69,54139
ATOM,2026-07-23 12:30:00-04:00,5.65,5.68,5.59,5.64,59290
ATOM,2026-07-23 13:30:00-04:00,5.63,5.6394,5.59,5.6,50698
ATOM,2026-07-23 14:30:00-04:00,5.6,5.6,5.5101,5.57,160202
ATOM,2026-07-23 15:30:00-04:00,5.58,5.6,5.535,5.58,59944
ATOM,2026-07-24 09:30:00-04:00,5.57,5.59,5.235,5.31,134939
ATOM,2026-07-24 10:30:00-04:00,5.289,5.35,5.21,5.33,48347
ATOM,2026-07-24 11:30:00-04:00,5.33,5.395,5.3,5.365,45467
ATOM,2026-07-24 12:30:00-04:00,5.34,5.3499,5.27,5.315,65843
ATOM,2026-07-24 13:30:00-04:00,5.34,5.35,5.2545,5.2545,38362
ATOM,2026-07-24 14:30:00-04:00,5.25,5.2706,5.17,5.19,79120
ATOM,2026-07-24 15:30:00-04:00,5.195,5.21,5.16,5.19,84179
ATOM,2026-07-27 09:30:00-04:00,5.31,5.52,5.14,5.14,70815
ATOM,2026-07-27 10:30:00-04:00,5.12,5.225,5.06,5.13,63350
ATOM,2026-07-27 11:30:00-04:00,5.125,5.17,5.07,5.16,40756
ATOM,2026-07-27 12:30:00-04:00,5.16,5.185,5.08,5.11,39613
ATOM,2026-07-27 13:30:00-04:00,5.1,5.17,5.1,5.13,39304
ATOM,2026-07-27 14:30:00-04:00,5.12,5.27,5.1,5.26,40940
ATOM,2026-07-27 15:30:00-04:00,5.28,5.29,5.22,5.25,62388
ATOM,2026-07-28 09:30:00-04:00,5.01,5.09,4.64,4.72,303595
ATOM,2026-07-28 10:30:00-04:00,4.725,4.87,4.7001,4.83,125491
ATOM,2026-07-28 11:30:00-04:00,4.84,4.92,4.83,4.885,86106
ATOM,2026-07-28 12:30:00-04:00,4.88,4.94,4.8401,4.9,62276
ATOM,2026-07-28 13:30:00-04:00,4.89,4.905,4.82,4.83,63200
ATOM,2026-07-28 14:30:00-04:00,4.83,4.885,4.82,4.885,64849
ATOM,2026-07-28 15:30:00-04:00,4.88,4.88,4.8,4.825,73616
ATOM,2026-07-29 09:30:00-04:00,4.87,4.88,4.48,4.5099,160424
ATOM,2026-07-29 10:30:00-04:00,4.51,4.59,4.48,4.53,134623
ATOM,2026-07-29 11:30:00-04:00,4.535,4.545,4.475,4.525,103041
ATOM,2026-07-29 12:30:00-04:00,4.525,4.5652,4.475,4.52,49471
ATOM,2026-07-29 13:30:00-04:00,4.535,4.7,4.52,4.59,76037
ATOM,2026-07-29 14:30:00-04:00,4.6,4.75,4.57,4.63,83599
ATOM,2026-07-29 15:30:00-04:00,4.64,4.64,4.46,4.465,79757
ATOM,2026-07-30 09:30:00-04:00,4.68,4.945,4.68,4.945,106322
ATOM,2026-07-30 10:30:00-04:00,4.945,4.99,4.8363,4.89,77884
ATOM,2026-07-30 11:30:00-04:00,4.8916,4.99,4.88,4.97,38093
ATOM,2026-07-30 12:30:00-04:00,4.965,5.0,4.92,4.98,42383
ATOM,2026-07-30 13:30:00-04:00,4.98,5.07,4.96,5.05,54727
ATOM,2026-07-30 14:30:00-04:00,5.05,5.11,5.03,5.09,39858
ATOM,2026-07-30 15:30:00-04:00,5.1,5.14,5.06,5.085,76948
ATOM,2026-07-31 09:30:00-04:00,5.38,5.46,4.97,5.125,190470
ATOM,2026-07-31 10:30:00-04:00,5.14,5.24,5.11,5.115,46848
ATOM,2026-07-31 11:30:00-04:00,5.09,5.125,5.07,5.12,22025
ATOM,2026-07-31 12:30:00-04:00,5.125,5.18,5.12,5.18,39596
ATOM,2026-07-31 13:30:00-04:00,5.18,5.2378,5.17,5.215,38150
ATOM,2026-07-31 14:30:00-04:00,5.215,5.22,5.16,5.2,43763
ATOM,2026-07-31 15:30:00-04:00,5.2,5.21,5.125,5.15,98634
ATOM,2026-08-03 09:30:00-04:00,5.05,5.32,5.0,5.3,92559
ATOM,2026-08-03 10:30:00-04:00,5.305,5.4199,5.27,5.28,82172
ATOM,2026-08-03 11:30:00-04:00,5.28,5.39,5.28,5.34,98089
ATOM,2026-08-03 12:30:00-04:00,5.32,5.33,5.23,5.24,39840
ATOM,2026-08-03 13:30:00-04:00,5.24,5.31,5.23,5.25,48950
ATOM,2026-08-03 14:30:00-04:00,5.2569,5.32,5.21,5.32,132241
ATOM,2026-08-03 15:30:00-04:00,5.31,5.32,5.26,5.28,82737
ATOM,2026-08-04 09:30:00-04:00,5.63,5.89,5.57,5.72,271072
ATOM,2026-08-04 10:30:00-04:00,5.72,5.74,5.6499,5.65,103582
ATOM,2026-08-04 11:30:00-04:00,5.66,5.745,5.64,5.735,128518
ATOM,2026-08-04 12:30:00-04:00,5.72,5.7298,5.64,5.685,122680
ATOM,2026-08-04 13:30:00-04:00,5.68,5.76,5.64,5.69,121928
ATOM,2026-08-04 14:30:00-04:00,5.69,5.79,5.665,5.69,161361
ATOM,2026-08-04 15:30:00-04:00,5.69,5.71,5.62,5.65,184585
ATOM,2026-08-05 09:30:00-04:00,5.002,5.49,5.0001,5.37,299451
ATOM,2026-08-05 10:30:00-04:00,5.365,5.415,5.26,5.38,106525
ATOM,2026-08-05 11:30:00-04:00,5.36,5.41,5.285,5.37,112153
ATOM,2026-08-05 12:30:00-04:00,5.37,5.39,5.3,5.33,58745
ATOM,2026-08-05 13:30:00-04:00,5.33,5.335,5.17,5.18,72744
ATOM,2026-08-05 14:30:00-04:00,5.175,5.35,5.125,5.33,121557
ATOM,2026-08-05 15:30:00-04:00,5.29,5.29,5.185,5.245,145122
ATOM,2026-08-06 09:30:00-04:00,5.235,5.5799,5.0175,5.52,107931
ATOM,2026-08-06 10:30:00-04:00,5.48,5.53,5.38,5.44,82526
ATOM,2026-08-06 11:30:00-04:00,5.43,5.43,5.27,5.32,60273
ATOM,2026-08-06 12:30:00-04:00,5.32,5.4,5.315,5.375,51160
ATOM,2026-08-06 13:30:00-04:00,5.365,5.41,5.34,5.395,47683
ATOM,2026-08-06 14:30:00-04:00,5.3941,5.415,5.35,5.38,45401
ATOM,2026-08-06 15:30:00-04:00,5.38,5.385,5.275,5.3,92681
ATOM,2026-08-07 09:30:00-04:00,5.52,5.59,5.28,5.43,82342
ATOM,2026-08-07 10:30:00-04:00,5.435,5.435,5.31,5.43,46504
ATOM,2026-08-07 11:30:00-04:00,5.435,5.5157,5.41,5.455,49081
ATOM,2026-08-07 12:30:00-04:00,5.46,5.49,5.42,5.445,41285
ATOM,2026-08-07 13:30:00-04:00,5.44,5.445,5.39,5.4,49226
ATOM,2026-08-07 14:30:00-04:00,5.4,5.5,5.4,5.495,50664
ATOM,2026-08-07 15:30:00-04:00,5.49,5.5,5.43,5.485,63174
ATOM,2026-08-10 09:30:00-04:00,5.6,5.646,5.37,5.545,96315
ATOM,2026-08-10 10:30:00-04:00,5.5408,5.5699,5.4,5.4699,35031
ATOM,2026-08-10 11:30:00-04:00,5.44,5.55,5.43,5.5,35727
ATOM,2026-08-10 12:30:00-04:00,5.5,5.5,5.46,5.48,28779
ATOM,2026-08-10 13:30:00-04:00,5.4801,5.49,5.4323,5.4323,37691
ATOM,2026-08-10 14:30:00-04:00,5.44,5.49,5.425,5.49,23568
ATOM,2026-08-10 15:30:00-04:00,5.48,5.48,5.36,5.38,75787
ATOM,2026-08-11 09:30:00-04:00,5.52,5.7599,5.37,5.63,93659
ATOM,2026-08-11 10:30:00-04:00,5.61,5.715,5.5899,5.5899,92528
ATOM,2026-08-11 11:30:00-04:00,5.59,5.67,5.55,5.62,28609
ATOM,2026-08-11 12:30:00-04:00,5.6,5.67,5.56,5.58,28485
ATOM,2026-08-11 13:30:00-04:00,5.585,5.61,5.58,5.59,25492
ATOM,2026-08-11 14:30:00-04:00,5.575,5.62,5.55,5.605,43407
ATOM,2026-08-11 15:30:00-04:00,5.61,5.61,5.53,5.58,75571
ATOM,2026-08-12 09:30:00-04:00,5.8,5.83,5.625,5.66,96825
ATOM,2026-08-12 10:30:00-04:00,5.671,5.671,5.55,5.55,49329
ATOM,2026-08-12 11:30:00-04:00,5.52,5.525,5.48,5.505,55834
ATOM,2026-08-12 12:30:00-04:00,5.48,5.51,5.46,5.51,40473
ATOM,2026-08-12 13:30:00-04:00,5.5,5.56,5.5,5.5386,49787
ATOM,2026-08-12 14:30:00-04:00,5.53,5.565,5.505,5.535,42189
ATOM,2026-08-12 15:30:00-04:00,5.53,5.56,5.51,5.545,70882
ATOM,2026-08-13 09:30:00-04:00,5.56,5.835,5.56,5.7,104231
ATOM,2026-08-13 10:30:00-04:00,5.7,5.7231,5.56,5.57,45044
ATOM,2026-08-13 11:30:00-04:00,5.6,5.6077,5.51,5.57,23703
ATOM,2026-08-13 12:30:00-04:00,5.575,5.61,5.55,5.61,20987
ATOM,2026-08-13 13:30:00-04:00,5.6,5.6,5.56,5.57,21537
ATOM,2026-08-13 14:30:00-04:00,5.575,5.58,5.485,5.49,45319
ATOM,2026-08-13 15:30:00-04:00,5.4893,5.49,5.4,5.43,87693
ATOM,2026-08-14 09:30:00-04:00,5.44,5.68,5.44,5.66,69033
ATOM,2026-08-14 10:30:00-04:00,5.645,5.725,5.56,5.58,51190
ATOM,2026-08-14 11:30:00-04:00,5.58,5.675,5.55,5.675,24466
ATOM,2026-08-14 12:30:00-04:00,5.665,5.6732,5.61,5.62,75845
ATOM,2026-08-14 13:30:00-04:00,5.63,5.64,5.58,5.625,32279
ATOM,2026-08-14 14:30:00-04:00,5.62,5.66,5.61,5.6343,65769
ATOM,2026-08-14 15:30:00-04:00,5.635,5.64,5.57,5.61,96129
ATOM,2026-08-17 09:30:00-04:00,5.59,5.6276,5.455,5.58,113464
ATOM,2026-08-17 10:30:00-04:00,5.58,5.6399,5.5501,5.61,37541
ATOM,2026-08-17 11:30:00-04:00,5.59,5.63,5.535,5.58,31108
ATOM,2026-08-17 12:30:00-04:00,5.57,5.57,5.475,5.4965,30233
ATOM,2026-08-17 13:30:00-04:00,5.5,5.505,5.42,5.42,22604
ATOM,2026-08-17 14:30:00-04:00,5.44,5.445,5.395,5.415,29268
ATOM,2026-08-17 15:30:00-04:00,5.415,5.45,5.385,5.43,57116
ATOM,2026-08-18 09:30:00-04:00,5.142,5.29,5.04,5.12,188381
ATOM,2026-08-18 10:30:00-04:00,5.12,5.1299,4.93,4.97,173417
ATOM,2026-08-18 11:30:00-04:00,4.96,5.05,4.942,5.015,58889
ATOM,2026-08-18 12:30:00-04:00,5.02,5.08,5.0,5.02,40780
ATOM,2026-08-18 13:30:00-04:00,5.02,5.02,4.955,4.97,26893
ATOM,2026-08-18 14:30:00-04:00,4.99,5.01,4.96,5.0,39955
ATOM,2026-08-18 15:30:00-04:00,5.0,5.0,4.9,4.92,112820
ATOM,2026-08-19 09:30:00-04:00,4.97,5.01,4.58,4.7,185993
ATOM,2026-08-19 10:30:00-04:00,4.71,4.77,4.68,4.74,75787
ATOM,2026-08-19 11:30:00-04:00,4.73,4.77,4.72,4.75,29184
ATOM,2026-08-19 12:30:00-04:00,4.75,4.78,4.705,4.715,22710
ATOM,2026-08-19 13:30:00-04:00,4.72,4.74,4.69,4.71,31239
ATOM,2026-08-19 14:30:00-04:00,4.72,4.73,4.69,4.72,29946
ATOM,2026-08-19 15:30:00-04:00,4.72,4.76,4.7,4.725,66972
ATOM,2026-08-20 09:30:00-04:00,4.74,4.81,4.647,4.6678,86306
ATOM,2026-08-20 10:30:00-04:00,4.6664,4.69,4.61,4.635,32265
ATOM,2026-08-20 11:30:00-04:00,4.64,4.65,4.6,4.61,28345
ATOM,2026-08-20 12:30:00-04:00,4.6,4.6799,4.6,4.66,31276
ATOM,2026-08-20 13:30:00-04:00,4.665,4.68,4.63,4.655,30470
ATOM,2026-08-20 14:30:00-04:00,4.645,4.68,4.63,4.67,28278
ATOM,2026-08-20 15:30:00-04:00,4.68,4.8,4.675,4.78,75470
ATOM,2026-08-21 09:30:00-04:00,4.85,4.92,4.69,4.78,82008
ATOM,2026-08-21 10:30:00-04:00,4.755,4.755,4.67,4.73,42347
ATOM,2026-08-21 11:30:00-04:00,4.747,4.76,4.71,4.72,23137
ATOM,2026-08-21 12:30:00-04:00,4.72,4.7583,4.705,4.74,24153
ATOM,2026-08-21 13:30:00-04:00,4.77,4.79,4.75,4.75,18262
ATOM,2026-08-21 14:30:00-04:00,4.75,4.8,4.75,4.8,21294
ATOM,2026-08-21 15:30:00-04:00,4.79,4.79,4.755,4.77,47341
ATOM,2026-08-24 09:30:00-04:00,4.68,4.685,4.47,4.535,140892
ATOM,2026-08-24 10:30:00-04:00,4.535,4.6,4.52,4.565,36484
ATOM,2026-08-24 11:30:00-04:00,4.56,4.62,4.5449,4.59,28371
ATOM,2026-08-24 12:30:00-04:00,4.58,4.59,4.55,4.55,19289
ATOM,2026-08-24 13:30:00-04:00,4.541,4.58,4.52,4.575,16093
ATOM,2026-08-24 14:30:00-04:00,4.5863,4.5863,4.53,4.53,39349
ATOM,2026-08-24 15:30:00-04:00,4.5257,4.55,4.505,4.52,56858
ATOM,2026-08-25 09:30:00-04:00,4.67,4.67,4.51,4.54,48496
ATOM,2026-08-25 10:30:00-04:00,4.515,4.56,4.51,4.56,50752
ATOM,2026-08-25 11:30:00-04:00,4.5698,4.6,4.5518,4.57,28764
ATOM,2026-08-25 12:30:00-04:00,4.58,4.58,4.54,4.56,27482
ATOM,2026-08-25 13:30:00-04:00,4.56,4.57,4.52,4.56,19383
ATOM,2026-08-25 14:30:00-04:00,4.56,4.56,4.53,4.55,22870
ATOM,2026-08-25 15:30:00-04:00,4.545,4.58,4.545,4.565,43534
ATOM,2026-08-26 09:30:00-04:00,4.56,4.61,4.41,4.43,73313
ATOM,2026-08-26 10:30:00-04:00,4.425,4.46,4.41,4.46,34008
ATOM,2026-08-26 11:30:00-04:00,4.44,4.54,4.37,4.465,70691
ATOM,2026-08-26 12:30:00-04:00,4.46,4.47,4.44,4.458,41582
ATOM,2026-08-26 13:30:00-04:00,4.465,4.48,4.44,4.45,34831
ATOM,2026-08-26 14:30:00-04:00,4.445,4.635,4.445,4.4901,223990
ATOM,2026-08-26 15:30:00-04:00,4.5,4.53,4.465,4.51,102310
ATOM,2026-08-27 09:30:00-04:00,4.64,4.72,4.51,4.5103,66637
ATOM,2026-08-27 10:30:00-04:00,4.525,4.55,4.44,4.47,84557
ATOM,2026-08-27 11:30:00-04:00,4.497,4.5,4.44,4.46,89407
ATOM,2026-08-27 12:30:00-04:00,4.455,4.46,4.3624,4.3624,37239
ATOM,2026-08-27 13:30:00-04:00,4.365,4.38,4.315,4.32,38792
ATOM,2026-08-27 14:30:00-04:00,4.33,4.42,4.31,4.41,75929
ATOM,2026-08-27 15:30:00-04:00,4.41,4.49,4.4,4.48,53802
ATOM,2026-08-28 09:30:00-04:00,4.41,4.4877,4.32,4.37,78787
ATOM,2026-08-28 10:30:00-04:00,4.37,4.42,4.36,4.38,26570
ATOM,2026-08-28 11:30:00-04:00,4.37,4.37,4.23,4.28,63260
ATOM,2026-08-28 12:30:00-04:00,4.28,4.28,4.225,4.24,38161
ATOM,2026-08-28 13:30:00-04:00,4.25,4.27,4.195,4.205,58666
ATOM,2026-08-28 14:30:00-04:00,4.205,4.24,4.185,4.225,55999
ATOM,2026-08-28 15:30:00-04:00,4.225,4.225,4.2,4.21,40050
ATOM,2026-08-31 09:30:00-04:00,4.24,4.3,4.17,4.18,51209
ATOM,2026-08-31 10:30:00-04:00,4.17,4.2,4.13,4.17,32286
ATOM,2026-08-31 11:30:00-04:00,4.16,4.16,4.115,4.135,28327
ATOM,2026-08-31 12:30:00-04:00,4.13,4.225,4.105,4.19,90524
ATOM,2026-08-31 13:30:00-04:00,4.19,4.22,4.17,4.2181,53796
ATOM,2026-08-31 14:30:00-04:00,4.2,4.22,4.18,4.18,57036
ATOM,2026-08-31 15:30:00-04:00,4.18,4.215,4.14,4.155,119601
ATOM,2026-09-01 09:30:00-04:00,4.05,4.0718,3.945,3.98,198540
ATOM,2026-09-01 10:30:00-04:00,3.98,4.05,3.97,4.025,62232
ATOM,2026-09-01 11:30:00-04:00,4.03,4.0477,4.0,4.01,53655
ATOM,2026-09-01 12:30:00-04:00,4.0,4.03,3.98,3.99,67238
ATOM,2026-09-01 13:30:00-04:00,3.995,4.015,3.96,3.96,57409
ATOM,2026-09-01 14:30:00-04:00,3.965,3.986,3.93,3.985,75703
ATOM,2026-09-01 15:30:00-04:00,3.985,3.985,3.93,3.94,99275
ATOM,2026-09-02 09:30:00-04:00,3.93,3.9681,3.84,3.945,123874
ATOM,2026-09-02 10:30:00-04:00,3.945,3.975,3.9001,3.96,36285
ATOM,2026-09-02 11:30:00-04:00,3.97,4.03,3.95,3.975,74674
ATOM,2026-09-02 12:30:00-04:00,3.98,4.01,3.97,4.0,39291
ATOM,2026-09-02 13:30:00-04:00,4.01,4.03,4.001,4.03,19721
ATOM,2026-09-02 14:30:00-04:00,4.0194,4.04,4.0,4.015,61453
ATOM,2026-09-02 15:30:00-04:00,4.02,4.03,3.98,3.995,80855
ATOM,2026-09-03 09:30:00-04:00,4.05,4.05,3.9,3.96,71277
ATOM,2026-09-03 10:30:00-04:00,3.94,4.075,3.91,4.04,47297
ATOM,2026-09-03 11:30:00-04:00,4.0481,4.0481,3.96,3.99,30155
ATOM,2026-09-03 12:30:00-04:00,3.985,3.99,3.965,3.965,46406
ATOM,2026-09-03 13:30:00-04:00,3.96,3.99,3.955,3.9701,27478
ATOM,2026-09-03 14:30:00-04:00,3.975,3.995,3.96,3.995,33254
ATOM,2026-09-03 15:30:00-04:00,3.9938,3.995,3.93,3.93,68870
AMD,2026-07-06 09:30:00-04:00,535.2,571.99,527.04,566.59,9934894
AMD,2026-07-06 10:30:00-04:00,566.36,572.5,559.5,569.53,4592801
AMD,2026-07-06 11:30:00-04:00,569.66,571.48,561.75,562.84,2859101
AMD,2026-07-06 12:30:00-04:00,562.79,563.5383,553.3,556.53,2250253
AMD,2026-07-06 13:30:00-04:00,556.502,557.99,551.8801,554.305,2083458
AMD,2026-07-06 14:30:00-04:00,554.14,557.48,551.5601,556.235,2029969
AMD,2026-07-06 15:30:00-04:00,556.38,558.95,551.4,551.95,2348092
AMD,2026-07-07 09:30:00-04:00,516.075,522.39,505.77,511.38,8160601
AMD,2026-07-07 10:30:00-04:00,511.53,513.2199,503.11,511.2555,4395937
AMD,2026-07-07 11:30:00-04:00,511.16,524.97,508.86,523.98,3641281
AMD,2026-07-07 12:30:00-04:00,523.79,524.43,519.19,521.26,2067260
AMD,2026-07-07 13:30:00-04:00,521.37,523.4999,520.2226,521.67,1335078
AMD,2026-07-07 14:30:00-04:00,521.7,523.2099,508.11,510.53,2750595
AMD,2026-07-07 15:30:00-04:00,510.565,516.66,508.6,516.57,2790272
AMD,2026-07-08 09:30:00-04:00,504.805,522.98,503.2,515.755,5480327
AMD,2026-07-08 10:30:00-04:00,515.51,516.48,498.15,501.27,3876943
AMD,2026-07-08 11:30:00-04:00,501.1616,511.88,500.5,510.545,2339063
AMD,2026-07-08 12:30:00-04:00,510.5,515.05,508.3401,514.71,1827110
AMD,2026-07-08 13:30:00-04:00,514.71,515.3399,510.25,512.5,4398411
AMD,2026-07-08 14:30:00-04:00,512.35,516.9272,510.5,516.3,1594827
AMD,2026-07-08 15:30:00-04:00,516.46,519.02,513.17,517.49,1726643
AMD,2026-07-09 09:30:00-04:00,537.33,558.66,535.2,555.015,9528121
AMD,2026-07-09 10:30:00-04:00,555.015,559.49,552.0,554.135,3167992
AMD,2026-07-09 11:30:00-04:00,554.27,559.22,551.07,551.615,1925465
AMD,2026-07-09 12:30:00-04:00,551.65,553.28,548.51,549.4701,1844509
AMD,2026-07-09 13:30:00-04:00,549.79,550.45,544.76,545.6794,2105888
AMD,2026-07-09 14:30:00-04:00,545.73,548.4,543.5,543.91,2150437
AMD,2026-07-09 15:30:00-04:00,543.9,548.15,541.27,546.66,2328161
AMD,2026-07-10 09:30:00-04:00,542.7,555.97,540.05,547.47,5615791
AMD,2026-07-10 10:30:00-04:00,547.71,552.88,540.292,552.235,2664304
AMD,2026-07-10 11:30:00-04:00,552.3,556.29,546.05,554.6601,1830284
AMD,2026-07-10 12:30:00-04:00,554.895,559.15,551.5101,559.14,1498235
AMD,2026-07-10 13:30:00-04:00,559.19,560.25,554.71,555.6,1677658
AMD,2026-07-10 14:30:00-04:00,555.58,556.74,552.0701,553.565,3727337
AMD,2026-07-10 15:30:00-04:00,553.64,559.15,553.11,557.99,1868813
AMD,2026-07-13 09:30:00-04:00,537.57,545.66,526.9696,545.515,6955193
AMD,2026-07-13 10:30:00-04:00,545.6,550.7954,541.5301,549.475,2620999
AMD,2026-07-13 11:30:00-04:00,549.475,551.87,539.5578,541.65,2205393
AMD,2026-07-13 12:30:00-04:00,541.65,541.65,533.69,538.555,1853877
AMD,2026-07-13 13:30:00-04:00,538.7,540.66,535.08,535.64,1459054
AMD,2026-07-13 14:30:00-04:00,535.63,538.59,532.3501,533.93,1832795
AMD,2026-07-13 15:30:00-04:00,533.96,538.26,532.35,534.42,2707681
AMD,2026-07-14 09:30:00-04:00,567.737,574.2,547.85,549.795,7495614
AMD,2026-07-14 10:30:00-04:00,549.8,567.42,547.84,566.7,3296819
AMD,2026-07-14 11:30:00-04:00,566.51,567.28,552.2,555.615,2585148
AMD,2026-07-14 12:30:00-04:00,555.51,557.75,553.5,556.16,1170789
AMD,2026-07-14 13:30:00-04:00,556.13,556.61,553.12,553.77,1038808
AMD,2026-07-14 14:30:00-04:00,553.78,555.4,548.4516,548.6988,1631695
AMD,2026-07-14 15:30:00-04:00,548.63,551.21,546.77,547.64,1658454
AMD,2026-07-15 09:30:00-04:00,556.02,558.81,528.61,533.585,6379924
AMD,2026-07-15 10:30:00-04:00,533.39,533.878,513.6,521.81,5291727
AMD,2026-07-15 11:30:00-04:00,521.69,522.5,512.1,514.305,3632232
AMD,2026-07-15 12:30:00-04:00,514.12,527.12,509.57,526.795,2921466
AMD,2026-07-15 13:30:00-04:00,526.87,532.51,525.25,531.69,2142178
AMD,2026-07-15 14:30:00-04:00,531.57,532.1,524.0101,528.445,1887010
AMD,2026-07-15 15:30:00-04:00,528.69,530.91,526.37,528.79,2078391
AMD,2026-07-16 09:30:00-04:00,509.33,518.74,505.13,511.935,6298935
AMD,2026-07-16 10:30:00-04:00,511.82,514.4999,505.13,509.15,3566728
AMD,2026-07-16 11:30:00-04:00,508.31,529.14,498.7,500.495,2978104
AMD,2026-07-16 12:30:00-04:00,500.77,503.49,496.05,497.78,2510634
AMD,2026-07-16 13:30:00-04:00,498.05,498.9156,491.8,497.5,2273924
AMD,2026-07-16 14:30:00-04:00,497.51,497.77,493.34,497.07,2490289
AMD,2026-07-16 15:30:00-04:00,496.94,501.73,495.09,500.93,2909751
AMD,2026-07-17 09:30:00-04:00,477.25,493.39,460.21,489.24,10589672
AMD,2026-07-17 10:30:00-04:00,489.13,492.6899,481.81,486.2,2981133
AMD,2026-07-17 11:30:00-04:00,486.1,503.57,485.2,499.405,4259141
AMD,2026-07-17 12:30:00-04:00,499.75,505.22,497.03,504.825,2396935
AMD,2026-07-17 13:30:00-04:00,504.79,505.8795,494.31,496.755,2556020
AMD,2026-07-17 14:30:00-04:00,496.65,498.87,491.81,495.625,1981494
AMD,2026-07-17 15:30:00-04:00,495.81,500.7,493.0,495.5,3323576
AMD,2026-07-20 09:30:00-04:00,516.995,522.44,508.12,515.72,7971154
AMD,2026-07-20 10:30:00-04:00,515.85,518.98,506.1,512.14,3206525
AMD,2026-07-20 11:30:00-04:00,512.14,518.07,511.69,514.805,1960826
AMD,2026-07-20 12:30:00-04:00,514.99,515.15,508.0,511.645,1775871
AMD,2026-07-20 13:30:00-04:00,511.76,517.0,508.73,515.9799,2049493
AMD,2026-07-20 14:30:00-04:00,515.73,515.88,506.12,508.8387,2301177
AMD,2026-07-20 15:30:00-04:00,508.88,509.8505,502.36,503.42,1981889
AMD,2026-07-21 09:30:00-04:00,525.76,535.6,522.6001,530.9999,7853700
AMD,2026-07-21 10:30:00-04:00,530.84,536.1499,526.14,535.24,3539787
AMD,2026-07-21 11:30:00-04:00,535.1672,538.75,531.3105,538.35,2470228
AMD,2026-07-21 12:30:00-04:00,538.43,543.5,536.58,543.2952,2692527
AMD,2026-07-21 13:30:00-04:00,543.405,544.65,541.16,542.16,2132976
AMD,2026-07-21 14:30:00-04:00,542.155,548.1399,539.87,539.98,2644169
AMD,2026-07-21 15:30:00-04:00,540.03,545.4,539.8,544.439,2924793
AMD,2026-07-22 09:30:00-04:00,537.0,553.5599,535.28,550.175,8101913
AMD,2026-07-22 10:30:00-04:00,549.8501,558.42,547.37,554.875,3434593
AMD,2026-07-22 11:30:00-04:00,554.98,558.2027,553.59,556.16,1875511
AMD,2026-07-22 12:30:00-04:00,556.155,558.03,553.67,557.0,1495219
AMD,2026-07-22 13:30:00-04:00,556.88,557.77,553.3,554.55,1374875
AMD,2026-07-22 14:30:00-04:00,554.15,558.91,553.11,558.68,2495638
AMD,2026-07-22 15:30:00-04:00,558.8,561.47,550.2501,552.14,2912167
AMD,2026-07-23 09:30:00-04:00,544.74,558.1599,542.01,552.485,5416061
AMD,2026-07-23 10:30:00-04:00,552.18,552.85,536.65,537.455,2943627
AMD,2026-07-23 11:30:00-04:00,537.6,545.65,536.001,545.13,2152657
AMD,2026-07-23 12:30:00-04:00,545.1,550.51,525.0,535.915,5694222
AMD,2026-07-23 13:30:00-04:00,535.91,537.7999,531.56,535.97,2014500
AMD,2026-07-23 14:30:00-04:00,536.11,541.2899,533.5401,541.2899,2236432
AMD,2026-07-23 15:30:00-04:00,541.05,541.9644,536.13,539.8,2464011
AMD,2026-07-24 09:30:00-04:00,546.905,549.0,518.1485,531.27,7683053
AMD,2026-07-24 10:30:00-04:00,531.09,537.13,520.9,528.3101,3892190
AMD,2026-07-24 11:30:00-04:00,527.8,540.6993,527.11,538.71,2790641
AMD,2026-07-24 12:30:00-04:00,538.655,538.7465,531.51,536.045,1989447
AMD,2026-07-24 13:30:00-04:00,536.2,537.08,526.43,526.63,1718595
AMD,2026-07-24 14:30:00-04:00,526.74,527.13,518.01,522.6275,3121178
AMD,2026-07-24 15:30:00-04:00,522.62,524.64,518.85,522.03,3010818
AMD,2026-07-27 09:30:00-04:00,527.505,528.0,484.6875,485.19,8611663
AMD,2026-07-27 10:30:00-04:00,485.195,489.94,476.93,480.62,6030600
AMD,2026-07-27 11:30:00-04:00,480.42,488.6299,477.7,486.17,3072815
AMD,2026-07-27 12:30:00-04:00,486.28,488.4793,478.7201,479.905,2469120
AMD,2026-07-27 13:30:00-04:00,479.88,484.54,479.66,484.35,1906928
AMD,2026-07-27 14:30:00-04:00,484.195,495.795,481.31,495.655,3590115
AMD,2026-07-27 15:30:00-04:00,495.795,496.28,492.2,495.07,2571998
AMD,2026-07-28 09:30:00-04:00,466.002,472.75,442.27,447.545,12151057
AMD,2026-07-28 10:30:00-04:00,447.339,458.0,445.88,455.84,5613647
AMD,2026-07-28 11:30:00-04:00,455.81,466.6765,454.3601,460.6601,3858375
AMD,2026-07-28 12:30:00-04:00,460.661,462.8695,457.51,459.05,2264026
AMD,2026-07-28 13:30:00-04:00,459.0001,460.7499,454.55,455.25,2050189
AMD,2026-07-28 14:30:00-04:00,455.36,465.1499,455.14,465.0,2451656
AMD,2026-07-28 15:30:00-04:00,465.12,465.8117,452.61,454.85,4292819
AMD,2026-07-29 09:30:00-04:00,452.0,457.22,432.21,433.975,7411683
AMD,2026-07-29 10:30:00-04:00,433.885,436.6,428.68,430.185,4357772
AMD,2026-07-29 11:30:00-04:00,430.31,431.56,424.0316,429.71,3159928
AMD,2026-07-29 12:30:00-04:00,429.64,438.84,426.82,436.705,2929324
AMD,2026-07-29 13:30:00-04:00,436.705,445.0,435.62,439.64,2913336
AMD,2026-07-29 14:30:00-04:00,440.0,453.229,438.1,441.2473,4036399
AMD,2026-07-29 15:30:00-04:00,441.22,442.89,428.715,429.57,4590063
AMD,2026-07-30 09:30:00-04:00,462.0,497.4,457.68,497.15,11658056
AMD,2026-07-30 10:30:00-04:00,497.16,498.2,481.74,482.86,5929782
AMD,2026-07-30 11:30:00-04:00,482.87,487.8599,481.85,485.7,2939774
AMD,2026-07-30 12:30:00-04:00,485.705,489.0,481.74,487.885,2209253
AMD,2026-07-30 13:30:00-04:00,487.885,489.2399,485.82,488.3,2099542
AMD,2026-07-30 14:30:00-04:00,488.395,491.96,485.2001,487.6456,2989770
AMD,2026-07-30 15:30:00-04:00,487.4,488.88,484.5,485.585,2944418
AMD,2026-07-31 09:30:00-04:00,510.275,515.62,483.23,492.49,8410536
AMD,2026-07-31 10:30:00-04:00,492.5,495.6899,483.64,486.215,3750337
AMD,2026-07-31 11:30:00-04:00,486.06,491.39,484.51,491.38,2294454
AMD,2026-07-31 12:30:00-04:00,491.38,492.61,487.0,490.745,2158841
AMD,2026-07-31 13:30:00-04:00,490.68,493.1,486.01,487.38,1672139
AMD,2026-07-31 14:30:00-04:00,487.53,488.835,484.84,486.6,1519007
AMD,2026-07-31 15:30:00-04:00,486.97,487.03,475.83,476.14,3409757
AMD,2026-08-03 09:30:00-04:00,461.79,477.11,455.3,476.99,7404117
AMD,2026-08-03 10:30:00-04:00,477.0001,486.85,475.185,477.72,3425288
AMD,2026-08-03 11:30:00-04:00,477.845,482.96,477.16,481.675,1838716
AMD,2026-08-03 12:30:00-04:00,481.78,482.735,479.31,482.4901,1469071
AMD,2026-08-03 13:30:00-04:00,482.8487,490.9464,482.6,485.09,2411689
AMD,2026-08-03 14:30:00-04:00,485.17,486.55,484.01,484.39,1779687
AMD,2026-08-03 15:30:00-04:00,484.41,487.165,483.21,484.73,3143186
AMD,2026-08-04 09:30:00-04:00,508.122,517.8199,504.87,517.485,9972044
AMD,2026-08-04 10:30:00-04:00,517.42,521.69,514.63,519.33,4530189
AMD,2026-08-04 11:30:00-04:00,519.27,524.9,518.51,524.325,3639735
AMD,2026-08-04 12:30:00-04:00,524.335,526.66,523.24,525.77,2989227
AMD,2026-08-04 13:30:00-04:00,525.8,530.13,524.99,527.23,3221486
AMD,2026-08-04 14:30:00-04:00,527.185,529.8699,525.5821,526.88,3522895
AMD,2026-08-04 15:30:00-04:00,526.72,528.595,518.6,526.0,4792860
AMD,2026-08-05 09:30:00-04:00,484.495,502.0,480.44,486.8,21309061
AMD,2026-08-05 10:30:00-04:00,486.72,486.74,478.2,484.455,6559562
AMD,2026-08-05 11:30:00-04:00,484.465,491.74,482.4,491.3398,4276404
AMD,2026-08-05 12:30:00-04:00,491.245,491.54,485.33,486.23,2621140
AMD,2026-08-05 13:30:00-04:00,486.12,488.61,484.71,488.345,2250686
AMD,2026-08-05 14:30:00-04:00,488.3,489.031,485.24,485.25,2640754
AMD,2026-08-05 15:30:00-04:00,485.41,486.38,480.44,481.64,4281929
AMD,2026-08-06 09:30:00-04:00,471.145,492.67,469.74,487.5692,7997665
AMD,2026-08-06 10:30:00-04:00,487.775,495.3599,484.1566,492.08,3719821
AMD,2026-08-06 11:30:00-04:00,492.025,493.88,485.548,487.07,2109395
AMD,2026-08-06 12:30:00-04:00,486.92,496.7199,486.8,494.0602,2386755
AMD,2026-08-06 13:30:00-04:00,494.0,495.0,487.0,493.31,2573226
AMD,2026-08-06 14:30:00-04:00,493.17,496.4,491.27,492.155,1610130
AMD,2026-08-06 15:30:00-04:00,492.175,493.8,488.83,489.67,1880358
AMD,2026-08-07 09:30:00-04:00,494.0,495.98,478.83,482.85,8212445
AMD,2026-08-07 10:30:00-04:00,483.1,483.5,476.34,482.25,4346046
AMD,2026-08-07 11:30:00-04:00,482.45,485.34,478.22,478.355,2564830
AMD,2026-08-07 12:30:00-04:00,478.3825,482.24,476.06,481.4444,2094328
AMD,2026-08-07 13:30:00-04:00,481.36,482.32,478.9152,479.105,1534787
AMD,2026-08-07 14:30:00-04:00,479.1311,481.75,477.16,481.12,2192786
AMD,2026-08-07 15:30:00-04:00,481.13,483.72,478.03,483.48,2895659
AMD,2026-08-10 09:30:00-04:00,477.423,483.36,470.6879,476.31,6719113
AMD,2026-08-10 10:30:00-04:00,476.205,481.76,475.3,475.845,2211727
AMD,2026-08-10 11:30:00-04:00,475.68,479.5,474.98,476.33,1496238
AMD,2026-08-10 12:30:00-04:00,476.34,476.7901,474.48,475.1,1481745
AMD,2026-08-10 13:30:00-04:00,475.095,476.29,474.46,475.16,1073270
AMD,2026-08-10 14:30:00-04:00,475.175,476.6,474.75,475.64,1427104
AMD,2026-08-10 15:30:00-04:00,475.645,475.79,469.32,469.35,3025730
AMD,2026-08-11 09:30:00-04:00,474.74,474.99,463.21,468.945,5051352
AMD,2026-08-11 10:30:00-04:00,468.78,470.95,466.9206,469.02,1903458
AMD,2026-08-11 11:30:00-04:00,469.21,470.95,466.03,466.855,1411338
AMD,2026-08-11 12:30:00-04:00,466.825,467.17,465.1,466.28,1012265
AMD,2026-08-11 13:30:00-04:00,466.24,472.64,465.7,471.1332,2522335
AMD,2026-08-11 14:30:00-04:00,471.26,474.99,470.85,474.7125,2023084
AMD,2026-08-11 15:30:00-04:00,474.805,475.98,473.29,474.39,1781773
AMD,2026-08-12 09:30:00-04:00,488.8,491.1556,480.88,490.795,6587164
AMD,2026-08-12 10:30:00-04:00,490.934,491.6899,486.8,489.0757,2629976
AMD,2026-08-12 11:30:00-04:00,489.0848,489.09,486.1,487.215,1206258
AMD,2026-08-12 12:30:00-04:00,487.29,488.8,486.22,486.7539,1017816
AMD,2026-08-12 13:30:00-04:00,486.65,489.89,486.0203,486.0701,1354628
AMD,2026-08-12 14:30:00-04:00,486.085,487.14,483.17,484.015,1583292
AMD,2026-08-12 15:30:00-04:00,484.045,484.045,481.0,482.79,1836359
AMD,2026-08-13 09:30:00-04:00,483.055,496.459,481.0,494.9899,5484173
AMD,2026-08-13 10:30:00-04:00,494.865,497.98,493.33,496.1,2782433
AMD,2026-08-13 11:30:00-04:00,496.13,496.315,490.55,493.015,1817678
AMD,2026-08-13 12:30:00-04:00,493.2,495.64,491.8101,494.12,1542420
AMD,2026-08-13 13:30:00-04:00,494.02,494.69,490.01,490.3978,1284125
AMD,2026-08-13 14:30:00-04:00,490.5,491.6999,486.55,487.06,1763061
AMD,2026-08-13 15:30:00-04:00,487.14,487.4359,482.07,483.0887,2099214
AMD,2026-08-14 09:30:00-04:00,487.6,505.99,483.2,505.3,8120626
AMD,2026-08-14 10:30:00-04:00,505.56,511.4717,499.68,501.055,3908999
AMD,2026-08-14 11:30:00-04:00,501.2213,502.0,496.35,500.9,2421070
AMD,2026-08-14 12:30:00-04:00,500.9264,503.88,499.05,502.8699,1613157
AMD,2026-08-14 13:30:00-04:00,502.68,509.48,502.4401,507.81,2271011
AMD,2026-08-14 14:30:00-04:00,507.85,509.29,507.05,508.505,2007061
AMD,2026-08-14 15:30:00-04:00,508.505,514.63,508.23,514.37,3219105
AMD,2026-08-17 09:30:00-04:00,513.805,515.8681,506.3301,512.275,5817357
AMD,2026-08-17 10:30:00-04:00,512.31,517.3,509.96,515.84,3095366
AMD,2026-08-17 11:30:00-04:00,515.66,517.13,510.75,511.215,2056635
AMD,2026-08-17 12:30:00-04:00,511.215,511.79,508.92,509.0201,1489323
AMD,2026-08-17 13:30:00-04:00,509.38,510.8399,507.72,509.31,1271228
AMD,2026-08-17 14:30:00-04:00,509.065,511.09,505.0,505.845,1747232
AMD,2026-08-17 15:30:00-04:00,505.88,507.69,504.52,506.09,2064437
AMD,2026-08-18 09:30:00-04:00,487.56,491.81,477.46,481.595,6738856
AMD,2026-08-18 10:30:00-04:00,481.51,482.72,475.0,479.71,3197648
AMD,2026-08-18 11:30:00-04:00,479.6,481.35,477.3701,477.61,1782037
AMD,2026-08-18 12:30:00-04:00,477.49,480.67,477.43,479.6129,1415330
AMD,2026-08-18 13:30:00-04:00,479.51,479.79,475.475,478.15,1669259
AMD,2026-08-18 14:30:00-04:00,478.2,482.7499,477.8001,481.87,1988719
AMD,2026-08-18 15:30:00-04:00,481.84,485.24,480.59,484.675,2787514
AMD,2026-08-19 09:30:00-04:00,485.55,487.005,462.62,467.32,6299122
AMD,2026-08-19 10:30:00-04:00,467.255,468.8,462.55,467.05,2919726
AMD,2026-08-19 11:30:00-04:00,467.09,469.45,464.72,466.45,1767611
AMD,2026-08-19 12:30:00-04:00,466.495,469.22,465.76,466.4,1034532
AMD,2026-08-19 13:30:00-04:00,466.63,466.9099,463.4105,465.335,1184614
AMD,2026-08-19 14:30:00-04:00,465.345,469.0999,465.11,467.69,1956030
AMD,2026-08-19 15:30:00-04:00,467.79,468.32,465.8429,466.38,1736505
AMD,2026-08-20 09:30:00-04:00,465.915,475.5299,464.28,466.32,4580553
AMD,2026-08-20 10:30:00-04:00,466.0,469.5,463.22,464.7,2143883
AMD,2026-08-20 11:30:00-04:00,464.5497,464.855,460.5,463.895,1549410
AMD,2026-08-20 12:30:00-04:00,463.81,464.66,462.0001,464.01,1040325
AMD,2026-08-20 13:30:00-04:00,464.005,464.76,461.4101,462.185,856335
AMD,2026-08-20 14:30:00-04:00,462.1,466.2399,461.13,466.105,1480587
AMD,2026-08-20 15:30:00-04:00,466.1,469.7695,465.22,469.32,1651253
AMD,2026-08-21 09:30:00-04:00,476.67,477.32,462.111,466.46,4335944
AMD,2026-08-21 10:30:00-04:00,466.38,468.69,463.8001,468.035,1809567
AMD,2026-08-21 11:30:00-04:00,467.94,471.175,467.7,469.95,1251321
AMD,2026-08-21 12:30:00-04:00,470.0,470.7,468.68,469.4413,718433
AMD,2026-08-21 13:30:00-04:00,469.59,472.41,469.46,470.965,2509499
AMD,2026-08-21 14:30:00-04:00,470.87,473.0,470.57,471.3,487428
AMD,2026-08-21 15:30:00-04:00,471.43,474.04,470.0501,472.75,1719646
AMD,2026-08-24 09:30:00-04:00,467.975,468.14,451.18,455.6533,4415322
AMD,2026-08-24 10:30:00-04:00,455.5,459.2,455.28,458.75,1522590
AMD,2026-08-24 11:30:00-04:00,458.94,463.12,458.319,460.38,1981852
AMD,2026-08-24 12:30:00-04:00,460.43,460.9,458.26,458.57,868078
AMD,2026-08-24 13:30:00-04:00,458.56,459.75,456.89,458.525,932204
AMD,2026-08-24 14:30:00-04:00,458.455,459.5,456.09,456.7,1098925
AMD,2026-08-24 15:30:00-04:00,456.69,457.37,455.29,456.7607,1655724
AMD,2026-08-25 09:30:00-04:00,474.6,478.75,469.07,473.2,6079847
AMD,2026-08-25 10:30:00-04:00,473.25,480.81,470.66,479.59,3222317
AMD,2026-08-25 11:30:00-04:00,479.59,480.3,475.2501,478.2,1826030
AMD,2026-08-25 12:30:00-04:00,478.26,478.44,475.88,476.54,954380
AMD,2026-08-25 13:30:00-04:00,476.46,479.35,456.745,478.7201,1278359
AMD,2026-08-25 14:30:00-04:00,478.87,481.5,478.87,479.94,2084185
AMD,2026-08-25 15:30:00-04:00,479.94,480.37,477.97,479.25,1739278
AMD,2026-08-26 09:30:00-04:00,475.04,491.12,474.58,483.06,5302162
AMD,2026-08-26 10:30:00-04:00,483.2702,486.21,482.0601,484.31,1689596
AMD,2026-08-26 11:30:00-04:00,484.29,485.96,482.15,482.5599,1124210
AMD,2026-08-26 12:30:00-04:00,482.5599,483.6,481.04,483.434,822268
AMD,2026-08-26 13:30:00-04:00,483.43,484.35,480.65,480.84,1045569
AMD,2026-08-26 14:30:00-04:00,480.855,484.23,480.75,482.42,1202663
AMD,2026-08-26 15:30:00-04:00,482.446,482.45,478.91,481.01,1416079
AMD,2026-08-27 09:30:00-04:00,482.0,483.0,472.22,478.56,5541791
AMD,2026-08-27 10:30:00-04:00,478.7399,479.82,473.88,475.1423,1746304
AMD,2026-08-27 11:30:00-04:00,475.2199,475.7799,471.01,472.095,1724184
AMD,2026-08-27 12:30:00-04:00,472.2,476.25,472.0,474.49,1067733
AMD,2026-08-27 13:30:00-04:00,474.5,475.14,469.6975,470.36,1193459
AMD,2026-08-27 14:30:00-04:00,470.36,473.21,470.18,472.68,1296272
AMD,2026-08-27 15:30:00-04:00,472.51,477.07,472.05,477.0,1920176
AMD,2026-08-28 09:30:00-04:00,472.52,476.81,469.8,475.77,3489002
AMD,2026-08-28 10:30:00-04:00,475.77,478.75,473.75,475.04,1703414
AMD,2026-08-28 11:30:00-04:00,475.025,475.15,465.47,468.76,1939994
AMD,2026-08-28 12:30:00-04:00,468.685,472.34,466.93,470.99,1369137
AMD,2026-08-28 13:30:00-04:00,470.965,473.45,469.6,469.7,1220465
AMD,2026-08-28 14:30:00-04:00,469.69,470.6127,467.55,469.805,1006263
AMD,2026-08-28 15:30:00-04:00,469.84,470.7099,465.29,465.6,1998999
AMD,2026-08-31 09:30:00-04:00,466.22,475.8099,463.88,467.905,3782465
AMD,2026-08-31 10:30:00-04:00,467.905,470.04,466.1,467.5088,1278904
AMD,2026-08-31 11:30:00-04:00,467.38,467.8,465.19,467.78,991510
AMD,2026-08-31 12:30:00-04:00,467.81,469.62,467.265,467.75,840816
AMD,2026-08-31 13:30:00-04:00,467.765,469.68,466.992,468.785,742118
AMD,2026-08-31 14:30:00-04:00,468.825,469.12,466.8,468.45,828030
AMD,2026-08-31 15:30:00-04:00,468.45,471.8,468.18,469.95,1404745
AMD,2026-09-01 09:30:00-04:00,459.3,460.72,452.3,452.53,4690484
AMD,2026-09-01 10:30:00-04:00,452.5223,458.92,452.5223,458.7,2286161
AMD,2026-09-01 11:30:00-04:00,458.7,461.5,456.08,456.8,1427849
AMD,2026-09-01 12:30:00-04:00,456.8,459.17,455.2,456.83,1053199
AMD,2026-09-01 13:30:00-04:00,456.75,457.3599,454.39,455.05,980951
AMD,2026-09-01 14:30:00-04:00,455.1,460.33,453.7882,460.29,1754211
AMD,2026-09-01 15:30:00-04:00,460.29,460.5,457.6454,459.75,1648673
AMD,2026-09-02 09:30:00-04:00,458.45,461.75,452.37,460.97,3779312
AMD,2026-09-02 10:30:00-04:00,460.7281,462.21,454.93,459.1382,1800258
AMD,2026-09-02 11:30:00-04:00,459.145,459.7721,457.19,457.435,1026769
AMD,2026-09-02 12:30:00-04:00,457.47,458.425,456.3,457.3101,949643
AMD,2026-09-02 13:30:00-04:00,457.35,457.7509,455.5,456.32,900824
AMD,2026-09-02 14:30:00-04:00,456.32,457.4,455.9689,456.705,675206
AMD,2026-09-02 15:30:00-04:00,456.685,457.715,455.9,456.3,1367121
AMD,2026-09-03 09:30:00-04:00,452.7,453.68,440.5,451.61,4901840
AMD,2026-09-03 10:30:00-04:00,451.5,457.02,449.5005,456.845,1920537
AMD,2026-09-03 11:30:00-04:00,456.845,459.77,455.61,458.1632,1478913
AMD,2026-09-03 12:30:00-04:00,458.11,459.63,456.6001,458.075,1093101
AMD,2026-09-03 13:30:00-04:00,458.4,458.95,456.7591,457.205,831559
AMD,2026-09-03 14:30:00-04:00,457.21,458.0999,455.98,456.86,1108317
AMD,2026-09-03 15:30:00-04:00,456.845,456.98,454.53,456.24,1320519
MRVL,2026-07-06 09:30:00-04:00,254.89,260.46,251.101,257.19,7086571
MRVL,2026-07-06 10:30:00-04:00,257.14,259.8,252.7201,256.42,2849059
MRVL,2026-07-06 11:30:00-04:00,256.35,257.21,254.9,255.565,1513266
MRVL,2026-07-06 12:30:00-04:00,255.4901,256.2,250.44,250.5884,1481472
MRVL,2026-07-06 13:30:00-04:00,250.55,254.13,249.095,252.155,1893342
MRVL,2026-07-06 14:30:00-04:00,252.2,254.55,251.07,253.3,1698483
MRVL,2026-07-06 15:30:00-04:00,253.29,253.665,249.12,249.29,4148331
MRVL,2026-07-07 09:30:00-04:00,234.92,237.44,224.79,226.81,9920456
MRVL,2026-07-07 10:30:00-04:00,226.8,227.68,222.94,225.975,6014887
MRVL,2026-07-07 11:30:00-04:00,225.975,233.42,224.89,233.25,3596732
MRVL,2026-07-07 12:30:00-04:00,233.26,233.57,230.34,231.5997,1946095
MRVL,2026-07-07 13:30:00-04:00,231.69,232.29,229.73,229.865,1522566
MRVL,2026-07-07 14:30:00-04:00,229.89,230.4199,224.24,226.45,3011703
MRVL,2026-07-07 15:30:00-04:00,226.34,230.88,226.09,230.7,3141501
MRVL,2026-07-08 09:30:00-04:00,225.16,236.79,225.0,233.23,8240236
MRVL,2026-07-08 10:30:00-04:00,233.02,234.56,225.86,226.685,3282217
MRVL,2026-07-08 11:30:00-04:00,226.685,230.32,225.54,229.445,2530224
MRVL,2026-07-08 12:30:00-04:00,229.15,235.075,228.39,234.86,2052605
MRVL,2026-07-08 13:30:00-04:00,234.9,235.65,232.0,232.72,1773407
MRVL,2026-07-08 14:30:00-04:00,232.675,233.47,231.58,232.9476,1421167
MRVL,2026-07-08 15:30:00-04:00,232.87,232.94,230.15,231.65,1981686
MRVL,2026-07-09 09:30:00-04:00,246.52,251.7,241.1,245.52,8070484
MRVL,2026-07-09 10:30:00-04:00,245.52,248.5,243.42,246.585,2359210
MRVL,2026-07-09 11:30:00-04:00,246.7,248.77,246.25,246.91,1520877
MRVL,2026-07-09 12:30:00-04:00,246.94,248.6,244.89,248.32,1370587
MRVL,2026-07-09 13:30:00-04:00,248.2501,248.59,246.36,246.66,1136082
MRVL,2026-07-09 14:30:00-04:00,246.66,247.3982,243.88,244.41,1544555
MRVL,2026-07-09 15:30:00-04:00,244.3587,244.5999,242.18,243.33,1874625
MRVL,2026-07-10 09:30:00-04:00,237.752,240.94,232.02,236.33,4722579
MRVL,2026-07-10 10:30:00-04:00,236.215,237.7799,232.3525,237.385,2102869
MRVL,2026-07-10 11:30:00-04:00,237.4744,237.79,234.47,237.065,1174257
MRVL,2026-07-10 12:30:00-04:00,237.065,238.79,236.3801,238.715,913830
MRVL,2026-07-10 13:30:00-04:00,238.79,238.97,236.03,236.44,1014165
MRVL,2026-07-10 14:30:00-04:00,236.435,236.9699,235.44,236.505,1080963
MRVL,2026-07-10 15:30:00-04:00,236.4001,237.85,235.55,235.68,1235015
MRVL,2026-07-13 09:30:00-04:00,228.63,228.8,217.57,222.98,7448335
MRVL,2026-07-13 10:30:00-04:00,223.0599,225.02,219.53,224.13,2525261
MRVL,2026-07-13 11:30:00-04:00,224.085,225.2999,219.24,219.9699,1737370
MRVL,2026-07-13 12:30:00-04:00,219.885,219.885,216.88,217.29,2029882
MRVL,2026-07-13 13:30:00-04:00,217.39,218.0,215.8,215.9,2013516
MRVL,2026-07-13 14:30:00-04:00,215.895,218.46,215.28,216.77,2193277
MRVL,2026-07-13 15:30:00-04:00,216.78,219.65,216.5778,217.3927,2601142
MRVL,2026-07-14 09:30:00-04:00,231.565,232.0,218.6301,221.09,6578737
MRVL,2026-07-14 10:30:00-04:00,221.16,226.72,220.18,226.58,2620589
MRVL,2026-07-14 11:30:00-04:00,226.58,226.8995,221.895,222.9,1748592
MRVL,2026-07-14 12:30:00-04:00,222.98,223.38,221.6114,222.8432,1280415
MRVL,2026-07-14 13:30:00-04:00,222.885,224.5844,222.2,224.1,976950
MRVL,2026-07-14 14:30:00-04:00,224.1,224.5,220.9,221.46,1390559
MRVL,2026-07-14 15:30:00-04:00,221.57,223.88,221.14,222.63,1944693
MRVL,2026-07-15 09:30:00-04:00,219.63,219.85,208.5501,210.36,6614548
MRVL,2026-07-15 10:30:00-04:00,210.3639,210.6499,206.07,209.51,3561977
MRVL,2026-07-15 11:30:00-04:00,209.51,209.98,201.65,202.2101,3267592
MRVL,2026-07-15 12:30:00-04:00,202.17,207.68,201.23,207.355,2584858
MRVL,2026-07-15 13:30:00-04:00,207.465,208.5,206.11,207.85,1918832
MRVL,2026-07-15 14:30:00-04:00,207.815,208.41,204.39,206.13,2461231
MRVL,2026-07-15 15:30:00-04:00,206.42,207.44,205.06,206.235,2630417
MRVL,2026-07-16 09:30:00-04:00,200.11,201.815,192.18,194.485,8709325
MRVL,2026-07-16 10:30:00-04:00,194.32,194.6399,189.85,191.555,3584353
MRVL,2026-07-16 11:30:00-04:00,191.5701,206.26,187.2,188.3496,4025123
MRVL,2026-07-16 12:30:00-04:00,188.33,189.4,187.13,188.39,2536281
MRVL,2026-07-16 13:30:00-04:00,188.405,189.3299,186.18,188.575,2948335
MRVL,2026-07-16 14:30:00-04:00,188.575,188.575,186.3,187.89,2815831
MRVL,2026-07-16 15:30:00-04:00,187.99,188.74,186.5,188.35,4088566
MRVL,2026-07-17 09:30:00-04:00,182.225,190.65,177.95,187.5182,10881621
MRVL,2026-07-17 10:30:00-04:00,187.475,188.0,183.33,185.0,3469497
MRVL,2026-07-17 11:30:00-04:00,185.03,191.675,184.3,190.095,3129800
MRVL,2026-07-17 12:30:00-04:00,189.99,194.04,189.26,193.73,3044791
MRVL,2026-07-17 13:30:00-04:00,193.76,194.0,188.45,189.5,1817577
MRVL,2026-07-17 14:30:00-04:00,189.44,190.53,186.42,188.74,2088605
MRVL,2026-07-17 15:30:00-04:00,188.8,189.98,187.7937,188.62,2666611
MRVL,2026-07-20 09:30:00-04:00,192.685,199.04,191.99,198.915,7088284
MRVL,2026-07-20 10:30:00-04:00,198.9999,199.7799,194.3,199.545,4119194
MRVL,2026-07-20 11:30:00-04:00,199.69,202.08,198.57,201.16,3758834
MRVL,2026-07-20 12:30:00-04:00,201.0,201.25,196.71,197.7979,1976025
MRVL,2026-07-20 13:30:00-04:00,197.725,198.8,196.44,197.44,1697546
MRVL,2026-07-20 14:30:00-04:00,197.43,197.71,193.91,195.08,1838173
MRVL,2026-07-20 15:30:00-04:00,195.08,195.65,193.74,195.03,2362702
MRVL,2026-07-21 09:30:00-04:00,205.555,208.75,202.84,206.0001,7213726
MRVL,2026-07-21 10:30:00-04:00,206.12,209.88,205.36,209.38,2824406
MRVL,2026-07-21 11:30:00-04:00,209.37,210.6,207.31,209.77,2330106
MRVL,2026-07-21 12:30:00-04:00,209.9,210.11,208.25,208.625,1495071
MRVL,2026-07-21 13:30:00-04:00,208.62,209.61,208.15,208.324,1278973
MRVL,2026-07-21 14:30:00-04:00,208.36,208.91,206.16,206.24,1560704
MRVL,2026-07-21 15:30:00-04:00,206.33,208.84,206.0501,207.91,2004876
MRVL,2026-07-22 09:30:00-04:00,200.99,210.92,200.58,210.385,4463165
MRVL,2026-07-22 10:30:00-04:00,210.5,214.92,208.93,213.44,3310899
MRVL,2026-07-22 11:30:00-04:00,213.45,214.55,212.185,212.92,1659233
MRVL,2026-07-22 12:30:00-04:00,212.935,214.4,212.18,213.595,1256892
MRVL,2026-07-22 13:30:00-04:00,213.53,213.98,212.07,212.45,1029420
MRVL,2026-07-22 14:30:00-04:00,212.45,213.1,211.42,212.85,1193341
MRVL,2026-07-22 15:30:00-04:00,212.8,212.97,210.52,211.03,1683305
MRVL,2026-07-23 09:30:00-04:00,207.615,214.56,207.08,211.81,4803315
MRVL,2026-07-23 10:30:00-04:00,211.81,212.22,205.02,205.6601,2527128
MRVL,2026-07-23 11:30:00-04:00,205.67,210.19,205.23,209.92,1385969
MRVL,2026-07-23 12:30:00-04:00,209.99,210.969,206.775,208.16,1178156
MRVL,2026-07-23 13:30:00-04:00,208.12,208.23,205.85,206.21,1134946
MRVL,2026-07-23 14:30:00-04:00,206.4,208.015,205.36,207.96,1140284
MRVL,2026-07-23 15:30:00-04:00,208.06,209.53,205.77,209.42,1880025
MRVL,2026-07-24 09:30:00-04:00,202.91,206.065,194.7,197.0255,5014998
MRVL,2026-07-24 10:30:00-04:00,196.91,198.11,193.0,196.72,2515417
MRVL,2026-07-24 11:30:00-04:00,196.5,200.656,196.27,198.84,1779878
MRVL,2026-07-24 12:30:00-04:00,198.63,199.02,196.5498,198.24,1119624
MRVL,2026-07-24 13:30:00-04:00,198.33,199.1436,194.5701,194.7,1143681
MRVL,2026-07-24 14:30:00-04:00,194.63,195.0,191.29,193.67,2498430
MRVL,2026-07-24 15:30:00-04:00,193.858,194.895,192.57,194.22,2705456
MRVL,2026-07-27 09:30:00-04:00,196.25,199.79,185.8701,185.8776,5047841
MRVL,2026-07-27 10:30:00-04:00,186.12,188.22,181.76,184.81,4771272
MRVL,2026-07-27 11:30:00-04:00,184.82,189.0,183.1701,188.505,2034459
MRVL,2026-07-27 12:30:00-04:00,188.6,189.7537,185.2301,185.56,1266093
MRVL,2026-07-27 13:30:00-04:00,185.56,187.42,185.5,186.705,969950
MRVL,2026-07-27 14:30:00-04:00,186.655,190.3399,185.3078,190.12,1620596
MRVL,2026-07-27 15:30:00-04:00,190.26,190.79,188.53,189.28,2056070
MRVL,2026-07-28 09:30:00-04:00,180.0,181.48,167.32,168.78,9425808
MRVL,2026-07-28 10:30:00-04:00,168.86,177.98,168.1006,176.605,5178737
MRVL,2026-07-28 11:30:00-04:00,176.52,179.9,176.0056,177.15,2655092
MRVL,2026-07-28 12:30:00-04:00,177.09,178.96,175.5745,176.542,1522780
MRVL,2026-07-28 13:30:00-04:00,176.47,177.04,174.45,174.81,1642238
MRVL,2026-07-28 14:30:00-04:00,174.84,177.5,173.93,177.37,2430809
MRVL,2026-07-28 15:30:00-04:00,177.56,177.7297,174.15,174.45,3219775
MRVL,2026-07-29 09:30:00-04:00,174.02,177.8,167.04,168.2,6124967
MRVL,2026-07-29 10:30:00-04:00,168.26,169.56,165.75,166.895,3042350
MRVL,2026-07-29 11:30:00-04:00,166.82,167.3,162.9,165.35,2599533
MRVL,2026-07-29 12:30:00-04:00,165.32,168.2299,164.1801,166.75,1780697
MRVL,2026-07-29 13:30:00-04:00,166.72,171.88,166.65,169.535,2205050
MRVL,2026-07-29 14:30:00-04:00,169.65,176.69,168.84,170.61,2985254
MRVL,2026-07-29 15:30:00-04:00,170.655,171.35,162.945,163.39,3797972
MRVL,2026-07-30 09:30:00-04:00,178.375,183.82,175.16,183.55,8216142
MRVL,2026-07-30 10:30:00-04:00,183.54,184.3499,179.5001,181.17,3876185
MRVL,2026-07-30 11:30:00-04:00,181.185,183.93,180.7,181.95,2222039
MRVL,2026-07-30 12:30:00-04:00,181.89,182.3699,179.05,181.575,1808849
MRVL,2026-07-30 13:30:00-04:00,181.62,182.03,180.02,180.49,1491266
MRVL,2026-07-30 14:30:00-04:00,180.55,184.13,179.66,182.695,2448473
MRVL,2026-07-30 15:30:00-04:00,182.62,183.55,182.26,183.21,2537364
MRVL,2026-07-31 09:30:00-04:00,199.375,201.35,187.25,192.31,10678907
MRVL,2026-07-31 10:30:00-04:00,192.315,194.59,188.8655,190.0101,3634598
MRVL,2026-07-31 11:30:00-04:00,190.14,191.84,188.57,191.82,1667540
MRVL,2026-07-31 12:30:00-04:00,191.8459,193.86,190.33,193.52,1538781
MRVL,2026-07-31 13:30:00-04:00,193.525,194.67,191.65,192.2823,1742265
MRVL,2026-07-31 14:30:00-04:00,192.38,193.5,192.1,192.56,1529402
MRVL,2026-07-31 15:30:00-04:00,192.575,192.71,187.32,187.56,2872383
MRVL,2026-08-03 09:30:00-04:00,180.52,188.23,177.57,188.03,5985635
MRVL,2026-08-03 10:30:00-04:00,188.1,192.51,187.01,187.15,2864271
MRVL,2026-08-03 11:30:00-04:00,187.15,191.48,187.1,189.82,1801222
MRVL,2026-08-03 12:30:00-04:00,189.795,191.3,188.92,191.16,1065932
MRVL,2026-08-03 13:30:00-04:00,191.2,194.44,190.88,192.47,1623918
MRVL,2026-08-03 14:30:00-04:00,192.47,193.26,191.89,192.3,1167485
MRVL,2026-08-03 15:30:00-04:00,192.29,193.87,192.01,193.86,1530713
MRVL,2026-08-04 09:30:00-04:00,212.03,219.3796,210.505,214.87,12223167
MRVL,2026-08-04 10:30:00-04:00,214.87,218.78,212.81,217.345,3328016
MRVL,2026-08-04 11:30:00-04:00,217.315,220.8,216.84,220.1032,3217606
MRVL,2026-08-04 12:30:00-04:00,220.12,222.57,219.5641,222.15,1962599
MRVL,2026-08-04 13:30:00-04:00,222.1,222.67,219.66,221.23,1950153
MRVL,2026-08-04 14:30:00-04:00,221.22,221.71,219.02,219.31,1966753
MRVL,2026-08-04 15:30:00-04:00,219.22,220.02,218.18,218.51,2318761
MRVL,2026-08-05 09:30:00-04:00,216.0,222.38,213.158,215.415,5303367
MRVL,2026-08-05 10:30:00-04:00,215.23,216.15,211.74,215.205,2182454
MRVL,2026-08-05 11:30:00-04:00,215.28,217.78,214.1,217.78,1268262
MRVL,2026-08-05 12:30:00-04:00,217.75,217.81,213.9005,214.13,971741
MRVL,2026-08-05 13:30:00-04:00,214.14,214.9199,213.5001,214.63,964244
MRVL,2026-08-05 14:30:00-04:00,214.705,215.4999,213.3758,215.1339,1005354
MRVL,2026-08-05 15:30:00-04:00,215.27,215.4,210.29,210.88,2217529
MRVL,2026-08-06 09:30:00-04:00,205.565,219.29,201.74,216.8,5762750
MRVL,2026-08-06 10:30:00-04:00,216.94,219.4625,214.2,216.58,2203311
MRVL,2026-08-06 11:30:00-04:00,216.575,217.06,211.02,211.6,1768239
MRVL,2026-08-06 12:30:00-04:00,211.55,214.86,211.4,213.45,1254495
MRVL,2026-08-06 13:30:00-04:00,213.27,214.48,212.21,213.73,865263
MRVL,2026-08-06 14:30:00-04:00,213.7383,214.17,211.9,212.42,1052615
MRVL,2026-08-06 15:30:00-04:00,212.48,213.11,210.14,210.51,1447688
MRVL,2026-08-07 09:30:00-04:00,217.0,221.87,205.52,213.1394,7977397
MRVL,2026-08-07 10:30:00-04:00,213.16,215.96,209.17,215.26,2207444
MRVL,2026-08-07 11:30:00-04:00,215.43,219.56,215.43,217.03,2445653
MRVL,2026-08-07 12:30:00-04:00,217.28,218.21,215.77,217.88,1138478
MRVL,2026-08-07 13:30:00-04:00,217.905,217.995,215.83,215.96,940761
MRVL,2026-08-07 14:30:00-04:00,216.0,218.4574,215.8301,217.93,1196941
MRVL,2026-08-07 15:30:00-04:00,217.97,218.99,216.29,218.69,1883706
MRVL,2026-08-10 09:30:00-04:00,227.96,230.07,215.15,217.31,7938674
MRVL,2026-08-10 10:30:00-04:00,217.27,219.18,214.21,215.12,2374743
MRVL,2026-08-10 11:30:00-04:00,215.17,216.5993,213.4,214.52,1668945
MRVL,2026-08-10 12:30:00-04:00,214.47,214.845,212.53,213.755,1119256
MRVL,2026-08-10 13:30:00-04:00,213.74,214.1365,212.97,213.0458,810001
MRVL,2026-08-10 14:30:00-04:00,213.12,214.3199,212.5,213.97,1059200
MRVL,2026-08-10 15:30:00-04:00,214.11,214.19,208.52,208.56,2611074
MRVL,2026-08-11 09:30:00-04:00,212.12,212.6599,206.43,211.2005,4289662
MRVL,2026-08-11 10:30:00-04:00,211.32,212.05,209.81,210.155,1429014
MRVL,2026-08-11 11:30:00-04:00,210.11,210.9135,209.5601,210.67,914056
MRVL,2026-08-11 12:30:00-04:00,210.61,210.8627,208.28,208.7201,953079
MRVL,2026-08-11 13:30:00-04:00,208.815,210.0,208.35,208.74,822739
MRVL,2026-08-11 14:30:00-04:00,208.73,211.1832,208.54,211.03,1059876
MRVL,2026-08-11 15:30:00-04:00,211.1,212.5875,210.71,212.36,1300186
MRVL,2026-08-12 09:30:00-04:00,225.41,226.88,220.7,222.34,6687612
MRVL,2026-08-12 10:30:00-04:00,222.4,224.47,220.02,223.115,2717049
MRVL,2026-08-12 11:30:00-04:00,223.136,223.58,220.41,222.77,2059814
MRVL,2026-08-12 12:30:00-04:00,222.69,222.86,221.51,222.36,940955
MRVL,2026-08-12 13:30:00-04:00,222.33,224.78,222.0,222.275,1339648
MRVL,2026-08-12 14:30:00-04:00,222.31,222.655,220.6,221.13,1181659
MRVL,2026-08-12 15:30:00-04:00,221.13,221.2,216.89,217.07,2619296
MRVL,2026-08-13 09:30:00-04:00,217.75,228.98,217.18,227.755,5010342
MRVL,2026-08-13 10:30:00-04:00,227.83,230.17,227.11,228.8785,3275172
MRVL,2026-08-13 11:30:00-04:00,228.645,229.74,225.75,229.5,2419873
MRVL,2026-08-13 12:30:00-04:00,229.6,231.38,227.46,229.15,2132452
MRVL,2026-08-13 13:30:00-04:00,229.1,229.7,225.85,226.1,1436968
MRVL,2026-08-13 14:30:00-04:00,226.11,226.1675,223.0,223.31,1467395
MRVL,2026-08-13 15:30:00-04:00,223.16,223.34,221.42,222.29,1475570
MRVL,2026-08-14 09:30:00-04:00,221.395,223.5179,218.18,219.4899,4776223
MRVL,2026-08-14 10:30:00-04:00,219.49,221.5,217.1,218.95,2209206
MRVL,2026-08-14 11:30:00-04:00,218.9653,221.279,217.53,220.84,1338014
MRVL,2026-08-14 12:30:00-04:00,220.87,221.0,219.27,219.6136,777171
MRVL,2026-08-14 13:30:00-04:00,219.73,220.0116,219.0574,219.19,633314
MRVL,2026-08-14 14:30:00-04:00,219.07,220.625,218.56,220.18,1075495
MRVL,2026-08-14 15:30:00-04:00,220.26,222.19,219.395,222.08,1567761
MRVL,2026-08-17 09:30:00-04:00,227.8,237.8399,226.89,235.21,7271898
MRVL,2026-08-17 10:30:00-04:00,235.275,240.18,234.29,238.61,3436173
MRVL,2026-08-17 11:30:00-04:00,238.68,239.5595,237.2508,238.23,1709522
MRVL,2026-08-17 12:30:00-04:00,238.25,238.85,235.15,235.6,1264203
MRVL,2026-08-17 13:30:00-04:00,235.56,236.95,234.89,236.07,1076148
MRVL,2026-08-17 14:30:00-04:00,236.05,236.94,232.7592,233.62,1410211
MRVL,2026-08-17 15:30:00-04:00,233.64,236.07,233.53,234.34,1933827
MRVL,2026-08-18 09:30:00-04:00,220.645,225.01,216.3,218.46,7002876
MRVL,2026-08-18 10:30:00-04:00,218.46,218.87,211.72,214.43,3618869
MRVL,2026-08-18 11:30:00-04:00,214.32,216.58,214.0,214.2,1999536
MRVL,2026-08-18 12:30:00-04:00,214.13,215.73,213.2101,213.9401,1278718
MRVL,2026-08-18 13:30:00-04:00,213.94,214.07,211.1,213.1925,1703869
MRVL,2026-08-18 14:30:00-04:00,213.1,215.553,212.81,215.37,2141268
MRVL,2026-08-18 15:30:00-04:00,215.15,216.05,213.15,216.03,2749705
MRVL,2026-08-19 09:30:00-04:00,240.845,245.489,228.1001,232.58,20155354
MRVL,2026-08-19 10:30:00-04:00,232.55,236.36,228.87,234.49,5130484
MRVL,2026-08-19 11:30:00-04:00,234.3801,237.38,231.6601,236.4,3378983
MRVL,2026-08-19 12:30:00-04:00,236.38,237.69,232.465,233.1,2411986
MRVL,2026-08-19 13:30:00-04:00,233.2421,234.7,231.5,233.1,1454503
MRVL,2026-08-19 14:30:00-04:00,233.12,236.12,232.54,235.365,2476135
MRVL,2026-08-19 15:30:00-04:00,235.5,237.79,234.67,237.25,3429899
MRVL,2026-08-20 09:30:00-04:00,238.0,246.47,234.527,243.715,9903921
MRVL,2026-08-20 10:30:00-04:00,243.7709,247.19,242.12,243.325,3665520
MRVL,2026-08-20 11:30:00-04:00,243.2103,243.54,239.91,241.665,1820783
MRVL,2026-08-20 12:30:00-04:00,241.67,245.5,240.34,244.64,1866628
MRVL,2026-08-20 13:30:00-04:00,244.65,245.6,243.7501,244.3565,1405263
MRVL,2026-08-20 14:30:00-04:00,244.22,249.21,242.89,249.1,2604122
MRVL,2026-08-20 15:30:00-04:00,249.175,251.45,248.0,251.16,4055513
MRVL,2026-08-21 09:30:00-04:00,252.39,252.52,235.32,237.7131,8085393
MRVL,2026-08-21 10:30:00-04:00,237.7395,238.26,233.28,234.505,4231652
MRVL,2026-08-21 11:30:00-04:00,234.4319,237.0399,233.88,234.83,2649110
MRVL,2026-08-21 12:30:00-04:00,234.77,235.98,233.6,235.86,1662305
MRVL,2026-08-21 13:30:00-04:00,235.94,238.8,235.5501,237.525,2266034
MRVL,2026-08-21 14:30:00-04:00,237.46,237.8999,236.61,237.625,1405700
MRVL,2026-08-21 15:30:00-04:00,237.6,238.02,236.1,237.13,2288542
MRVL,2026-08-24 09:30:00-04:00,229.13,230.42,220.4201,225.17,5857933
MRVL,2026-08-24 10:30:00-04:00,224.985,227.7,224.02,227.37,2162682
MRVL,2026-08-24 11:30:00-04:00,227.39,230.21,227.22,229.36,1812966
MRVL,2026-08-24 12:30:00-04:00,229.405,229.6599,227.72,228.09,1334724
MRVL,2026-08-24 13:30:00-04:00,228.065,231.59,227.4329,230.915,1262091
MRVL,2026-08-24 14:30:00-04:00,231.0,231.7,230.14,230.68,1305465
MRVL,2026-08-24 15:30:00-04:00,230.68,231.28,228.28,229.2,1979223
MRVL,2026-08-25 09:30:00-04:00,237.355,246.7,235.93,242.75,8552204
MRVL,2026-08-25 10:30:00-04:00,242.74,244.9299,241.1,244.33,2094228
MRVL,2026-08-25 11:30:00-04:00,244.335,245.0,241.1,242.16,1756351
MRVL,2026-08-25 12:30:00-04:00,242.125,242.36,239.81,240.62,1431909
MRVL,2026-08-25 13:30:00-04:00,240.56,242.34,229.29,241.855,1000467
MRVL,2026-08-25 14:30:00-04:00,241.855,242.75,238.8,239.295,1312880
MRVL,2026-08-25 15:30:00-04:00,239.215,241.31,238.38,240.31,1854941
MRVL,2026-08-26 09:30:00-04:00,240.095,243.6732,236.79,239.315,3978845
MRVL,2026-08-26 10:30:00-04:00,239.25,241.988,239.16,240.89,1647901
MRVL,2026-08-26 11:30:00-04:00,240.83,241.9,239.2,240.835,1220386
MRVL,2026-08-26 12:30:00-04:00,240.86,242.265,240.21,241.515,918247
MRVL,2026-08-26 13:30:00-04:00,241.48,244.215,241.47,243.35,1427924
MRVL,2026-08-26 14:30:00-04:00,243.345,244.705,242.6901,243.735,1441762
MRVL,2026-08-26 15:30:00-04:00,243.69,245.17,243.33,245.115,1976341
MRVL,2026-08-27 09:30:00-04:00,253.41,254.58,242.06,245.94,8829634
MRVL,2026-08-27 10:30:00-04:00,245.92,246.4,242.85,243.35,3111785
MRVL,2026-08-27 11:30:00-04:00,243.375,245.15,242.1,243.2601,2276323
MRVL,2026-08-27 12:30:00-04:00,243.33,246.38,243.08,244.645,2727345
MRVL,2026-08-27 13:30:00-04:00,244.68,245.42,243.62,243.805,2099221
MRVL,2026-08-27 14:30:00-04:00,243.87,244.6769,243.1,243.575,2733021
MRVL,2026-08-27 15:30:00-04:00,243.52,243.52,240.38,241.47,5696271
MRVL,2026-08-28 09:30:00-04:00,225.308,228.88,219.12,224.925,17821504
MRVL,2026-08-28 10:30:00-04:00,224.9468,226.6787,221.31,222.61,5564223
MRVL,2026-08-28 11:30:00-04:00,222.61,222.7,216.15,216.8544,6686142
MRVL,2026-08-28 12:30:00-04:00,216.76,218.3201,216.25,216.875,3638547
MRVL,2026-08-28 13:30:00-04:00,216.845,218.47,216.5,216.5146,3810503
MRVL,2026-08-28 14:30:00-04:00,216.5,217.7986,215.55,217.65,3502264
MRVL,2026-08-28 15:30:00-04:00,217.65,218.79,216.2,216.595,4464833
MRVL,2026-08-31 09:30:00-04:00,216.13,218.2205,210.79,211.3999,7209870
MRVL,2026-08-31 10:30:00-04:00,211.25,212.6204,210.0,212.105,3058471
MRVL,2026-08-31 11:30:00-04:00,212.08,212.12,209.53,211.23,2416174
MRVL,2026-08-31 12:30:00-04:00,211.2,211.68,210.1001,210.105,1463602
MRVL,2026-08-31 13:30:00-04:00,210.11,211.55,209.93,211.32,1748372
MRVL,2026-08-31 14:30:00-04:00,211.3584,211.5469,210.2,211.035,1745388
MRVL,2026-08-31 15:30:00-04:00,211.035,212.13,210.87,211.64,2295120
MRVL,2026-09-01 09:30:00-04:00,205.0517,206.46,200.62,205.6,7644176
MRVL,2026-09-01 10:30:00-04:00,205.625,208.89,205.6,208.655,3158895
MRVL,2026-09-01 11:30:00-04:00,208.6501,210.03,208.06,208.92,1982464
MRVL,2026-09-01 12:30:00-04:00,208.8,209.15,207.91,209.115,1476088
MRVL,2026-09-01 13:30:00-04:00,209.06,209.25,208.01,208.385,974832
MRVL,2026-09-01 14:30:00-04:00,208.38,209.7899,207.25,209.645,1326618
MRVL,2026-09-01 15:30:00-04:00,209.645,210.45,208.9001,210.36,1940273
MRVL,2026-09-02 09:30:00-04:00,205.55,208.49,203.5,206.95,5143051
MRVL,2026-09-02 10:30:00-04:00,206.95,208.19,204.45,205.92,1923647
MRVL,2026-09-02 11:30:00-04:00,205.86,206.89,205.56,205.81,1412374
MRVL,2026-09-02 12:30:00-04:00,205.81,206.4299,205.5388,205.82,863942
MRVL,2026-09-02 13:30:00-04:00,205.86,207.2298,205.8,207.21,916972
MRVL,2026-09-02 14:30:00-04:00,207.2001,207.78,206.585,206.825,1241517
MRVL,2026-09-02 15:30:00-04:00,206.77,207.16,206.05,206.25,1605866
MRVL,2026-09-03 09:30:00-04:00,204.112,208.3595,201.1021,207.75,4684508
MRVL,2026-09-03 10:30:00-04:00,207.65,211.51,206.16,211.32,2441741
MRVL,2026-09-03 11:30:00-04:00,211.39,212.77,210.85,211.42,1878557
MRVL,2026-09-03 12:30:00-04:00,211.52,212.05,210.75,210.98,1271536
MRVL,2026-09-03 13:30:00-04:00,210.965,211.94,210.25,211.71,925100
MRVL,2026-09-03 14:30:00-04:00,211.7,212.32,210.45,210.59,1202920
MRVL,2026-09-03 15:30:00-04:00,210.61,210.84,206.23,208.85,3492089
HIMX,2026-07-06 09:30:00-04:00,13.64,14.37,13.52,14.3,867878
HIMX,2026-07-06 10:30:00-04:00,14.31,14.42,14.16,14.29,347233
HIMX,2026-07-06 11:30:00-04:00,14.3,14.76,14.3,14.76,497994
HIMX,2026-07-06 12:30:00-04:00,14.762,14.821,14.36,14.37,259765
HIMX,2026-07-06 13:30:00-04:00,14.37,14.39,14.25,14.31,119993
HIMX,2026-07-06 14:30:00-04:00,14.3,14.455,14.265,14.4195,154855
HIMX,2026-07-06 15:30:00-04:00,14.4,14.4,14.22,14.305,323362
HIMX,2026-07-07 09:30:00-04:00,13.412,13.98,13.3,13.4,750199
HIMX,2026-07-07 10:30:00-04:00,13.39,13.84,13.2,13.79,1048193
HIMX,2026-07-07 11:30:00-04:00,13.82,14.12,13.72,14.085,351349
HIMX,2026-07-07 12:30:00-04:00,14.08,14.2,13.955,14.09,183531
HIMX,2026-07-07 13:30:00-04:00,14.11,14.3899,14.0511,14.2,403078
HIMX,2026-07-07 14:30:00-04:00,14.19,14.21,13.94,14.0306,358477
HIMX,2026-07-07 15:30:00-04:00,14.03,14.08,13.895,14.05,438180
HIMX,2026-07-08 09:30:00-04:00,13.9,14.93,13.855,14.445,713292
HIMX,2026-07-08 10:30:00-04:00,14.41,14.66,14.18,14.195,362465
HIMX,2026-07-08 11:30:00-04:00,14.195,14.5243,14.165,14.485,203782
HIMX,2026-07-08 12:30:00-04:00,14.485,14.86,14.42,14.84,416915
HIMX,2026-07-08 13:30:00-04:00,14.86,14.976,14.68,14.9101,398149
HIMX,2026-07-08 14:30:00-04:00,14.91,14.94,14.83,14.89,215731
HIMX,2026-07-08 15:30:00-04:00,14.8999,14.98,14.79,14.8921,374706
HIMX,2026-07-09 09:30:00-04:00,15.75,15.8,15.18,15.51,764050
HIMX,2026-07-09 10:30:00-04:00,15.54,16.07,15.48,15.925,671555
HIMX,2026-07-09 11:30:00-04:00,15.91,15.935,15.69,15.69,210525
HIMX,2026-07-09 12:30:00-04:00,15.6809,15.8794,15.64,15.815,129660
HIMX,2026-07-09 13:30:00-04:00,15.82,15.98,15.805,15.81,283991
HIMX,2026-07-09 14:30:00-04:00,15.82,15.94,15.77,15.79,384164
HIMX,2026-07-09 15:30:00-04:00,15.76,15.815,15.67,15.715,366832
HIMX,2026-07-10 09:30:00-04:00,15.49,15.65,15.17,15.3,357849
HIMX,2026-07-10 10:30:00-04:00,15.31,15.39,15.12,15.34,124237
HIMX,2026-07-10 11:30:00-04:00,15.3399,15.3399,15.14,15.31,130635
HIMX,2026-07-10 12:30:00-04:00,15.325,15.35,15.2305,15.306,38668
HIMX,2026-07-10 13:30:00-04:00,15.315,15.35,15.15,15.185,63611
HIMX,2026-07-10 14:30:00-04:00,15.185,15.2,15.1,15.1,103987
HIMX,2026-07-10 15:30:00-04:00,15.11,15.27,15.085,15.225,166807
HIMX,2026-07-13 09:30:00-04:00,14.7,14.8,14.29,14.625,352596
HIMX,2026-07-13 10:30:00-04:00,14.65,14.69,14.445,14.63,174643
HIMX,2026-07-13 11:30:00-04:00,14.59,14.6899,14.3401,14.355,183038
HIMX,2026-07-13 12:30:00-04:00,14.35,14.35,14.19,14.22,167592
HIMX,2026-07-13 13:30:00-04:00,14.22,14.28,14.14,14.15,214918
HIMX,2026-07-13 14:30:00-04:00,14.14,14.211,14.09,14.13,179142
HIMX,2026-07-13 15:30:00-04:00,14.12,14.29,14.1,14.265,311054
HIMX,2026-07-14 09:30:00-04:00,14.82,14.85,13.93,13.97,426269
HIMX,2026-07-14 10:30:00-04:00,13.94,14.1487,13.89,14.1,241435
HIMX,2026-07-14 11:30:00-04:00,14.08,14.13,14.0,14.1074,117598
HIMX,2026-07-14 12:30:00-04:00,14.09,14.12,14.0,14.06,109622
HIMX,2026-07-14 13:30:00-04:00,14.06,14.15,14.04,14.095,135221
HIMX,2026-07-14 14:30:00-04:00,14.09,14.13,14.01,14.03,81469
HIMX,2026-07-14 15:30:00-04:00,14.01,14.185,14.01,14.11,347312
HIMX,2026-07-15 09:30:00-04:00,14.35,14.41,14.01,14.06,194230
HIMX,2026-07-15 10:30:00-04:00,14.075,14.075,13.7,13.83,332822
HIMX,2026-07-15 11:30:00-04:00,13.8171,13.87,13.59,13.62,119307
HIMX,2026-07-15 12:30:00-04:00,13.62,13.81,13.53,13.78,124534
HIMX,2026-07-15 13:30:00-04:00,13.79,14.0399,13.775,13.93,139906
HIMX,2026-07-15 14:30:00-04:00,13.92,13.95,13.83,13.91,86057
HIMX,2026-07-15 15:30:00-04:00,13.92,13.98,13.88,13.92,182621
HIMX,2026-07-16 09:30:00-04:00,13.485,13.55,13.12,13.3,468882
HIMX,2026-07-16 10:30:00-04:00,13.295,13.295,13.14,13.235,158702
HIMX,2026-07-16 11:30:00-04:00,13.23,13.92,13.06,13.15,192658
HIMX,2026-07-16 12:30:00-04:00,13.16,13.17,13.03,13.055,196238
HIMX,2026-07-16 13:30:00-04:00,13.07,13.07,12.915,13.0,287893
HIMX,2026-07-16 14:30:00-04:00,12.99,12.99,12.845,12.925,307873
HIMX,2026-07-16 15:30:00-04:00,12.925,12.96,12.82,12.89,352445
HIMX,2026-07-17 09:30:00-04:00,12.245,12.76,12.085,12.67,502800
HIMX,2026-07-17 10:30:00-04:00,12.65,12.7399,12.56,12.63,125296
HIMX,2026-07-17 11:30:00-04:00,12.635,13.025,12.59,12.87,179035
HIMX,2026-07-17 12:30:00-04:00,12.86,13.11,12.84,13.0999,93493
HIMX,2026-07-17 13:30:00-04:00,13.1,13.1,12.87,12.895,98468
HIMX,2026-07-17 14:30:00-04:00,12.92,12.95,12.77,12.8465,87393
HIMX,2026-07-17 15:30:00-04:00,12.87,12.91,12.791,12.795,146896
HIMX,2026-07-20 09:30:00-04:00,13.264,13.2699,12.7,12.9,287217
HIMX,2026-07-20 10:30:00-04:00,12.91,12.95,12.74,12.87,132307
HIMX,2026-07-20 11:30:00-04:00,12.9,12.9299,12.81,12.865,128968
HIMX,2026-07-20 12:30:00-04:00,12.8899,12.8899,12.73,12.73,78447
HIMX,2026-07-20 13:30:00-04:00,12.7201,12.865,12.7201,12.81,89953
HIMX,2026-07-20 14:30:00-04:00,12.8,12.815,12.63,12.69,141316
HIMX,2026-07-20 15:30:00-04:00,12.7,12.73,12.64,12.67,208023
HIMX,2026-07-21 09:30:00-04:00,13.3,13.509,13.17,13.505,350115
HIMX,2026-07-21 10:30:00-04:00,13.5,13.61,13.46,13.575,202869
HIMX,2026-07-21 11:30:00-04:00,13.57,13.7,13.51,13.61,144521
HIMX,2026-07-21 12:30:00-04:00,13.61,13.7,13.58,13.6,89806
HIMX,2026-07-21 13:30:00-04:00,13.61,13.67,13.56,13.62,139147
HIMX,2026-07-21 14:30:00-04:00,13.6499,13.67,13.55,13.57,132623
HIMX,2026-07-21 15:30:00-04:00,13.57,13.74,13.57,13.68,233025
HIMX,2026-07-22 09:30:00-04:00,13.25,13.87,13.25,13.74,239051
HIMX,2026-07-22 10:30:00-04:00,13.74,13.88,13.62,13.83,122919
HIMX,2026-07-22 11:30:00-04:00,13.8598,13.8598,13.67,13.7,108049
HIMX,2026-07-22 12:30:00-04:00,13.72,13.85,13.68,13.77,93980
HIMX,2026-07-22 13:30:00-04:00,13.77,13.77,13.64,13.64,77233
HIMX,2026-07-22 14:30:00-04:00,13.655,13.695,13.58,13.615,87089
HIMX,2026-07-22 15:30:00-04:00,13.6,13.66,13.54,13.61,192755
HIMX,2026-07-23 09:30:00-04:00,13.335,13.72,13.28,13.58,221469
HIMX,2026-07-23 10:30:00-04:00,13.6045,13.62,13.05,13.095,220581
HIMX,2026-07-23 11:30:00-04:00,13.0865,13.31,13.0803,13.31,62317
HIMX,2026-07-23 12:30:00-04:00,13.322,13.37,13.18,13.295,89757
HIMX,2026-07-23 13:30:00-04:00,13.29,13.3,13.1,13.135,53899
HIMX,2026-07-23 14:30:00-04:00,13.135,13.289,13.135,13.27,65290
HIMX,2026-07-23 15:30:00-04:00,13.3,13.32,13.17,13.26,168492
HIMX,2026-07-24 09:30:00-04:00,13.06,13.1542,12.6,12.7,223996
HIMX,2026-07-24 10:30:00-04:00,12.67,12.83,12.47,12.75,211463
HIMX,2026-07-24 11:30:00-04:00,12.745,12.97,12.745,12.875,47947
HIMX,2026-07-24 12:30:00-04:00,12.83,12.86,12.73,12.815,41308
HIMX,2026-07-24 13:30:00-04:00,12.83,12.87,12.67,12.67,44392
HIMX,2026-07-24 14:30:00-04:00,12.675,12.675,12.5,12.59,68750
HIMX,2026-07-24 15:30:00-04:00,12.595,12.63,12.5,12.63,205252
HIMX,2026-07-27 09:30:00-04:00,12.71,12.81,12.28,12.285,141768
HIMX,2026-07-27 10:30:00-04:00,12.29,12.445,12.095,12.2,152416
HIMX,2026-07-27 11:30:00-04:00,12.22,12.43,12.1301,12.39,77899
HIMX,2026-07-27 12:30:00-04:00,12.43,12.4785,12.28,12.3,50427
HIMX,2026-07-27 13:30:00-04:00,12.3,12.41,12.3,12.375,76871
HIMX,2026-07-27 14:30:00-04:00,12.36,12.71,12.34,12.705,96070
HIMX,2026-07-27 15:30:00-04:00,12.72,12.75,12.5875,12.72,194112
HIMX,2026-07-28 09:30:00-04:00,12.07,12.2,11.55,11.6,742228
HIMX,2026-07-28 10:30:00-04:00,11.63,11.98,11.61,11.9499,334441
HIMX,2026-07-28 11:30:00-04:00,11.91,12.16,11.91,12.012,134566
HIMX,2026-07-28 12:30:00-04:00,11.95,12.09,11.92,11.995,105139
HIMX,2026-07-28 13:30:00-04:00,11.98,12.02,11.87,11.9,87852
HIMX,2026-07-28 14:30:00-04:00,11.8991,12.11,11.88,12.1,121765
HIMX,2026-07-28 15:30:00-04:00,12.1,12.1228,11.95,11.97,257661
HIMX,2026-07-29 09:30:00-04:00,11.99,12.1987,11.48,11.545,186223
HIMX,2026-07-29 10:30:00-04:00,11.5115,11.7496,11.5115,11.615,131738
HIMX,2026-07-29 11:30:00-04:00,11.61,11.63,11.39,11.53,325969
HIMX,2026-07-29 12:30:00-04:00,11.538,11.725,11.4426,11.655,96424
HIMX,2026-07-29 13:30:00-04:00,11.655,11.94,11.625,11.77,79308
HIMX,2026-07-29 14:30:00-04:00,11.8,12.15,11.7,11.87,287028
HIMX,2026-07-29 15:30:00-04:00,11.91,11.9999,11.615,11.645,541518
HIMX,2026-07-30 09:30:00-04:00,12.2,12.59,12.15,12.57,339859
HIMX,2026-07-30 10:30:00-04:00,12.54,12.5898,12.235,12.35,196777
HIMX,2026-07-30 11:30:00-04:00,12.35,12.53,12.35,12.48,142693
HIMX,2026-07-30 12:30:00-04:00,12.46,12.55,12.37,12.48,90718
HIMX,2026-07-30 13:30:00-04:00,12.49,12.555,12.451,12.48,172420
HIMX,2026-07-30 14:30:00-04:00,12.485,12.625,12.44,12.53,149226
HIMX,2026-07-30 15:30:00-04:00,12.53,12.645,12.51,12.52,297857
HIMX,2026-07-31 09:30:00-04:00,12.945,13.16,12.34,12.585,326692
HIMX,2026-07-31 10:30:00-04:00,12.6,12.72,12.43,12.43,137935
HIMX,2026-07-31 11:30:00-04:00,12.48,12.57,12.395,12.5,126201
HIMX,2026-07-31 12:30:00-04:00,12.505,12.66,12.5,12.63,132804
HIMX,2026-07-31 13:30:00-04:00,12.63,12.71,12.585,12.62,189580
HIMX,2026-07-31 14:30:00-04:00,12.625,12.71,12.625,12.63,241964
HIMX,2026-07-31 15:30:00-04:00,12.63,12.67,12.54,12.55,335075
HIMX,2026-08-03 09:30:00-04:00,12.02,12.75,12.01,12.71,501976
HIMX,2026-08-03 10:30:00-04:00,12.705,12.95,12.64,12.65,236150
HIMX,2026-08-03 11:30:00-04:00,12.645,12.857,12.6203,12.79,147050
HIMX,2026-08-03 12:30:00-04:00,12.77,12.82,12.66,12.79,58700
HIMX,2026-08-03 13:30:00-04:00,12.77,12.91,12.76,12.79,96355
HIMX,2026-08-03 14:30:00-04:00,12.79,12.84,12.75,12.775,92327
HIMX,2026-08-03 15:30:00-04:00,12.77,12.795,12.735,12.78,129492
HIMX,2026-08-04 09:30:00-04:00,13.6,14.08,13.5168,13.71,790894
HIMX,2026-08-04 10:30:00-04:00,13.735,13.855,13.71,13.79,223691
HIMX,2026-08-04 11:30:00-04:00,13.79,14.08,13.76,14.02,172929
HIMX,2026-08-04 12:30:00-04:00,14.02,14.15,13.995,14.12,217683
HIMX,2026-08-04 13:30:00-04:00,14.138,14.1795,14.04,14.17,263189
HIMX,2026-08-04 14:30:00-04:00,14.15,14.25,14.11,14.22,288565
HIMX,2026-08-04 15:30:00-04:00,14.22,14.31,14.17,14.19,449837
HIMX,2026-08-05 09:30:00-04:00,13.602,13.99,13.58,13.65,416883
HIMX,2026-08-05 10:30:00-04:00,13.65,13.65,13.4,13.51,478957
HIMX,2026-08-05 11:30:00-04:00,13.52,13.65,13.435,13.57,193676
HIMX,2026-08-05 12:30:00-04:00,13.56,13.62,13.4542,13.51,234996
HIMX,2026-08-05 13:30:00-04:00,13.5,13.56,13.465,13.475,194250
HIMX,2026-08-05 14:30:00-04:00,13.47,13.48,13.38,13.4599,210010
HIMX,2026-08-05 15:30:00-04:00,13.46,13.555,13.33,13.335,362610
HIMX,2026-08-06 09:30:00-04:00,13.5496,14.34,13.3401,14.0,903317
HIMX,2026-08-06 10:30:00-04:00,14.035,14.035,13.725,13.895,593035
HIMX,2026-08-06 11:30:00-04:00,13.9292,13.94,13.55,13.57,169169
HIMX,2026-08-06 12:30:00-04:00,13.57,13.7799,13.57,13.67,108100
HIMX,2026-08-06 13:30:00-04:00,13.67,13.8464,13.61,13.76,145953
HIMX,2026-08-06 14:30:00-04:00,13.765,13.8,13.7,13.75,154608
HIMX,2026-08-06 15:30:00-04:00,13.76,13.835,13.7,13.75,307550
HIMX,2026-08-07 09:30:00-04:00,14.51,14.8,14.28,14.65,693300
HIMX,2026-08-07 10:30:00-04:00,14.63,14.63,14.38,14.52,316744
HIMX,2026-08-07 11:30:00-04:00,14.53,14.64,14.48,14.52,166131
HIMX,2026-08-07 12:30:00-04:00,14.5001,14.51,14.4,14.46,143322
HIMX,2026-08-07 13:30:00-04:00,14.45,14.465,14.32,14.32,111341
HIMX,2026-08-07 14:30:00-04:00,14.32,14.5695,14.31,14.56,173557
HIMX,2026-08-07 15:30:00-04:00,14.55,14.63,14.47,14.63,377069
HIMX,2026-08-10 09:30:00-04:00,14.75,15.35,14.6,15.35,750408
HIMX,2026-08-10 10:30:00-04:00,15.3253,15.3789,14.9,14.97,433076
HIMX,2026-08-10 11:30:00-04:00,14.95,15.025,14.83,14.85,145800
HIMX,2026-08-10 12:30:00-04:00,14.83,14.96,14.76,14.91,113298
HIMX,2026-08-10 13:30:00-04:00,14.92,14.95,14.87,14.88,141830
HIMX,2026-08-10 14:30:00-04:00,14.9,15.0,14.85,15.0,122869
HIMX,2026-08-10 15:30:00-04:00,14.98,14.98,14.715,14.72,313716
HIMX,2026-08-11 09:30:00-04:00,15.0,15.26,14.725,15.18,288323
HIMX,2026-08-11 10:30:00-04:00,15.18,15.215,14.97,15.03,238497
HIMX,2026-08-11 11:30:00-04:00,15.025,15.065,14.96,14.98,118752
HIMX,2026-08-11 12:30:00-04:00,14.99,15.09,14.97,15.08,81046
HIMX,2026-08-11 13:30:00-04:00,15.0825,15.11,15.0,15.0,56574
HIMX,2026-08-11 14:30:00-04:00,14.99,15.06,14.94,14.94,59118
HIMX,2026-08-11 15:30:00-04:00,14.955,15.02,14.91,15.0,276214
HIMX,2026-08-12 09:30:00-04:00,15.5,15.6,15.01,15.22,437039
HIMX,2026-08-12 10:30:00-04:00,15.22,15.22,15.0001,15.035,166677
HIMX,2026-08-12 11:30:00-04:00,15.035,15.11,14.97,15.085,233091
HIMX,2026-08-12 12:30:00-04:00,15.085,15.13,15.06,15.12,67970
HIMX,2026-08-12 13:30:00-04:00,15.12,15.2,15.09,15.12,85779
HIMX,2026-08-12 14:30:00-04:00,15.13,15.18,15.1,15.12,92531
HIMX,2026-08-12 15:30:00-04:00,15.13,15.135,15.04,15.08,204241
HIMX,2026-08-13 09:30:00-04:00,14.91,15.385,14.8,15.19,378056
HIMX,2026-08-13 10:30:00-04:00,15.1999,15.2802,15.14,15.15,196880
HIMX,2026-08-13 11:30:00-04:00,15.1401,15.16,14.975,15.055,162359
HIMX,2026-08-13 12:30:00-04:00,15.06,15.08,14.99,15.015,179083
HIMX,2026-08-13 13:30:00-04:00,15.01,15.01,14.81,14.84,113950
HIMX,2026-08-13 14:30:00-04:00,14.835,14.865,14.72,14.72,118087
HIMX,2026-08-13 15:30:00-04:00,14.72,14.75,14.59,14.655,191110
HIMX,2026-08-14 09:30:00-04:00,14.7,15.05,14.67,14.82,184620
HIMX,2026-08-14 10:30:00-04:00,14.79,14.96,14.65,14.73,111972
HIMX,2026-08-14 11:30:00-04:00,14.73,14.96,14.7,14.93,61909
HIMX,2026-08-14 12:30:00-04:00,14.93,15.02,14.92,15.02,71312
HIMX,2026-08-14 13:30:00-04:00,15.01,15.09,15.0,15.09,56091
HIMX,2026-08-14 14:30:00-04:00,15.1,15.235,15.07,15.23,113430
HIMX,2026-08-14 15:30:00-04:00,15.23,15.26,15.18,15.225,164863
HIMX,2026-08-17 09:30:00-04:00,15.5,15.6,15.2711,15.58,228278
HIMX,2026-08-17 10:30:00-04:00,15.57,15.745,15.555,15.675,162494
HIMX,2026-08-17 11:30:00-04:00,15.66,15.73,15.57,15.57,114232
HIMX,2026-08-17 12:30:00-04:00,15.56,15.5699,15.4126,15.47,80969
HIMX,2026-08-17 13:30:00-04:00,15.47,15.53,15.4114,15.425,45962
HIMX,2026-08-17 14:30:00-04:00,15.45,15.541,15.39,15.43,68352
HIMX,2026-08-17 15:30:00-04:00,15.421,15.475,15.37,15.4,148047
HIMX,2026-08-18 09:30:00-04:00,14.55,14.82,14.36,14.48,397030
HIMX,2026-08-18 10:30:00-04:00,14.485,14.49,14.21,14.32,168261
HIMX,2026-08-18 11:30:00-04:00,14.32,14.389,14.255,14.26,75097
HIMX,2026-08-18 12:30:00-04:00,14.25,14.35,14.24,14.28,111750
HIMX,2026-08-18 13:30:00-04:00,14.3,14.3,14.2,14.28,96394
HIMX,2026-08-18 14:30:00-04:00,14.27,14.4,14.26,14.38,62053
HIMX,2026-08-18 15:30:00-04:00,14.36,14.4,14.29,14.37,162701
HIMX,2026-08-19 09:30:00-04:00,14.51,14.51,13.7,13.86,261643
HIMX,2026-08-19 10:30:00-04:00,13.86,14.01,13.8301,13.985,92207
HIMX,2026-08-19 11:30:00-04:00,13.98,14.03,13.86,14.0,58252
HIMX,2026-08-19 12:30:00-04:00,13.97,14.03,13.92,13.93,68169
HIMX,2026-08-19 13:30:00-04:00,13.9202,13.935,13.8199,13.89,90323
HIMX,2026-08-19 14:30:00-04:00,13.9098,13.96,13.865,13.9,70075
HIMX,2026-08-19 15:30:00-04:00,13.92,13.94,13.83,13.895,194568
HIMX,2026-08-20 09:30:00-04:00,13.84,14.0899,13.57,13.64,157760
HIMX,2026-08-20 10:30:00-04:00,13.635,13.7399,13.545,13.585,110344
HIMX,2026-08-20 11:30:00-04:00,13.57,13.58,13.43,13.52,112055
HIMX,2026-08-20 12:30:00-04:00,13.52,13.595,13.48,13.57,43846
HIMX,2026-08-20 13:30:00-04:00,13.58,13.645,13.54,13.57,65472
HIMX,2026-08-20 14:30:00-04:00,13.565,13.73,13.54,13.7155,70772
HIMX,2026-08-20 15:30:00-04:00,13.7,13.7,13.59,13.66,286554
HIMX,2026-08-21 09:30:00-04:00,13.91,13.93,13.4301,13.56,105921
HIMX,2026-08-21 10:30:00-04:00,13.555,13.61,13.38,13.57,83675
HIMX,2026-08-21 11:30:00-04:00,13.59,13.7799,13.56,13.73,95058
HIMX,2026-08-21 12:30:00-04:00,13.71,13.98,13.64,13.8798,434608
HIMX,2026-08-21 13:30:00-04:00,13.9,13.93,13.81,13.88,167541
HIMX,2026-08-21 14:30:00-04:00,13.8799,13.88,13.81,13.85,75330
HIMX,2026-08-21 15:30:00-04:00,13.84,13.855,13.76,13.785,163517
HIMX,2026-08-24 09:30:00-04:00,13.39,13.46,13.14,13.32,223900
HIMX,2026-08-24 10:30:00-04:00,13.35,13.4,13.21,13.34,71706
HIMX,2026-08-24 11:30:00-04:00,13.34,13.54,13.33,13.5,93078
HIMX,2026-08-24 12:30:00-04:00,13.5,13.5,13.41,13.42,55482
HIMX,2026-08-24 13:30:00-04:00,13.41,13.61,13.39,13.59,78074
HIMX,2026-08-24 14:30:00-04:00,13.58,13.6,13.48,13.515,135199
HIMX,2026-08-24 15:30:00-04:00,13.52,13.53,13.395,13.42,239654
HIMX,2026-08-25 09:30:00-04:00,13.92,14.02,13.64,13.7314,193523
HIMX,2026-08-25 10:30:00-04:00,13.75,13.8,13.72,13.8,69167
HIMX,2026-08-25 11:30:00-04:00,13.8,13.8,13.74,13.7932,36891
HIMX,2026-08-25 12:30:00-04:00,13.78,13.79,13.75,13.7655,38991
HIMX,2026-08-25 13:30:00-04:00,13.74,13.77,13.44,13.755,92710
HIMX,2026-08-25 14:30:00-04:00,13.7555,13.782,13.675,13.7,49993
HIMX,2026-08-25 15:30:00-04:00,13.69,13.73,13.64,13.67,160499
HIMX,2026-08-26 09:30:00-04:00,13.79,13.82,13.49,13.53,69035
HIMX,2026-08-26 10:30:00-04:00,13.53,13.6,13.52,13.595,53730
HIMX,2026-08-26 11:30:00-04:00,13.59,13.66,13.58,13.61,28008
HIMX,2026-08-26 12:30:00-04:00,13.63,13.8,13.6,13.75,117056
HIMX,2026-08-26 13:30:00-04:00,13.77,13.82,13.77,13.7801,51910
HIMX,2026-08-26 14:30:00-04:00,13.8,13.89,13.7929,13.85,48875
HIMX,2026-08-26 15:30:00-04:00,13.84,13.845,13.76,13.84,84317
HIMX,2026-08-27 09:30:00-04:00,14.36,14.4,13.9603,14.18,186636
HIMX,2026-08-27 10:30:00-04:00,14.1022,14.12,14.0,14.02,83184
HIMX,2026-08-27 11:30:00-04:00,14.03,14.14,13.9605,14.11,78322
HIMX,2026-08-27 12:30:00-04:00,14.095,14.15,14.05,14.0699,54986
HIMX,2026-08-27 13:30:00-04:00,14.0699,14.0699,13.97,13.98,40403
HIMX,2026-08-27 14:30:00-04:00,13.99,14.03,13.98,13.98,33573
HIMX,2026-08-27 15:30:00-04:00,13.97,14.085,13.97,14.065,179977
HIMX,2026-08-28 09:30:00-04:00,13.91,13.97,13.7501,13.91,103758
HIMX,2026-08-28 10:30:00-04:00,13.95,13.96,13.83,13.89,77050
HIMX,2026-08-28 11:30:00-04:00,13.885,13.885,13.6,13.66,82551
HIMX,2026-08-28 12:30:00-04:00,13.66,13.7,13.61,13.66,47989
HIMX,2026-08-28 13:30:00-04:00,13.65,13.69,13.62,13.62,95341
HIMX,2026-08-28 14:30:00-04:00,13.62,13.665,13.56,13.655,64168
HIMX,2026-08-28 15:30:00-04:00,13.65,13.65,13.59,13.63,150208
HIMX,2026-08-31 09:30:00-04:00,13.84,13.91,13.66,13.81,130734
HIMX,2026-08-31 10:30:00-04:00,13.8199,13.82,13.63,13.67,84493
HIMX,2026-08-31 11:30:00-04:00,13.64,13.6491,13.565,13.61,52913
HIMX,2026-08-31 12:30:00-04:00,13.62,13.65,13.6,13.61,31834
HIMX,2026-08-31 13:30:00-04:00,13.6099,13.68,13.6099,13.65,37174
HIMX,2026-08-31 14:30:00-04:00,13.655,13.67,13.6125,13.66,37719
HIMX,2026-08-31 15:30:00-04:00,13.655,13.715,13.63,13.71,115024
HIMX,2026-09-01 09:30:00-04:00,13.32,13.4964,13.22,13.265,201156
HIMX,2026-09-01 10:30:00-04:00,13.28,13.38,13.24,13.3,94026
HIMX,2026-09-01 11:30:00-04:00,13.31,13.3995,13.28,13.28,32175
HIMX,2026-09-01 12:30:00-04:00,13.28,13.3792,13.26,13.34,57716
HIMX,2026-09-01 13:30:00-04:00,13.34,13.37,13.27,13.3,66080
HIMX,2026-09-01 14:30:00-04:00,13.31,13.46,13.27,13.45,59817
HIMX,2026-09-01 15:30:00-04:00,13.44,13.445,13.375,13.42,133123
HIMX,2026-09-02 09:30:00-04:00,13.38,13.57,13.3303,13.47,109875
HIMX,2026-09-02 10:30:00-04:00,13.48,13.5499,13.35,13.4,64360
HIMX,2026-09-02 11:30:00-04:00,13.4,13.42,13.35,13.36,41147
HIMX,2026-09-02 12:30:00-04:00,13.37,13.4,13.33,13.3501,37233
HIMX,2026-09-02 13:30:00-04:00,13.37,13.46,13.36,13.46,34298
HIMX,2026-09-02 14:30:00-04:00,13.45,13.52,13.44,13.51,38319
HIMX,2026-09-02 15:30:00-04:00,13.5001,13.53,13.48,13.5,71930
HIMX,2026-09-03 09:30:00-04:00,13.33,13.51,13.22,13.4,121845
HIMX,2026-09-03 10:30:00-04:00,13.39,13.58,13.35,13.58,90295
HIMX,2026-09-03 11:30:00-04:00,13.555,13.6189,13.5101,13.55,57976
HIMX,2026-09-03 12:30:00-04:00,13.507,13.57,13.49,13.49,33704
HIMX,2026-09-03 13:30:00-04:00,13.4986,13.5599,13.4986,13.525,31214
HIMX,2026-09-03 14:30:00-04:00,13.53,13.54,13.49,13.51,25420
HIMX,2026-09-03 15:30:00-04:00,13.52,13.56,13.49,13.55,109861
NVDA,2026-07-06 09:30:00-04:00,194.39,197.42,194.0,196.574,24790156
NVDA,2026-07-06 10:30:00-04:00,196.5899,196.76,195.36,196.5135,11070371
NVDA,2026-07-06 11:30:00-04:00,196.5,197.55,196.03,197.0,10338717
NVDA,2026-07-06 12:30:00-04:00,197.0051,197.24,195.85,195.97,7095621
NVDA,2026-07-06 13:30:00-04:00,195.97,196.67,195.63,196.27,7308554
NVDA,2026-07-06 14:30:00-04:00,196.27,197.14,196.04,196.85,7906694
NVDA,2026-07-06 15:30:00-04:00,196.855,197.035,195.42,195.575,11769018
NVDA,2026-07-07 09:30:00-04:00,192.37,193.5,191.44,191.8601,30891972
NVDA,2026-07-07 10:30:00-04:00,191.87,193.365,191.15,193.05,14107434
NVDA,2026-07-07 11:30:00-04:00,193.05,197.59,192.8001,197.39,16102972
NVDA,2026-07-07 12:30:00-04:00,197.3895,198.41,196.631,197.44,15688038
NVDA,2026-07-07 13:30:00-04:00,197.43,198.25,197.22,197.275,8714306
NVDA,2026-07-07 14:30:00-04:00,197.28,197.65,195.7,196.145,11148682
NVDA,2026-07-07 15:30:00-04:00,196.15,197.05,195.47,196.93,10579644
NVDA,2026-07-08 09:30:00-04:00,195.13,199.86,195.105,197.01,24772824
NVDA,2026-07-08 10:30:00-04:00,197.01,199.45,196.05,196.59,20952645
NVDA,2026-07-08 11:30:00-04:00,196.55,200.1,196.55,199.2528,13979919
NVDA,2026-07-08 12:30:00-04:00,199.26,203.129,198.9065,203.08,16353935
NVDA,2026-07-08 13:30:00-04:00,203.09,203.71,201.9,202.19,15515856
NVDA,2026-07-08 14:30:00-04:00,202.2,204.83,202.093,204.455,17705271
NVDA,2026-07-08 15:30:00-04:00,204.455,205.15,203.77,204.15,15113069
NVDA,2026-07-09 09:30:00-04:00,204.46,204.46,198.97,200.235,39934967
NVDA,2026-07-09 10:30:00-04:00,200.2485,202.2,199.31,201.72,16617266
NVDA,2026-07-09 11:30:00-04:00,201.74,202.5085,201.1703,202.1763,12019513
NVDA,2026-07-09 12:30:00-04:00,202.19,203.33,201.64,202.83,9438328
NVDA,2026-07-09 13:30:00-04:00,202.83,203.55,202.77,203.51,8857216
NVDA,2026-07-09 14:30:00-04:00,203.53,204.58,202.97,203.79,12628428
NVDA,2026-07-09 15:30:00-04:00,203.78,204.13,202.59,202.73,9554841
NVDA,2026-07-10 09:30:00-04:00,201.92,208.14,201.92,207.3,36233936
NVDA,2026-07-10 10:30:00-04:00,207.29,208.8,205.72,208.57,20223518
NVDA,2026-07-10 11:30:00-04:00,208.59,210.56,207.66,209.79,21713068
NVDA,2026-07-10 12:30:00-04:00,209.795,210.38,209.41,210.19,11647482
NVDA,2026-07-10 13:30:00-04:00,210.19,210.8799,209.93,210.31,13804151
NVDA,2026-07-10 14:30:00-04:00,210.32,210.7399,209.74,209.9661,13506969
NVDA,2026-07-10 15:30:00-04:00,209.97,211.0,209.56,210.95,13007287
NVDA,2026-07-13 09:30:00-04:00,208.54,210.57,207.02,208.63,27014241
NVDA,2026-07-13 10:30:00-04:00,208.63,208.88,206.64,207.805,13323007
NVDA,2026-07-13 11:30:00-04:00,207.81,208.03,205.57,205.92,11983424
NVDA,2026-07-13 12:30:00-04:00,205.92,205.92,203.84,204.24,12908962
NVDA,2026-07-13 13:30:00-04:00,204.25,204.45,203.47,203.63,10329870
NVDA,2026-07-13 14:30:00-04:00,203.615,204.5,203.35,203.83,9793873
NVDA,2026-07-13 15:30:00-04:00,203.85,204.5,203.42,203.48,11656158
NVDA,2026-07-14 09:30:00-04:00,208.2,208.34,203.8,205.5322,25632188
NVDA,2026-07-14 10:30:00-04:00,205.54,209.14,205.25,209.1,14604201
NVDA,2026-07-14 11:30:00-04:00,209.12,209.585,208.3101,209.555,12188634
NVDA,2026-07-14 12:30:00-04:00,209.56,211.52,209.3,211.03,15022566
NVDA,2026-07-14 13:30:00-04:00,211.03,212.1,210.51,211.7797,11128924
NVDA,2026-07-14 14:30:00-04:00,211.78,212.54,211.26,211.275,11614521
NVDA,2026-07-14 15:30:00-04:00,211.28,212.3,211.02,211.8,12017876
NVDA,2026-07-15 09:30:00-04:00,212.01,213.81,209.36,210.68,24516818
NVDA,2026-07-15 10:30:00-04:00,210.68,210.82,208.37,209.5,14631685
NVDA,2026-07-15 11:30:00-04:00,209.505,209.7378,206.52,206.86,15327331
NVDA,2026-07-15 12:30:00-04:00,206.855,209.1099,206.04,209.03,13390113
NVDA,2026-07-15 13:30:00-04:00,209.03,211.0,208.86,210.47,10112385
NVDA,2026-07-15 14:30:00-04:00,210.49,212.01,209.85,210.9685,11623451
NVDA,2026-07-15 15:30:00-04:00,211.0,212.5693,210.91,212.49,11587685
NVDA,2026-07-16 09:30:00-04:00,210.265,211.08,207.18,208.9699,24620465
NVDA,2026-07-16 10:30:00-04:00,208.95,209.15,205.85,207.06,18003767
NVDA,2026-07-16 11:30:00-04:00,207.03,212.5,206.4644,207.22,10939067
NVDA,2026-07-16 12:30:00-04:00,207.23,207.815,206.62,207.3226,8899771
NVDA,2026-07-16 13:30:00-04:00,207.33,207.45,205.875,206.89,11882319
NVDA,2026-07-16 14:30:00-04:00,206.88,207.66,206.14,206.47,9956016
NVDA,2026-07-16 15:30:00-04:00,206.46,207.54,205.94,207.47,14191211
NVDA,2026-07-17 09:30:00-04:00,202.735,206.2,197.97,203.8,54332090
NVDA,2026-07-17 10:30:00-04:00,203.82,204.645,202.37,203.925,16729585
NVDA,2026-07-17 11:30:00-04:00,203.925,205.3999,203.84,204.835,13260696
NVDA,2026-07-17 12:30:00-04:00,204.825,206.645,204.56,206.135,10360412
NVDA,2026-07-17 13:30:00-04:00,206.14,206.23,202.99,203.3958,9230035
NVDA,2026-07-17 14:30:00-04:00,203.36,203.9,201.6301,202.965,11831616
NVDA,2026-07-17 15:30:00-04:00,202.97,203.82,202.52,202.64,11012934
NVDA,2026-07-20 09:30:00-04:00,205.975,207.74,204.66,205.935,21217575
NVDA,2026-07-20 10:30:00-04:00,205.9261,206.505,204.5801,206.49,10233874
NVDA,2026-07-20 11:30:00-04:00,206.4605,206.535,204.78,205.275,8034257
NVDA,2026-07-20 12:30:00-04:00,205.29,205.36,203.0426,203.79,8684039
NVDA,2026-07-20 13:30:00-04:00,203.79,205.015,203.6501,204.31,6310147
NVDA,2026-07-20 14:30:00-04:00,204.3106,204.315,202.28,202.9599,9559725
NVDA,2026-07-20 15:30:00-04:00,202.95,203.44,202.58,203.38,7870520
NVDA,2026-07-21 09:30:00-04:00,207.54,208.65,204.0101,205.39,24526611
NVDA,2026-07-21 10:30:00-04:00,205.37,206.73,204.7003,206.6,11920887
NVDA,2026-07-21 11:30:00-04:00,206.62,206.82,205.02,205.085,13342712
NVDA,2026-07-21 12:30:00-04:00,205.08,206.36,204.83,206.125,11789499
NVDA,2026-07-21 13:30:00-04:00,206.125,206.965,205.7112,206.25,7310358
NVDA,2026-07-21 14:30:00-04:00,206.2499,207.345,206.22,206.77,10329363
NVDA,2026-07-21 15:30:00-04:00,206.79,207.8201,206.5,207.18,10439183
NVDA,2026-07-22 09:30:00-04:00,205.805,208.23,204.95,206.7995,20545500
NVDA,2026-07-22 10:30:00-04:00,206.8,213.5459,206.45,212.2,26786013
NVDA,2026-07-22 11:30:00-04:00,212.225,214.26,211.84,213.5,19851505
NVDA,2026-07-22 12:30:00-04:00,213.49,214.39,213.2,213.76,13149669
NVDA,2026-07-22 13:30:00-04:00,213.77,214.3799,213.4601,213.74,9948041
NVDA,2026-07-22 14:30:00-04:00,213.73,214.205,212.91,213.35,11609223
NVDA,2026-07-22 15:30:00-04:00,213.35,213.4,211.72,212.0599,13401761
NVDA,2026-07-23 09:30:00-04:00,209.395,210.8687,208.05,208.576,24237343
NVDA,2026-07-23 10:30:00-04:00,208.54,209.1299,206.0401,206.38,15403198
NVDA,2026-07-23 11:30:00-04:00,206.345,209.815,205.96,209.63,11580527
NVDA,2026-07-23 12:30:00-04:00,209.64,210.43,209.18,210.13,9217654
NVDA,2026-07-23 13:30:00-04:00,210.135,210.2,208.19,208.57,7295185
NVDA,2026-07-23 14:30:00-04:00,208.5798,208.825,207.12,207.845,9313061
NVDA,2026-07-23 15:30:00-04:00,207.85,208.98,206.89,208.7,10705777
NVDA,2026-07-24 09:30:00-04:00,207.56,208.6,205.67,208.11,20305939
NVDA,2026-07-24 10:30:00-04:00,208.11,210.36,207.1,209.21,15086430
NVDA,2026-07-24 11:30:00-04:00,209.21,211.9099,208.98,210.77,14557643
NVDA,2026-07-24 12:30:00-04:00,210.775,210.88,209.52,210.25,9038412
NVDA,2026-07-24 13:30:00-04:00,210.27,210.53,207.73,207.825,7838822
NVDA,2026-07-24 14:30:00-04:00,207.83,207.8858,204.81,205.6066,17993073
NVDA,2026-07-24 15:30:00-04:00,205.6,207.18,205.29,206.96,13248396
NVDA,2026-07-27 09:30:00-04:00,208.11,208.75,198.88,198.945,34792635
NVDA,2026-07-27 10:30:00-04:00,198.95,200.0,196.77,197.065,27222128
NVDA,2026-07-27 11:30:00-04:00,197.075,198.54,195.92,197.78,18304743
NVDA,2026-07-27 12:30:00-04:00,197.78,198.15,195.44,195.57,12949732
NVDA,2026-07-27 13:30:00-04:00,195.58,197.08,195.5,196.705,10165862
NVDA,2026-07-27 14:30:00-04:00,196.695,198.02,196.09,197.73,12772277
NVDA,2026-07-27 15:30:00-04:00,197.73,197.83,196.31,196.52,13711449
NVDA,2026-07-28 09:30:00-04:00,194.95,195.455,192.74,194.09,36821242
NVDA,2026-07-28 10:30:00-04:00,194.09,197.85,193.9,196.72,20666546
NVDA,2026-07-28 11:30:00-04:00,196.7,198.7,196.44,197.28,13377269
NVDA,2026-07-28 12:30:00-04:00,197.28,198.245,196.6,197.7,10884017
NVDA,2026-07-28 13:30:00-04:00,197.6901,198.0899,196.65,196.705,6939840
NVDA,2026-07-28 14:30:00-04:00,196.705,198.03,196.5331,197.89,10170431
NVDA,2026-07-28 15:30:00-04:00,197.91,198.15,196.75,196.95,13539085
NVDA,2026-07-29 09:30:00-04:00,195.845,197.074,190.923,191.635,26776737
NVDA,2026-07-29 10:30:00-04:00,191.61,193.16,190.96,192.375,13980503
NVDA,2026-07-29 11:30:00-04:00,192.375,192.6,190.682,191.59,14222182
NVDA,2026-07-29 12:30:00-04:00,191.575,193.08,191.28,192.1695,12697362
NVDA,2026-07-29 13:30:00-04:00,192.1101,194.057,191.71,193.2,13691975
NVDA,2026-07-29 14:30:00-04:00,193.171,196.3299,192.565,193.37,15825181
NVDA,2026-07-29 15:30:00-04:00,193.38,193.755,190.02,190.06,21014144
NVDA,2026-07-30 09:30:00-04:00,193.45,197.18,191.52,196.81,33838063
NVDA,2026-07-30 10:30:00-04:00,196.81,197.25,193.435,193.51,19038422
NVDA,2026-07-30 11:30:00-04:00,193.51,194.37,192.73,193.81,13266492
NVDA,2026-07-30 12:30:00-04:00,193.81,194.015,192.68,193.62,8373037
NVDA,2026-07-30 13:30:00-04:00,193.62,194.07,193.0601,193.49,7580624
NVDA,2026-07-30 14:30:00-04:00,193.49,194.925,193.14,194.055,10395289
NVDA,2026-07-30 15:30:00-04:00,194.04,195.3255,193.99,195.15,11945984
NVDA,2026-07-31 09:30:00-04:00,198.4405,200.09,194.95,196.995,29866755
NVDA,2026-07-31 10:30:00-04:00,197.0,198.93,195.32,195.62,14917314
NVDA,2026-07-31 11:30:00-04:00,195.6,198.02,195.2387,198.02,9730128
NVDA,2026-07-31 12:30:00-04:00,198.045,199.3199,197.5,199.255,9171395
NVDA,2026-07-31 13:30:00-04:00,199.255,199.97,198.49,198.5501,9755690
NVDA,2026-07-31 14:30:00-04:00,198.595,201.12,198.26,200.305,15913383
NVDA,2026-07-31 15:30:00-04:00,200.305,201.97,199.88,200.81,19652521
NVDA,2026-08-03 09:30:00-04:00,198.5,205.72,198.09,205.3901,33652814
NVDA,2026-08-03 10:30:00-04:00,205.39,207.4,204.8001,206.415,19086003
NVDA,2026-08-03 11:30:00-04:00,206.42,207.48,206.27,207.09,11203186
NVDA,2026-08-03 12:30:00-04:00,207.0868,208.6799,206.69,208.595,9609744
NVDA,2026-08-03 13:30:00-04:00,208.5999,208.74,207.57,207.71,10728882
NVDA,2026-08-03 14:30:00-04:00,207.7,208.72,207.6,207.84,9701905
NVDA,2026-08-03 15:30:00-04:00,207.85,207.92,205.92,206.69,11942945
NVDA,2026-08-04 09:30:00-04:00,210.68,212.1709,209.115,210.2624,29989052
NVDA,2026-08-04 10:30:00-04:00,210.24,211.0399,209.05,209.9,14932802
NVDA,2026-08-04 11:30:00-04:00,209.9,210.95,209.62,210.2203,9540619
NVDA,2026-08-04 12:30:00-04:00,210.22,211.65,209.94,211.46,9087924
NVDA,2026-08-04 13:30:00-04:00,211.4699,212.65,211.04,212.56,12059709
NVDA,2026-08-04 14:30:00-04:00,212.57,213.06,212.2,212.49,13768942
NVDA,2026-08-04 15:30:00-04:00,212.485,212.98,211.81,211.84,11957434
NVDA,2026-08-05 09:30:00-04:00,216.86,222.22,216.4,220.7278,54180378
NVDA,2026-08-05 10:30:00-04:00,220.7,220.73,218.35,219.11,17737803
NVDA,2026-08-05 11:30:00-04:00,219.099,221.37,218.44,221.17,14334618
NVDA,2026-08-05 12:30:00-04:00,221.17,221.6,220.6082,221.05,12081572
NVDA,2026-08-05 13:30:00-04:00,221.06,221.8,220.5901,221.7398,9319375
NVDA,2026-08-05 14:30:00-04:00,221.74,222.18,221.17,221.835,14860918
NVDA,2026-08-05 15:30:00-04:00,221.83,221.87,218.85,219.2,15732584
NVDA,2026-08-06 09:30:00-04:00,221.53,223.6275,219.3301,219.815,33560480
NVDA,2026-08-06 10:30:00-04:00,219.8218,219.9699,217.71,218.2041,17120226
NVDA,2026-08-06 11:30:00-04:00,218.21,219.13,217.27,218.53,11943067
NVDA,2026-08-06 12:30:00-04:00,218.54,219.75,218.48,218.96,8048183
NVDA,2026-08-06 13:30:00-04:00,218.97,220.91,217.39,220.41,8250020
NVDA,2026-08-06 14:30:00-04:00,220.415,220.45,219.41,219.85,9312481
NVDA,2026-08-06 15:30:00-04:00,219.86,220.29,218.57,218.99,10008767
NVDA,2026-08-07 09:30:00-04:00,222.0,223.45,220.66,223.3499,24342350
NVDA,2026-08-07 10:30:00-04:00,223.33,224.65,222.68,224.2,15850676
NVDA,2026-08-07 11:30:00-04:00,224.21,224.76,222.25,222.45,12096313
NVDA,2026-08-07 12:30:00-04:00,222.46,222.65,221.5504,221.825,9554800
NVDA,2026-08-07 13:30:00-04:00,221.825,222.4,221.68,221.945,5864404
NVDA,2026-08-07 14:30:00-04:00,221.96,223.14,221.765,223.04,8282356
NVDA,2026-08-07 15:30:00-04:00,223.04,224.21,222.39,223.98,11686341
NVDA,2026-08-10 09:30:00-04:00,223.45,224.1379,220.18,220.4001,23836130
NVDA,2026-08-10 10:30:00-04:00,220.4,221.14,218.93,219.45,14292207
NVDA,2026-08-10 11:30:00-04:00,219.43,220.6,218.3401,218.3401,13335496
NVDA,2026-08-10 12:30:00-04:00,218.36,219.0,216.77,218.4981,17200195
NVDA,2026-08-10 13:30:00-04:00,218.4899,219.045,217.83,218.54,8173686
NVDA,2026-08-10 14:30:00-04:00,218.545,219.45,218.37,219.1488,8153843
NVDA,2026-08-10 15:30:00-04:00,219.15,219.215,217.37,217.56,10481185
NVDA,2026-08-11 09:30:00-04:00,222.15,222.2,218.83,219.575,25985660
NVDA,2026-08-11 10:30:00-04:00,219.59,220.56,218.465,219.08,12698811
NVDA,2026-08-11 11:30:00-04:00,219.09,219.38,218.25,218.67,7908260
NVDA,2026-08-11 12:30:00-04:00,218.67,219.2699,216.72,217.2851,9786776
NVDA,2026-08-11 13:30:00-04:00,217.285,217.84,216.3,216.47,7055894
NVDA,2026-08-11 14:30:00-04:00,216.48,217.97,216.4,217.855,7567601
NVDA,2026-08-11 15:30:00-04:00,217.86,218.18,216.8928,217.48,11068340
NVDA,2026-08-12 09:30:00-04:00,221.04,224.73,220.2,224.4766,32684933
NVDA,2026-08-12 10:30:00-04:00,224.45,225.1,223.35,223.8399,15909944
NVDA,2026-08-12 11:30:00-04:00,223.85,223.94,222.8901,223.22,9441156
NVDA,2026-08-12 12:30:00-04:00,223.2208,224.29,222.6701,224.1001,8219260
NVDA,2026-08-12 13:30:00-04:00,224.0905,224.22,223.17,224.12,7219140
NVDA,2026-08-12 14:30:00-04:00,224.12,224.45,222.81,223.0,7523883
NVDA,2026-08-12 15:30:00-04:00,222.99,224.3499,222.23,224.13,10766745
NVDA,2026-08-13 09:30:00-04:00,225.055,227.23,224.135,226.03,29866520
NVDA,2026-08-13 10:30:00-04:00,226.035,226.48,224.3,224.45,12534298
NVDA,2026-08-13 11:30:00-04:00,224.4482,225.46,223.71,225.29,8854908
NVDA,2026-08-13 12:30:00-04:00,225.3,225.9099,224.96,225.345,6232415
NVDA,2026-08-13 13:30:00-04:00,225.345,225.74,225.04,225.625,5719340
NVDA,2026-08-13 14:30:00-04:00,225.6285,226.24,225.42,225.78,8365507
NVDA,2026-08-13 15:30:00-04:00,225.76,226.2,224.85,225.37,10655293
NVDA,2026-08-14 09:30:00-04:00,226.8,227.49,224.5,225.115,19626364
NVDA,2026-08-14 10:30:00-04:00,225.115,226.94,224.93,225.548,10960396
NVDA,2026-08-14 11:30:00-04:00,225.54,225.8,224.62,225.65,6741009
NVDA,2026-08-14 12:30:00-04:00,225.64,225.71,224.95,225.12,5873716
NVDA,2026-08-14 13:30:00-04:00,225.12,226.5,224.56,224.72,5731432
NVDA,2026-08-14 14:30:00-04:00,224.7,225.45,224.65,225.13,6670272
NVDA,2026-08-14 15:30:00-04:00,225.165,225.93,224.86,225.16,19538830
NVDA,2026-08-17 09:30:00-04:00,226.02,227.17,225.03,226.6,19035868
NVDA,2026-08-17 10:30:00-04:00,226.6,227.75,225.61,227.44,15492978
NVDA,2026-08-17 11:30:00-04:00,227.465,227.92,226.712,227.0304,9952374
NVDA,2026-08-17 12:30:00-04:00,227.0309,227.21,225.83,225.92,6804284
NVDA,2026-08-17 13:30:00-04:00,225.91,226.28,225.39,225.53,6431278
NVDA,2026-08-17 14:30:00-04:00,225.5301,225.915,225.35,225.5,5615571
NVDA,2026-08-17 15:30:00-04:00,225.49,226.01,224.86,225.05,8321416
NVDA,2026-08-18 09:30:00-04:00,220.45,221.64,218.835,219.97,26756702
NVDA,2026-08-18 10:30:00-04:00,219.94,220.53,218.6902,219.5397,13264389
NVDA,2026-08-18 11:30:00-04:00,219.53,220.36,219.32,219.53,8440865
NVDA,2026-08-18 12:30:00-04:00,219.53,220.45,219.39,220.33,7609414
NVDA,2026-08-18 13:30:00-04:00,220.31,220.51,219.222,219.935,7081084
NVDA,2026-08-18 14:30:00-04:00,219.93,220.19,219.13,219.24,7061411
NVDA,2026-08-18 15:30:00-04:00,219.24,220.03,218.92,219.8,12278943
NVDA,2026-08-19 09:30:00-04:00,221.67,222.87,216.76,218.15,25906631
NVDA,2026-08-19 10:30:00-04:00,218.15,219.95,217.96,219.27,11630304
NVDA,2026-08-19 11:30:00-04:00,219.255,220.65,218.6401,219.4001,9384406
NVDA,2026-08-19 12:30:00-04:00,219.38,219.5249,218.76,218.9814,6246936
NVDA,2026-08-19 13:30:00-04:00,218.9804,219.78,218.63,219.16,6294469
NVDA,2026-08-19 14:30:00-04:00,219.16,219.99,219.15,219.535,6058312
NVDA,2026-08-19 15:30:00-04:00,219.54,219.845,217.04,217.65,11947374
NVDA,2026-08-20 09:30:00-04:00,218.36,219.86,216.71,217.5,19258361
NVDA,2026-08-20 10:30:00-04:00,217.5,218.97,216.64,216.83,11502198
NVDA,2026-08-20 11:30:00-04:00,216.8,216.96,215.66,216.84,8087364
NVDA,2026-08-20 12:30:00-04:00,216.835,217.98,216.2,216.295,8404406
NVDA,2026-08-20 13:30:00-04:00,216.3,217.0,216.18,216.92,5010054
NVDA,2026-08-20 14:30:00-04:00,216.881,217.46,216.47,217.45,6606937
NVDA,2026-08-20 15:30:00-04:00,217.44,217.44,216.355,217.05,8167918
NVDA,2026-08-21 09:30:00-04:00,218.42,218.74,214.585,214.6446,32276874
NVDA,2026-08-21 10:30:00-04:00,214.6499,215.95,214.5,215.83,10991780
NVDA,2026-08-21 11:30:00-04:00,215.82,217.025,215.4301,215.68,9577215
NVDA,2026-08-21 12:30:00-04:00,215.6701,215.82,214.635,215.08,7493432
NVDA,2026-08-21 13:30:00-04:00,215.085,216.1268,214.9,215.37,7216980
NVDA,2026-08-21 14:30:00-04:00,215.36,215.46,214.725,214.88,6506839
NVDA,2026-08-21 15:30:00-04:00,214.88,215.48,214.57,214.75,8523398
NVDA,2026-08-24 09:30:00-04:00,215.38,215.59,208.62,209.36,33308701
NVDA,2026-08-24 10:30:00-04:00,209.35,210.345,208.86,209.87,16077894
NVDA,2026-08-24 11:30:00-04:00,209.855,211.03,209.59,210.67,12455353
NVDA,2026-08-24 12:30:00-04:00,210.67,210.75,209.17,209.2723,8261610
NVDA,2026-08-24 13:30:00-04:00,209.28,210.42,209.2,210.39,7195595
NVDA,2026-08-24 14:30:00-04:00,210.39,210.48,209.11,209.37,9234044
NVDA,2026-08-24 15:30:00-04:00,209.37,209.47,207.37,208.46,15642243
NVDA,2026-08-25 09:30:00-04:00,211.025,214.7291,210.11,211.8199,34049760
NVDA,2026-08-25 10:30:00-04:00,211.8001,212.04,210.19,211.195,15545762
NVDA,2026-08-25 11:30:00-04:00,211.2,212.3195,210.89,212.2,9384332
NVDA,2026-08-25 12:30:00-04:00,212.22,212.58,211.72,212.26,8252922
NVDA,2026-08-25 13:30:00-04:00,212.27,212.52,208.48,212.255,5895282
NVDA,2026-08-25 14:30:00-04:00,212.26,213.435,211.71,212.035,10411266
NVDA,2026-08-25 15:30:00-04:00,212.03,213.23,211.89,212.98,8922989
NVDA,2026-08-26 09:30:00-04:00,212.42,213.6,210.1932,210.5026,25202730
NVDA,2026-08-26 10:30:00-04:00,210.4901,211.53,210.0808,211.0827,12315793
NVDA,2026-08-26 11:30:00-04:00,211.0899,211.43,209.76,210.1799,10716305
NVDA,2026-08-26 12:30:00-04:00,210.175,210.32,209.47,210.065,10464674
NVDA,2026-08-26 13:30:00-04:00,210.06,210.915,209.9,210.785,10633222
NVDA,2026-08-26 14:30:00-04:00,210.785,211.33,210.49,210.89,13711133
NVDA,2026-08-26 15:30:00-04:00,210.895,210.995,209.23,209.95,19896937
NVDA,2026-08-27 09:30:00-04:00,222.585,226.4,220.9,225.72,107486188
NVDA,2026-08-27 10:30:00-04:00,225.72,227.31,223.5,225.45,33732591
NVDA,2026-08-27 11:30:00-04:00,225.45,228.64,224.84,228.525,26653270
NVDA,2026-08-27 12:30:00-04:00,228.53,230.47,228.315,229.2495,32466294
NVDA,2026-08-27 13:30:00-04:00,229.24,229.6,226.08,226.09,20894230
NVDA,2026-08-27 14:30:00-04:00,226.1,227.48,225.35,227.21,23071561
NVDA,2026-08-27 15:30:00-04:00,227.2,228.98,226.9458,228.05,19429849
NVDA,2026-08-28 09:30:00-04:00,227.33,229.26,223.25,225.115,45899802
NVDA,2026-08-28 10:30:00-04:00,225.115,226.91,223.5,224.0,22092103
NVDA,2026-08-28 11:30:00-04:00,224.0,224.19,219.94,220.18,25938017
NVDA,2026-08-28 12:30:00-04:00,220.2,220.95,217.89,218.69,22368616
NVDA,2026-08-28 13:30:00-04:00,218.7,219.83,218.07,218.395,13800971
NVDA,2026-08-28 14:30:00-04:00,218.395,218.69,216.81,217.28,19575302
NVDA,2026-08-28 15:30:00-04:00,217.29,218.1803,216.93,217.54,17752300
NVDA,2026-08-31 09:30:00-04:00,218.862,220.36,216.21,220.07,31252089
NVDA,2026-08-31 10:30:00-04:00,220.07,220.6,219.12,220.27,12671411
NVDA,2026-08-31 11:30:00-04:00,220.25,220.36,219.1,220.2254,8168409
NVDA,2026-08-31 12:30:00-04:00,220.2299,220.29,219.34,219.37,6945756
NVDA,2026-08-31 13:30:00-04:00,219.36,220.02,218.9106,218.97,7282736
NVDA,2026-08-31 14:30:00-04:00,218.95,219.8499,217.71,219.82,12669946
NVDA,2026-08-31 15:30:00-04:00,219.82,221.3,219.2727,220.88,13880736
NVDA,2026-09-01 09:30:00-04:00,216.61,218.39,215.1,217.61,27988912
NVDA,2026-09-01 10:30:00-04:00,217.61,218.8,217.53,218.8,10756815
NVDA,2026-09-01 11:30:00-04:00,218.8,220.41,218.7,219.58,12252538
NVDA,2026-09-01 12:30:00-04:00,219.6,219.8499,218.13,218.3597,8549235
NVDA,2026-09-01 13:30:00-04:00,218.345,218.6,217.29,217.4593,6829555
NVDA,2026-09-01 14:30:00-04:00,217.46,217.9101,216.3501,217.59,10236675
NVDA,2026-09-01 15:30:00-04:00,217.6,217.7,216.64,217.54,9239679
NVDA,2026-09-02 09:30:00-04:00,218.785,223.44,218.48,222.83,33462245
NVDA,2026-09-02 10:30:00-04:00,222.84,227.0,222.5982,226.31,30878760
NVDA,2026-09-02 11:30:00-04:00,226.32,227.95,225.77,227.04,23181164
NVDA,2026-09-02 12:30:00-04:00,227.0332,227.68,224.75,225.5072,15789712
NVDA,2026-09-02 13:30:00-04:00,225.5199,225.57,224.43,224.96,11584569
NVDA,2026-09-02 14:30:00-04:00,224.958,225.345,224.18,224.4,9886374
NVDA,2026-09-02 15:30:00-04:00,224.414,224.64,223.7301,224.4,10211270
NVDA,2026-09-03 09:30:00-04:00,226.02,229.07,224.75,227.39,36298079
NVDA,2026-09-03 10:30:00-04:00,227.385,227.95,225.44,227.815,17066881
NVDA,2026-09-03 11:30:00-04:00,227.83,228.0997,226.88,227.04,10540837
NVDA,2026-09-03 12:30:00-04:00,227.03,227.94,227.02,227.44,6889961
NVDA,2026-09-03 13:30:00-04:00,227.4401,230.4,227.4,229.51,24939705
NVDA,2026-09-03 14:30:00-04:00,229.5138,230.1,229.17,229.538,9640877
NVDA,2026-09-03 15:30:00-04:00,229.55,229.69,228.33,228.4,9515504
SPCX,2026-07-06 09:30:00-04:00,165.95,167.895,162.5,162.94,17925230
SPCX,2026-07-06 10:30:00-04:00,162.93,163.57,159.3801,160.1,9864608
SPCX,2026-07-06 11:30:00-04:00,160.0818,162.0,159.965,161.715,5553390
SPCX,2026-07-06 12:30:00-04:00,161.72,162.6,160.4,160.5099,5778240
SPCX,2026-07-06 13:30:00-04:00,160.49,160.565,155.17,156.515,12899019
SPCX,2026-07-06 14:30:00-04:00,156.4,157.09,155.52,155.75,7957342
SPCX,2026-07-06 15:30:00-04:00,155.76,160.9,155.04,160.75,19280418
SPCX,2026-07-07 09:30:00-04:00,158.92,159.2999,150.55,151.905,26689241
SPCX,2026-07-07 10:30:00-04:00,151.89,152.27,150.12,151.5753,10188067
SPCX,2026-07-07 11:30:00-04:00,151.6,152.9999,150.3601,152.59,7768489
SPCX,2026-07-07 12:30:00-04:00,152.56,153.08,151.325,151.995,5065478
SPCX,2026-07-07 13:30:00-04:00,152.03,152.53,151.6,152.11,3472394
SPCX,2026-07-07 14:30:00-04:00,152.12,152.18,150.07,150.42,8443777
SPCX,2026-07-07 15:30:00-04:00,150.42,150.81,148.86,149.57,10931984
SPCX,2026-07-08 09:30:00-04:00,152.55,152.9299,148.541,151.05,16682559
SPCX,2026-07-08 10:30:00-04:00,151.0,151.1699,149.3,149.5,5088073
SPCX,2026-07-08 11:30:00-04:00,149.51,150.55,147.15,149.45,7560537
SPCX,2026-07-08 12:30:00-04:00,149.4,150.04,148.35,148.88,4967985
SPCX,2026-07-08 13:30:00-04:00,148.83,148.8491,145.5123,145.81,7826164
SPCX,2026-07-08 14:30:00-04:00,145.8199,146.19,145.2,145.9399,6726974
SPCX,2026-07-08 15:30:00-04:00,145.94,148.44,145.26,148.36,7118980
SPCX,2026-07-09 09:30:00-04:00,150.5,151.59,147.59,149.06,14689881
SPCX,2026-07-09 10:30:00-04:00,149.08,151.02,148.06,150.53,5070266
SPCX,2026-07-09 11:30:00-04:00,150.56,151.51,149.21,149.89,5266511
SPCX,2026-07-09 12:30:00-04:00,149.93,152.52,149.81,152.47,4404371
SPCX,2026-07-09 13:30:00-04:00,152.48,153.49,151.99,152.635,3907289
SPCX,2026-07-09 14:30:00-04:00,152.635,153.5,152.32,152.79,3662094
SPCX,2026-07-09 15:30:00-04:00,152.79,152.83,149.93,152.12,5159058
SPCX,2026-07-10 09:30:00-04:00,150.125,150.57,147.05,147.8352,12604091
SPCX,2026-07-10 10:30:00-04:00,147.845,149.7499,146.74,149.49,5894135
SPCX,2026-07-10 11:30:00-04:00,149.53,149.59,147.52,148.43,5032276
SPCX,2026-07-10 12:30:00-04:00,148.44,148.94,148.33,148.57,2412646
SPCX,2026-07-10 13:30:00-04:00,148.565,149.22,148.25,148.66,2126421
SPCX,2026-07-10 14:30:00-04:00,148.66,148.98,148.01,148.12,2301893
SPCX,2026-07-10 15:30:00-04:00,148.12,148.19,145.07,145.42,10396034
SPCX,2026-07-13 09:30:00-04:00,144.5903,144.88,137.68,139.995,24863914
SPCX,2026-07-13 10:30:00-04:00,139.99,140.31,138.3225,138.68,6394531
SPCX,2026-07-13 11:30:00-04:00,138.68,140.3799,138.43,138.54,9906476
SPCX,2026-07-13 12:30:00-04:00,138.54,139.6,138.15,138.59,4658143
SPCX,2026-07-13 13:30:00-04:00,138.61,138.87,136.78,137.44,8033170
SPCX,2026-07-13 14:30:00-04:00,137.41,138.1,137.03,137.63,6673415
SPCX,2026-07-13 15:30:00-04:00,137.6,139.64,137.6,139.22,7240434
SPCX,2026-07-14 09:30:00-04:00,140.95,143.2,140.4,141.0,13280732
SPCX,2026-07-14 10:30:00-04:00,140.99,143.31,140.29,143.06,5149437
SPCX,2026-07-14 11:30:00-04:00,143.07,143.33,140.65,140.77,4031672
SPCX,2026-07-14 12:30:00-04:00,140.7999,141.0525,138.2,138.815,5915410
SPCX,2026-07-14 13:30:00-04:00,138.82,138.97,137.88,138.33,3859777
SPCX,2026-07-14 14:30:00-04:00,138.3588,139.03,138.07,138.13,3547893
SPCX,2026-07-14 15:30:00-04:00,138.13,138.15,135.93,136.12,7710033
SPCX,2026-07-15 09:30:00-04:00,137.305,139.34,136.44,137.1999,10886992
SPCX,2026-07-15 10:30:00-04:00,137.13,137.26,135.33,135.905,6186934
SPCX,2026-07-15 11:30:00-04:00,135.8901,136.55,132.1501,133.7,14091446
SPCX,2026-07-15 12:30:00-04:00,133.73,135.28,132.44,134.88,9301591
SPCX,2026-07-15 13:30:00-04:00,134.88,136.47,134.58,135.74,5303534
SPCX,2026-07-15 14:30:00-04:00,135.74,135.95,134.08,134.96,5059083
SPCX,2026-07-15 15:30:00-04:00,134.97,136.19,134.755,135.3,5167174
SPCX,2026-07-16 09:30:00-04:00,134.945,137.76,134.3652,136.6932,15776364
SPCX,2026-07-16 10:30:00-04:00,136.715,136.75,133.7,135.275,6942429
SPCX,2026-07-16 11:30:00-04:00,135.275,135.79,132.6,133.2,6728805
SPCX,2026-07-16 12:30:00-04:00,133.23,133.5,131.7302,132.44,5819939
SPCX,2026-07-16 13:30:00-04:00,132.425,132.53,130.74,131.66,6185974
SPCX,2026-07-16 14:30:00-04:00,131.66,131.66,131.0616,131.465,4536583
SPCX,2026-07-16 15:30:00-04:00,131.46,132.885,131.02,131.03,5786087
SPCX,2026-07-17 09:30:00-04:00,126.75,127.0677,122.12,126.0,26103248
SPCX,2026-07-17 10:30:00-04:00,126.02,126.4799,123.22,124.51,9487313
SPCX,2026-07-17 11:30:00-04:00,124.5499,125.3499,122.85,124.455,9951806
SPCX,2026-07-17 12:30:00-04:00,124.455,126.4999,124.19,126.325,6359120
SPCX,2026-07-17 13:30:00-04:00,126.28,126.3996,124.9,125.2409,4807831
SPCX,2026-07-17 14:30:00-04:00,125.21,130.3299,123.05,123.8,15205291
SPCX,2026-07-17 15:30:00-04:00,123.845,124.89,123.51,123.96,7256215
SPCX,2026-07-20 09:30:00-04:00,124.67,124.97,120.1,121.85,18329964
SPCX,2026-07-20 10:30:00-04:00,121.855,122.92,120.79,122.9096,6688182
SPCX,2026-07-20 11:30:00-04:00,122.88,124.87,122.46,124.76,6076742
SPCX,2026-07-20 12:30:00-04:00,124.785,124.9098,122.12,122.57,4583426
SPCX,2026-07-20 13:30:00-04:00,122.59,123.41,121.77,122.65,4179824
SPCX,2026-07-20 14:30:00-04:00,122.59,122.6391,120.68,120.9,4520581
SPCX,2026-07-20 15:30:00-04:00,120.91,121.0499,119.69,119.86,7738141
SPCX,2026-07-21 09:30:00-04:00,122.17,128.37,120.365,128.1506,26574823
SPCX,2026-07-21 10:30:00-04:00,128.14,129.88,126.79,128.655,10753022
SPCX,2026-07-21 11:30:00-04:00,128.655,128.72,127.05,127.52,5954016
SPCX,2026-07-21 12:30:00-04:00,127.54,129.1,127.3328,128.235,4781287
SPCX,2026-07-21 13:30:00-04:00,128.22,128.4894,126.6,127.115,3797484
SPCX,2026-07-21 14:30:00-04:00,127.105,127.1399,122.15,122.645,13342239
SPCX,2026-07-21 15:30:00-04:00,122.65,123.915,122.59,123.47,10147791
SPCX,2026-07-22 09:30:00-04:00,122.375,123.89,121.62,123.14,14237233
SPCX,2026-07-22 10:30:00-04:00,123.17,124.6,122.4,124.34,5280551
SPCX,2026-07-22 11:30:00-04:00,124.31,124.77,121.68,121.77,6964318
SPCX,2026-07-22 12:30:00-04:00,121.77,121.99,120.25,120.34,9106785
SPCX,2026-07-22 13:30:00-04:00,120.33,120.5776,117.39,117.395,18905821
SPCX,2026-07-22 14:30:00-04:00,117.39,118.06,116.0301,116.61,15898079
SPCX,2026-07-22 15:30:00-04:00,116.6085,116.75,115.19,115.27,13093124
SPCX,2026-07-23 09:30:00-04:00,115.1,116.41,112.0201,112.4,24380083
SPCX,2026-07-23 10:30:00-04:00,112.36,113.13,110.85,112.539,12425260
SPCX,2026-07-23 11:30:00-04:00,112.54,116.7298,112.3,115.925,10319476
SPCX,2026-07-23 12:30:00-04:00,115.9449,116.2999,115.01,115.7304,5326625
SPCX,2026-07-23 13:30:00-04:00,115.74,117.06,115.02,116.675,5714514
SPCX,2026-07-23 14:30:00-04:00,116.71,117.54,115.7,116.62,6240554
SPCX,2026-07-23 15:30:00-04:00,116.615,118.55,116.01,118.28,5865478
SPCX,2026-07-24 09:30:00-04:00,115.932,116.744,112.6125,113.4491,14196143
SPCX,2026-07-24 10:30:00-04:00,113.45,113.5,111.4,112.88,9179779
SPCX,2026-07-24 11:30:00-04:00,112.86,113.6,112.26,112.53,5293418
SPCX,2026-07-24 12:30:00-04:00,112.525,113.0999,111.8,112.85,4319227
SPCX,2026-07-24 13:30:00-04:00,112.855,113.51,112.6101,113.08,4945096
SPCX,2026-07-24 14:30:00-04:00,113.08,114.78,112.64,114.31,6375404
SPCX,2026-07-24 15:30:00-04:00,114.33,115.14,113.83,115.07,6624341
SPCX,2026-07-27 09:30:00-04:00,113.325,114.3,109.53,109.7164,22737299
SPCX,2026-07-27 10:30:00-04:00,109.74,111.95,108.66,111.695,11105387
SPCX,2026-07-27 11:30:00-04:00,111.69,112.6299,110.75,111.89,5682560
SPCX,2026-07-27 12:30:00-04:00,111.895,112.3,109.76,109.96,6450139
SPCX,2026-07-27 13:30:00-04:00,109.96,111.34,109.72,111.1484,4042154
SPCX,2026-07-27 14:30:00-04:00,111.14,111.85,110.76,111.83,3926175
SPCX,2026-07-27 15:30:00-04:00,111.8101,113.83,111.8101,113.65,6454271
SPCX,2026-07-28 09:30:00-04:00,109.32,110.7,107.01,110.475,23151288
SPCX,2026-07-28 10:30:00-04:00,110.475,117.49,110.28,117.345,18223430
SPCX,2026-07-28 11:30:00-04:00,117.33,117.6299,114.5,115.505,10361830
SPCX,2026-07-28 12:30:00-04:00,115.505,116.35,115.1216,115.825,4815757
SPCX,2026-07-28 13:30:00-04:00,115.79,116.79,114.95,116.3,5417728
SPCX,2026-07-28 14:30:00-04:00,116.315,118.13,115.92,117.255,7091048
SPCX,2026-07-28 15:30:00-04:00,117.255,117.83,115.81,116.49,7421108
SPCX,2026-07-29 09:30:00-04:00,114.395,115.71,112.1101,113.35,10512821
SPCX,2026-07-29 10:30:00-04:00,113.41,113.85,111.66,112.1699,5497392
SPCX,2026-07-29 11:30:00-04:00,112.11,112.78,111.04,112.6997,5036091
SPCX,2026-07-29 12:30:00-04:00,112.7,117.13,112.675,115.4419,8391895
SPCX,2026-07-29 13:30:00-04:00,115.44,117.59,114.2,114.655,6110372
SPCX,2026-07-29 14:30:00-04:00,114.655,116.14,112.1601,112.76,6224124
SPCX,2026-07-29 15:30:00-04:00,112.75,112.92,110.35,112.59,7710468
SPCX,2026-07-30 09:30:00-04:00,115.09,118.93,114.02,117.93,17361508
SPCX,2026-07-30 10:30:00-04:00,117.92,118.14,114.26,114.3,7883893
SPCX,2026-07-30 11:30:00-04:00,114.2701,115.2,113.4301,113.6,4699187
SPCX,2026-07-30 12:30:00-04:00,113.5786,113.5786,111.6,112.7499,6646627
SPCX,2026-07-30 13:30:00-04:00,112.77,113.28,111.99,112.23,4407686
SPCX,2026-07-30 14:30:00-04:00,112.21,112.32,111.3501,111.93,5187443
SPCX,2026-07-30 15:30:00-04:00,111.9492,112.55,111.47,112.27,5462492
SPCX,2026-07-31 09:30:00-04:00,113.096,113.635,107.83,109.655,17734519
SPCX,2026-07-31 10:30:00-04:00,109.6401,110.28,108.52,108.73,6530431
SPCX,2026-07-31 11:30:00-04:00,108.7,109.38,108.18,108.8,4820417
SPCX,2026-07-31 12:30:00-04:00,108.78,109.24,108.2901,108.945,4081917
SPCX,2026-07-31 13:30:00-04:00,108.945,109.32,108.01,108.07,4134333
SPCX,2026-07-31 14:30:00-04:00,108.08,108.57,107.5701,108.11,6062002
SPCX,2026-07-31 15:30:00-04:00,108.115,109.035,107.73,108.43,6555085
SPCX,2026-08-03 09:30:00-04:00,105.9045,111.39,105.65,110.77,19944957
SPCX,2026-08-03 10:30:00-04:00,110.765,112.7,110.5514,110.57,9865786
SPCX,2026-08-03 11:30:00-04:00,110.6,112.1,110.33,111.2,5190181
SPCX,2026-08-03 12:30:00-04:00,111.17,111.21,108.9,110.46,7801589
SPCX,2026-08-03 13:30:00-04:00,110.435,111.0,109.605,109.93,5565361
SPCX,2026-08-03 14:30:00-04:00,109.905,110.64,109.56,110.14,5463565
SPCX,2026-08-03 15:30:00-04:00,110.12,114.91,110.03,114.44,10683600
SPCX,2026-08-04 09:30:00-04:00,118.34,121.85,115.72,118.45,29153858
SPCX,2026-08-04 10:30:00-04:00,118.4611,119.66,118.12,118.8246,9109165
SPCX,2026-08-04 11:30:00-04:00,118.81,122.25,118.63,120.935,10643178
SPCX,2026-08-04 12:30:00-04:00,120.9,123.1,120.6,122.95,9312567
SPCX,2026-08-04 13:30:00-04:00,122.98,125.35,122.45,123.65,15977537
SPCX,2026-08-04 14:30:00-04:00,123.65,126.71,123.53,124.25,15674742
SPCX,2026-08-04 15:30:00-04:00,124.25,126.17,121.18,125.985,17481169
SPCX,2026-08-05 09:30:00-04:00,112.37,116.63,109.21,116.4101,64376138
SPCX,2026-08-05 10:30:00-04:00,116.41,117.5,113.73,117.22,22581775
SPCX,2026-08-05 11:30:00-04:00,117.22,117.4,114.1,115.81,14749309
SPCX,2026-08-05 12:30:00-04:00,115.838,116.6,111.7,111.825,15094534
SPCX,2026-08-05 13:30:00-04:00,111.8201,112.46,109.34,109.79,22195463
SPCX,2026-08-05 14:30:00-04:00,109.765,110.27,108.11,109.215,26522725
SPCX,2026-08-05 15:30:00-04:00,109.22,110.28,107.81,108.285,27558629
SPCX,2026-08-06 09:30:00-04:00,107.085,115.75,105.11,113.4821,120591138
SPCX,2026-08-06 10:30:00-04:00,113.4999,115.06,110.16,111.7827,29880833
SPCX,2026-08-06 11:30:00-04:00,111.8,112.5,108.4025,109.3197,25420813
SPCX,2026-08-06 12:30:00-04:00,109.3199,111.93,108.79,110.605,18652035
SPCX,2026-08-06 13:30:00-04:00,110.619,111.28,109.35,110.105,12391928
SPCX,2026-08-06 14:30:00-04:00,110.105,111.98,109.81,110.93,14247200
SPCX,2026-08-06 15:30:00-04:00,110.89,114.92,110.88,114.9105,23801336
SPCX,2026-08-07 09:30:00-04:00,115.0,128.16,115.0,127.915,78130915
SPCX,2026-08-07 10:30:00-04:00,127.915,128.62,124.55,127.0801,44819190
SPCX,2026-08-07 11:30:00-04:00,127.09,130.96,126.61,128.85,34379380
SPCX,2026-08-07 12:30:00-04:00,128.885,130.16,128.35,128.35,15840845
SPCX,2026-08-07 13:30:00-04:00,128.385,129.2663,127.611,128.625,13276195
SPCX,2026-08-07 14:30:00-04:00,128.59,131.65,128.5,131.22,18118580
SPCX,2026-08-07 15:30:00-04:00,131.226,133.45,130.35,133.1013,23681542
SPCX,2026-08-10 09:30:00-04:00,134.965,135.54,131.112,134.68,55654304
SPCX,2026-08-10 10:30:00-04:00,134.72,136.84,130.25,131.37,28162663
SPCX,2026-08-10 11:30:00-04:00,131.37,133.32,130.17,131.58,15755615
SPCX,2026-08-10 12:30:00-04:00,131.575,133.18,130.25,132.53,10917607
SPCX,2026-08-10 13:30:00-04:00,132.54,133.22,131.57,132.215,11597231
SPCX,2026-08-10 14:30:00-04:00,132.215,135.5,132.18,135.46,15324370
SPCX,2026-08-10 15:30:00-04:00,135.5,139.24,135.26,138.68,23884964
SPCX,2026-08-11 09:30:00-04:00,138.645,139.98,133.26,135.725,32912247
SPCX,2026-08-11 10:30:00-04:00,135.725,135.87,133.5,134.75,13794507
SPCX,2026-08-11 11:30:00-04:00,134.72,135.37,131.4,131.8705,15045233
SPCX,2026-08-11 12:30:00-04:00,131.89,132.74,131.33,132.145,9089816
SPCX,2026-08-11 13:30:00-04:00,132.16,132.885,130.5,131.305,10849611
SPCX,2026-08-11 14:30:00-04:00,131.2901,133.15,130.84,132.155,10244506
SPCX,2026-08-11 15:30:00-04:00,132.19,133.48,131.4,133.305,11073493
SPCX,2026-08-12 09:30:00-04:00,135.05,139.88,134.01,138.97,34308140
SPCX,2026-08-12 10:30:00-04:00,138.93,141.67,138.1538,139.57,20869007
SPCX,2026-08-12 11:30:00-04:00,139.5768,143.3,138.92,142.56,23926994
SPCX,2026-08-12 12:30:00-04:00,142.56,146.13,141.68,145.71,18627693
SPCX,2026-08-12 13:30:00-04:00,145.69,148.7899,144.43,148.4213,21799215
SPCX,2026-08-12 14:30:00-04:00,148.458,149.43,147.24,149.275,19713946
SPCX,2026-08-12 15:30:00-04:00,149.29,149.6,144.595,146.18,21119900
SPCX,2026-08-13 09:30:00-04:00,143.6168,145.02,141.43,142.3486,34463128
SPCX,2026-08-13 10:30:00-04:00,142.34,142.91,139.8,140.945,21691162
SPCX,2026-08-13 11:30:00-04:00,141.0,142.15,140.29,141.05,8961239
SPCX,2026-08-13 12:30:00-04:00,141.0661,142.16,139.84,142.11,10672571
SPCX,2026-08-13 13:30:00-04:00,142.1,143.24,141.77,142.3,9509515
SPCX,2026-08-13 14:30:00-04:00,142.32,144.36,141.45,144.32,12476718
SPCX,2026-08-13 15:30:00-04:00,144.32,144.95,140.82,141.22,15085252
SPCX,2026-08-14 09:30:00-04:00,142.91,144.02,135.838,136.86,33158170
SPCX,2026-08-14 10:30:00-04:00,136.89,137.3182,135.5,137.135,13069117
SPCX,2026-08-14 11:30:00-04:00,137.14,138.11,136.45,137.7,10081925
SPCX,2026-08-14 12:30:00-04:00,137.7,139.87,137.12,139.82,9758423
SPCX,2026-08-14 13:30:00-04:00,139.83,140.26,138.91,139.61,8565494
SPCX,2026-08-14 14:30:00-04:00,139.635,140.03,138.8,139.215,8227645
SPCX,2026-08-14 15:30:00-04:00,139.2,140.01,139.0,139.77,8647850
SPCX,2026-08-17 09:30:00-04:00,139.975,149.68,139.61,147.515,46368096
SPCX,2026-08-17 10:30:00-04:00,147.515,149.16,147.02,148.63,16297097
SPCX,2026-08-17 11:30:00-04:00,148.65,149.8,147.52,148.88,12711377
SPCX,2026-08-17 12:30:00-04:00,148.8701,149.2,147.4,147.52,8218737
SPCX,2026-08-17 13:30:00-04:00,147.54,148.22,146.1213,147.375,8453167
SPCX,2026-08-17 14:30:00-04:00,147.365,147.85,145.0109,145.28,11007221
SPCX,2026-08-17 15:30:00-04:00,145.28,146.83,145.01,146.28,8957372
SPCX,2026-08-18 09:30:00-04:00,140.725,142.93,139.4101,142.53,24740820
SPCX,2026-08-18 10:30:00-04:00,142.565,143.08,140.43,142.185,9739921
SPCX,2026-08-18 11:30:00-04:00,142.17,145.23,141.72,144.46,11181753
SPCX,2026-08-18 12:30:00-04:00,144.46,146.46,143.8,145.395,10608677
SPCX,2026-08-18 13:30:00-04:00,145.4,145.5299,143.34,143.525,7086124
SPCX,2026-08-18 14:30:00-04:00,143.53,143.79,142.15,142.93,8302356
SPCX,2026-08-18 15:30:00-04:00,142.94,143.72,141.92,143.34,7253785
SPCX,2026-08-19 09:30:00-04:00,144.96,145.01,136.72,138.585,29003162
SPCX,2026-08-19 10:30:00-04:00,138.585,140.4,138.06,140.03,11817501
SPCX,2026-08-19 11:30:00-04:00,140.03,140.89,138.5,140.5,7265741
SPCX,2026-08-19 12:30:00-04:00,140.51,140.7793,138.89,139.52,5451077
SPCX,2026-08-19 13:30:00-04:00,139.54,140.37,139.35,140.255,4608598
SPCX,2026-08-19 14:30:00-04:00,140.275,140.56,138.57,138.665,5474933
SPCX,2026-08-19 15:30:00-04:00,138.68,139.78,138.42,139.64,6547106
SPCX,2026-08-20 09:30:00-04:00,137.285,137.88,132.38,132.95,37907263
SPCX,2026-08-20 10:30:00-04:00,132.952,134.155,131.77,132.125,15915186
SPCX,2026-08-20 11:30:00-04:00,132.125,132.2699,130.5,130.88,15581567
SPCX,2026-08-20 12:30:00-04:00,130.8854,131.75,130.39,131.395,10010214
SPCX,2026-08-20 13:30:00-04:00,131.395,132.66,131.0,132.505,11111789
SPCX,2026-08-20 14:30:00-04:00,132.51,133.3,132.0,132.65,10556609
SPCX,2026-08-20 15:30:00-04:00,132.63,134.72,132.0,134.0,12718265
SPCX,2026-08-21 09:30:00-04:00,134.315,135.0,131.22,133.05,24394367
SPCX,2026-08-21 10:30:00-04:00,133.0795,136.56,132.5,136.19,14706339
SPCX,2026-08-21 11:30:00-04:00,136.19,137.35,135.85,136.25,9670777
SPCX,2026-08-21 12:30:00-04:00,136.24,136.6,135.68,136.1,6150990
SPCX,2026-08-21 13:30:00-04:00,136.07,136.469,135.05,135.76,6102023
SPCX,2026-08-21 14:30:00-04:00,135.75,136.65,135.66,136.0088,5262014
SPCX,2026-08-21 15:30:00-04:00,136.01,137.21,135.0,136.94,8554100
SPCX,2026-08-24 09:30:00-04:00,134.295,138.33,133.1,134.16,22914283
SPCX,2026-08-24 10:30:00-04:00,134.14,137.76,134.05,137.7,10245522
SPCX,2026-08-24 11:30:00-04:00,137.73,137.8636,136.14,136.77,6220950
SPCX,2026-08-24 12:30:00-04:00,136.74,136.87,135.37,135.96,4246960
SPCX,2026-08-24 13:30:00-04:00,135.96,136.34,135.1001,136.17,4487221
SPCX,2026-08-24 14:30:00-04:00,136.1815,136.2613,134.92,135.135,4035829
SPCX,2026-08-24 15:30:00-04:00,135.12,135.2297,134.5,135.0,4047450
SPCX,2026-08-25 09:30:00-04:00,136.95,138.6,136.11,137.59,17133052
SPCX,2026-08-25 10:30:00-04:00,137.5722,138.82,136.84,138.725,7909773
SPCX,2026-08-25 11:30:00-04:00,138.701,139.74,137.81,138.325,7784381
SPCX,2026-08-25 12:30:00-04:00,138.34,138.85,137.98,138.5,3763549
SPCX,2026-08-25 13:30:00-04:00,138.49,138.77,135.0,138.08,3621411
SPCX,2026-08-25 14:30:00-04:00,138.1,138.65,138.0,138.48,3761591
SPCX,2026-08-25 15:30:00-04:00,138.485,139.09,137.03,137.96,5177252
SPCX,2026-08-26 09:30:00-04:00,136.935,139.52,135.1,136.22,18871398
SPCX,2026-08-26 10:30:00-04:00,136.25,136.8499,135.8102,136.195,5538411
SPCX,2026-08-26 11:30:00-04:00,136.22,137.13,135.91,136.641,4291979
SPCX,2026-08-26 12:30:00-04:00,136.6103,138.3,136.37,138.22,4740176
SPCX,2026-08-26 13:30:00-04:00,138.22,138.3,137.56,137.895,5873909
SPCX,2026-08-26 14:30:00-04:00,137.895,140.0,137.65,139.59,8773559
SPCX,2026-08-26 15:30:00-04:00,139.5701,139.74,137.29,139.57,8054865
SPCX,2026-08-27 09:30:00-04:00,140.04,140.545,138.6,140.2485,14716388
SPCX,2026-08-27 10:30:00-04:00,140.28,141.26,139.5,139.82,9734010
SPCX,2026-08-27 11:30:00-04:00,139.83,142.06,139.5948,140.94,8687409
SPCX,2026-08-27 12:30:00-04:00,140.945,141.0,140.14,140.38,4550775
SPCX,2026-08-27 13:30:00-04:00,140.36,140.88,139.77,140.455,4556897
SPCX,2026-08-27 14:30:00-04:00,140.43,140.515,139.2,139.46,4598557
SPCX,2026-08-27 15:30:00-04:00,139.44,141.25,139.41,140.8738,5620156
SPCX,2026-08-28 09:30:00-04:00,139.805,143.29,139.01,141.6,17036720
SPCX,2026-08-28 10:30:00-04:00,141.6,143.1,141.16,141.942,8091258
SPCX,2026-08-28 11:30:00-04:00,141.945,142.3495,137.9,138.4699,9202864
SPCX,2026-08-28 12:30:00-04:00,138.475,140.04,138.4605,139.9,4348169
SPCX,2026-08-28 13:30:00-04:00,139.86,140.87,139.86,140.09,4197267
SPCX,2026-08-28 14:30:00-04:00,140.105,141.12,139.98,140.97,4104928
SPCX,2026-08-28 15:30:00-04:00,140.99,141.78,140.5401,141.46,5841970
SPCX,2026-08-31 09:30:00-04:00,140.03,143.68,139.925,142.9107,15934629
SPCX,2026-08-31 10:30:00-04:00,142.85,143.88,142.65,142.84,8668004
SPCX,2026-08-31 11:30:00-04:00,142.82,143.72,142.5,143.6,5493523
SPCX,2026-08-31 12:30:00-04:00,143.5999,144.135,141.8,142.4,7041290
SPCX,2026-08-31 13:30:00-04:00,142.4,143.48,142.31,142.335,4177943
SPCX,2026-08-31 14:30:00-04:00,142.32,142.6,141.96,142.48,4172155
SPCX,2026-08-31 15:30:00-04:00,142.49,143.86,142.16,143.74,7474358
SPCX,2026-09-01 09:30:00-04:00,141.855,144.77,141.167,143.825,18173443
SPCX,2026-09-01 10:30:00-04:00,143.85,144.5,142.75,144.01,8232621
SPCX,2026-09-01 11:30:00-04:00,144.0229,145.23,142.76,143.095,7990662
SPCX,2026-09-01 12:30:00-04:00,143.095,143.43,142.55,142.86,4129908
SPCX,2026-09-01 13:30:00-04:00,142.88,143.555,142.65,143.31,3676612
SPCX,2026-09-01 14:30:00-04:00,143.33,143.61,142.74,143.4,3791053
SPCX,2026-09-01 15:30:00-04:00,143.4,143.49,142.1,142.25,4131617
SPCX,2026-09-02 09:30:00-04:00,142.665,143.1,138.17,140.585,18044301
SPCX,2026-09-02 10:30:00-04:00,140.5825,140.64,139.71,140.42,5768807
SPCX,2026-09-02 11:30:00-04:00,140.41,141.595,140.3998,141.4,5031624
SPCX,2026-09-02 12:30:00-04:00,141.385,141.46,140.3,140.57,3587541
SPCX,2026-09-02 13:30:00-04:00,140.57,140.99,140.2313,140.81,3682891
SPCX,2026-09-02 14:30:00-04:00,140.8,140.95,139.6,140.32,4620202
SPCX,2026-09-02 15:30:00-04:00,140.3186,140.8599,139.75,140.72,5403755
SPCX,2026-09-03 09:30:00-04:00,141.361,149.8,141.05,149.41,37907897
SPCX,2026-09-03 10:30:00-04:00,149.41,149.84,147.2702,149.48,15815047
SPCX,2026-09-03 11:30:00-04:00,149.46,149.98,148.31,148.58,11668322
SPCX,2026-09-03 12:30:00-04:00,148.55,152.14,148.2002,150.925,21469912
SPCX,2026-09-03 13:30:00-04:00,150.925,152.3,150.7,150.92,10397087
SPCX,2026-09-03 14:30:00-04:00,150.92,152.05,150.78,151.56,7887071
SPCX,2026-09-03 15:30:00-04:00,151.5698,151.61,149.175,149.69,10274132
POET,2026-07-06 09:30:00-04:00,8.92,9.2,8.77,9.175,2741613
POET,2026-07-06 10:30:00-04:00,9.175,9.25,9.011,9.0901,1480768
POET,2026-07-06 11:30:00-04:00,9.09,9.2,9.05,9.11,868214
POET,2026-07-06 12:30:00-04:00,9.11,9.135,9.0005,9.0205,796607
POET,2026-07-06 13:30:00-04:00,9.02,9.0399,8.92,8.985,843922
POET,2026-07-06 14:30:00-04:00,8.985,8.99,8.93,8.96,595051
POET,2026-07-06 15:30:00-04:00,8.965,8.965,8.88,8.94,1651296
POET,2026-07-07 09:30:00-04:00,8.5,8.7755,8.115,8.185,3304178
POET,2026-07-07 10:30:00-04:00,8.185,8.29,8.059,8.22,2186194
POET,2026-07-07 11:30:00-04:00,8.225,8.345,8.115,8.3,1238219
POET,2026-07-07 12:30:00-04:00,8.295,8.36,8.23,8.355,730900
POET,2026-07-07 13:30:00-04:00,8.36,8.455,8.33,8.395,1035485
POET,2026-07-07 14:30:00-04:00,8.395,8.395,8.215,8.26,1503906
POET,2026-07-07 15:30:00-04:00,8.265,8.31,8.24,8.28,1399618
POET,2026-07-08 09:30:00-04:00,8.3,8.82,8.14,8.56,3619732
POET,2026-07-08 10:30:00-04:00,8.545,8.625,8.13,8.19,1848085
POET,2026-07-08 11:30:00-04:00,8.185,8.328,8.15,8.305,911842
POET,2026-07-08 12:30:00-04:00,8.3041,8.46,8.24,8.455,865470
POET,2026-07-08 13:30:00-04:00,8.46,8.48,8.34,8.445,712903
POET,2026-07-08 14:30:00-04:00,8.44,8.54,8.405,8.515,728444
POET,2026-07-08 15:30:00-04:00,8.52,8.52,8.43,8.495,953352
POET,2026-07-09 09:30:00-04:00,8.805,9.145,8.675,8.865,5401174
POET,2026-07-09 10:30:00-04:00,8.855,8.9299,8.77,8.895,1527821
POET,2026-07-09 11:30:00-04:00,8.895,8.9,8.7103,8.74,1031279
POET,2026-07-09 12:30:00-04:00,8.745,8.86,8.69,8.84,644401
POET,2026-07-09 13:30:00-04:00,8.835,8.91,8.78,8.805,672860
POET,2026-07-09 14:30:00-04:00,8.81,8.87,8.75,8.795,823893
POET,2026-07-09 15:30:00-04:00,8.795,8.795,8.675,8.705,1145414
POET,2026-07-10 09:30:00-04:00,8.57,8.6,8.25,8.3686,2553239
POET,2026-07-10 10:30:00-04:00,8.355,8.438,8.24,8.42,1345412
POET,2026-07-10 11:30:00-04:00,8.425,8.43,8.2903,8.405,1226211
POET,2026-07-10 12:30:00-04:00,8.405,8.465,8.385,8.438,551794
POET,2026-07-10 13:30:00-04:00,8.435,8.5,8.365,8.405,578931
POET,2026-07-10 14:30:00-04:00,8.405,8.42,8.335,8.3699,583801
POET,2026-07-10 15:30:00-04:00,8.365,8.4,8.295,8.311,752777
POET,2026-07-13 09:30:00-04:00,8.1825,8.24,7.95,8.225,3455063
POET,2026-07-13 10:30:00-04:00,8.22,8.27,8.12,8.23,1054697
POET,2026-07-13 11:30:00-04:00,8.23,8.26,8.0,8.0399,1154750
POET,2026-07-13 12:30:00-04:00,8.04,8.04,7.84,7.865,2158552
POET,2026-07-13 13:30:00-04:00,7.8699,7.9961,7.85,7.905,591945
POET,2026-07-13 14:30:00-04:00,7.9,7.945,7.82,7.835,879567
POET,2026-07-13 15:30:00-04:00,7.84,8.02,7.835,8.01,1253382
POET,2026-07-14 09:30:00-04:00,8.38,8.62,8.25,8.3,3871513
POET,2026-07-14 10:30:00-04:00,8.31,8.555,8.259,8.525,1520886
POET,2026-07-14 11:30:00-04:00,8.53,8.5401,8.38,8.49,912169
POET,2026-07-14 12:30:00-04:00,8.485,8.575,8.42,8.525,835219
POET,2026-07-14 13:30:00-04:00,8.525,8.73,8.5,8.585,1915040
POET,2026-07-14 14:30:00-04:00,8.595,8.71,8.59,8.615,938391
POET,2026-07-14 15:30:00-04:00,8.615,8.85,8.575,8.81,1736801
POET,2026-07-15 09:30:00-04:00,8.97,9.15,8.63,8.765,5939522
POET,2026-07-15 10:30:00-04:00,8.77,8.81,8.37,8.52,1899074
POET,2026-07-15 11:30:00-04:00,8.515,8.52,8.15,8.215,2157498
POET,2026-07-15 12:30:00-04:00,8.215,8.4655,8.14,8.445,1190059
POET,2026-07-15 13:30:00-04:00,8.45,8.56,8.4103,8.485,928693
POET,2026-07-15 14:30:00-04:00,8.495,8.525,8.31,8.35,626263
POET,2026-07-15 15:30:00-04:00,8.36,8.4299,8.25,8.25,1159608
POET,2026-07-16 09:30:00-04:00,7.935,8.06,7.635,7.73,4545663
POET,2026-07-16 10:30:00-04:00,7.7299,7.76,7.465,7.7,3832552
POET,2026-07-16 11:30:00-04:00,7.695,8.27,7.545,7.6154,1672677
POET,2026-07-16 12:30:00-04:00,7.615,7.6475,7.53,7.605,1728471
POET,2026-07-16 13:30:00-04:00,7.6,7.65,7.51,7.615,1297157
POET,2026-07-16 14:30:00-04:00,7.61,7.6299,7.55,7.58,687067
POET,2026-07-16 15:30:00-04:00,7.5772,7.695,7.52,7.675,1234016
POET,2026-07-17 09:30:00-04:00,7.35,7.6095,7.19,7.465,3815447
POET,2026-07-17 10:30:00-04:00,7.465,7.53,7.29,7.4,1550883
POET,2026-07-17 11:30:00-04:00,7.395,7.68,7.355,7.57,2479983
POET,2026-07-17 12:30:00-04:00,7.575,7.695,7.51,7.665,1238668
POET,2026-07-17 13:30:00-04:00,7.665,7.68,7.44,7.475,1651965
POET,2026-07-17 14:30:00-04:00,7.47,7.51,7.33,7.4,1412793
POET,2026-07-17 15:30:00-04:00,7.4,7.44,7.35,7.38,1535968
POET,2026-07-20 09:30:00-04:00,7.55,7.74,7.46,7.65,2572281
POET,2026-07-20 10:30:00-04:00,7.645,7.66,7.525,7.585,906254
POET,2026-07-20 11:30:00-04:00,7.585,7.715,7.55,7.635,876076
POET,2026-07-20 12:30:00-04:00,7.64,7.6473,7.53,7.5399,611964
POET,2026-07-20 13:30:00-04:00,7.54,7.55,7.345,7.415,1465284
POET,2026-07-20 14:30:00-04:00,7.415,7.43,7.35,7.41,953381
POET,2026-07-20 15:30:00-04:00,7.42,7.53,7.405,7.48,1401031
POET,2026-07-21 09:30:00-04:00,7.82,8.25,7.77,8.2398,4045595
POET,2026-07-21 10:30:00-04:00,8.2399,8.42,8.13,8.3599,2682567
POET,2026-07-21 11:30:00-04:00,8.36,8.42,8.3,8.34,1188195
POET,2026-07-21 12:30:00-04:00,8.345,8.45,8.315,8.345,875755
POET,2026-07-21 13:30:00-04:00,8.35,8.4295,8.35,8.375,769040
POET,2026-07-21 14:30:00-04:00,8.37,8.375,8.24,8.265,1061593
POET,2026-07-21 15:30:00-04:00,8.27,8.395,8.245,8.355,1746786
POET,2026-07-22 09:30:00-04:00,8.045,8.2099,7.95,8.085,3047449
POET,2026-07-22 10:30:00-04:00,8.09,8.19,8.04,8.14,1135262
POET,2026-07-22 11:30:00-04:00,8.1413,8.1595,7.98,8.005,879717
POET,2026-07-22 12:30:00-04:00,8.005,8.03,7.9,7.925,1215844
POET,2026-07-22 13:30:00-04:00,7.9214,7.94,7.665,7.695,1414600
POET,2026-07-22 14:30:00-04:00,7.695,7.78,7.645,7.6869,1828114
POET,2026-07-22 15:30:00-04:00,7.685,7.71,7.625,7.66,1386645
POET,2026-07-23 09:30:00-04:00,7.52,7.925,7.515,7.765,3322531
POET,2026-07-23 10:30:00-04:00,7.77,7.77,7.51,7.555,1350678
POET,2026-07-23 11:30:00-04:00,7.5501,7.725,7.5401,7.725,783297
POET,2026-07-23 12:30:00-04:00,7.715,7.735,7.62,7.69,561051
POET,2026-07-23 13:30:00-04:00,7.685,7.695,7.555,7.595,568634
POET,2026-07-23 14:30:00-04:00,7.6,7.645,7.54,7.635,473682
POET,2026-07-23 15:30:00-04:00,7.635,7.645,7.56,7.595,981358
POET,2026-07-24 09:30:00-04:00,7.53,7.55,7.09,7.18,2798930
POET,2026-07-24 10:30:00-04:00,7.17,7.175,6.98,7.05,2504875
POET,2026-07-24 11:30:00-04:00,7.05,7.1298,7.02,7.0401,1371583
POET,2026-07-24 12:30:00-04:00,7.045,7.05,6.9401,7.015,1622326
POET,2026-07-24 13:30:00-04:00,7.015,7.03,6.91,6.91,1092070
POET,2026-07-24 14:30:00-04:00,6.91,6.95,6.86,6.925,1458648
POET,2026-07-24 15:30:00-04:00,6.925,6.965,6.89,6.895,1531805
POET,2026-07-27 09:30:00-04:00,7.02,7.23,6.94,6.9601,3156852
POET,2026-07-27 10:30:00-04:00,6.965,7.01,6.75,6.88,1630387
POET,2026-07-27 11:30:00-04:00,6.875,6.995,6.8,6.965,1096360
POET,2026-07-27 12:30:00-04:00,6.97,7.015,6.82,6.825,676713
POET,2026-07-27 13:30:00-04:00,6.83,6.9099,6.825,6.875,480547
POET,2026-07-27 14:30:00-04:00,6.87,7.035,6.825,7.025,490559
POET,2026-07-27 15:30:00-04:00,7.025,7.1199,7.0101,7.1,1519675
POET,2026-07-28 09:30:00-04:00,6.707,6.72,6.28,6.3475,4459082
POET,2026-07-28 10:30:00-04:00,6.35,6.67,6.335,6.65,1862016
POET,2026-07-28 11:30:00-04:00,6.655,6.79,6.635,6.6899,959666
POET,2026-07-28 12:30:00-04:00,6.68,6.7462,6.63,6.69,699937
POET,2026-07-28 13:30:00-04:00,6.685,6.7,6.6,6.61,434652
POET,2026-07-28 14:30:00-04:00,6.6099,6.795,6.605,6.79,407795
POET,2026-07-28 15:30:00-04:00,6.795,6.8,6.7001,6.755,1065182
POET,2026-07-29 09:30:00-04:00,6.7,6.93,6.605,6.735,2152289
POET,2026-07-29 10:30:00-04:00,6.74,6.795,6.66,6.715,1068206
POET,2026-07-29 11:30:00-04:00,6.715,6.775,6.52,6.595,1026061
POET,2026-07-29 12:30:00-04:00,6.5904,6.72,6.57,6.645,598861
POET,2026-07-29 13:30:00-04:00,6.645,6.81,6.6301,6.6681,785710
POET,2026-07-29 14:30:00-04:00,6.665,6.91,6.58,6.615,1580134
POET,2026-07-29 15:30:00-04:00,6.62,6.655,6.365,6.375,1730623
POET,2026-07-30 09:30:00-04:00,6.76,7.07,6.68,7.0526,2975320
POET,2026-07-30 10:30:00-04:00,7.055,7.13,6.955,6.985,1352878
POET,2026-07-30 11:30:00-04:00,6.985,7.06,6.9706,7.04,707782
POET,2026-07-30 12:30:00-04:00,7.0381,7.14,6.965,7.1,732161
POET,2026-07-30 13:30:00-04:00,7.105,7.14,7.06,7.1,741954
POET,2026-07-30 14:30:00-04:00,7.1,7.19,7.075,7.155,987436
POET,2026-07-30 15:30:00-04:00,7.15,7.3,7.15,7.265,1286367
POET,2026-07-31 09:30:00-04:00,7.675,7.73,6.98,7.159,5330164
POET,2026-07-31 10:30:00-04:00,7.165,7.23,7.02,7.035,1507331
POET,2026-07-31 11:30:00-04:00,7.04,7.09,6.97,7.065,1253612
POET,2026-07-31 12:30:00-04:00,7.065,7.155,7.035,7.135,522409
POET,2026-07-31 13:30:00-04:00,7.13,7.1796,7.06,7.095,575038
POET,2026-07-31 14:30:00-04:00,7.095,7.14,7.0714,7.105,529298
POET,2026-07-31 15:30:00-04:00,7.1,7.105,6.98,6.985,1110157
POET,2026-08-03 09:30:00-04:00,6.72,7.08,6.65,7.07,2630760
POET,2026-08-03 10:30:00-04:00,7.06,7.305,7.055,7.1241,1956454
POET,2026-08-03 11:30:00-04:00,7.125,7.28,7.1205,7.27,732383
POET,2026-08-03 12:30:00-04:00,7.27,7.285,7.21,7.285,551282
POET,2026-08-03 13:30:00-04:00,7.2801,7.4,7.27,7.28,637293
POET,2026-08-03 14:30:00-04:00,7.285,7.345,7.26,7.3128,608613
POET,2026-08-03 15:30:00-04:00,7.315,7.365,7.26,7.36,899134
POET,2026-08-04 09:30:00-04:00,8.378,8.57,8.13,8.2692,11728390
POET,2026-08-04 10:30:00-04:00,8.269,8.3296,8.17,8.27,2274444
POET,2026-08-04 11:30:00-04:00,8.27,8.525,8.27,8.495,2421932
POET,2026-08-04 12:30:00-04:00,8.495,8.6,8.48,8.585,1481021
POET,2026-08-04 13:30:00-04:00,8.58,8.6,8.49,8.575,1405110
POET,2026-08-04 14:30:00-04:00,8.575,8.605,8.5,8.5199,1143983
POET,2026-08-04 15:30:00-04:00,8.52,8.67,8.49,8.565,2069969
POET,2026-08-05 09:30:00-04:00,8.235,8.52,8.191,8.315,3313553
POET,2026-08-05 10:30:00-04:00,8.31,8.32,8.15,8.279,1279774
POET,2026-08-05 11:30:00-04:00,8.2835,8.365,8.22,8.365,710239
POET,2026-08-05 12:30:00-04:00,8.365,8.38,8.27,8.35,580855
POET,2026-08-05 13:30:00-04:00,8.35,8.37,8.28,8.285,475795
POET,2026-08-05 14:30:00-04:00,8.28,8.285,8.19,8.21,781610
POET,2026-08-05 15:30:00-04:00,8.2095,8.24,8.065,8.095,1311622
POET,2026-08-06 09:30:00-04:00,7.95,8.79,7.8,8.71,4929389
POET,2026-08-06 10:30:00-04:00,8.72,9.135,8.66,8.905,4741467
POET,2026-08-06 11:30:00-04:00,8.905,8.9296,8.42,8.5,2979910
POET,2026-08-06 12:30:00-04:00,8.505,8.7499,8.505,8.7,1427167
POET,2026-08-06 13:30:00-04:00,8.69,8.7,8.49,8.555,1329657
POET,2026-08-06 14:30:00-04:00,8.565,8.63,8.525,8.56,861306
POET,2026-08-06 15:30:00-04:00,8.56,8.61,8.45,8.52,1512375
POET,2026-08-07 09:30:00-04:00,8.99,9.17,8.62,8.9101,6506222
POET,2026-08-07 10:30:00-04:00,8.92,8.92,8.61,8.895,2419320
POET,2026-08-07 11:30:00-04:00,8.895,9.02,8.8381,8.86,1697028
POET,2026-08-07 12:30:00-04:00,8.87,8.93,8.8,8.885,1297776
POET,2026-08-07 13:30:00-04:00,8.8901,9.0,8.87,8.9295,855541
POET,2026-08-07 14:30:00-04:00,8.925,9.11,8.865,9.035,1725658
POET,2026-08-07 15:30:00-04:00,9.035,9.035,8.89,8.9001,1615544
POET,2026-08-10 09:30:00-04:00,9.12,9.25,8.7,8.75,6288849
POET,2026-08-10 10:30:00-04:00,8.75,8.755,8.53,8.585,2467419
POET,2026-08-10 11:30:00-04:00,8.585,8.725,8.57,8.62,711711
POET,2026-08-10 12:30:00-04:00,8.62,8.635,8.57,8.6,648660
POET,2026-08-10 13:30:00-04:00,8.595,8.65,8.52,8.5204,556049
POET,2026-08-10 14:30:00-04:00,8.52,8.615,8.5,8.595,583710
POET,2026-08-10 15:30:00-04:00,8.6,8.6,8.51,8.565,1183747
POET,2026-08-11 09:30:00-04:00,8.54,8.68,8.38,8.585,2641122
POET,2026-08-11 10:30:00-04:00,8.59,8.615,8.4,8.44,3252923
POET,2026-08-11 11:30:00-04:00,8.44,8.51,8.43,8.4636,516604
POET,2026-08-11 12:30:00-04:00,8.4681,8.49,8.43,8.455,445256
POET,2026-08-11 13:30:00-04:00,8.455,8.6,8.42,8.54,856891
POET,2026-08-11 14:30:00-04:00,8.54,8.62,8.53,8.59,875133
POET,2026-08-11 15:30:00-04:00,8.585,8.64,8.545,8.58,1295456
POET,2026-08-12 09:30:00-04:00,8.98,9.05,8.652,8.855,3103218
POET,2026-08-12 10:30:00-04:00,8.855,8.98,8.7633,8.8536,1802131
POET,2026-08-12 11:30:00-04:00,8.855,8.94,8.79,8.88,973657
POET,2026-08-12 12:30:00-04:00,8.8896,8.955,8.8699,8.915,779350
POET,2026-08-12 13:30:00-04:00,8.915,8.99,8.895,8.905,940393
POET,2026-08-12 14:30:00-04:00,8.9077,8.9296,8.855,8.87,624996
POET,2026-08-12 15:30:00-04:00,8.87,8.88,8.77,8.86,1188098
POET,2026-08-13 09:30:00-04:00,8.8,9.5,8.7,9.4402,7232362
POET,2026-08-13 10:30:00-04:00,9.4424,9.4598,9.22,9.37,2456871
POET,2026-08-13 11:30:00-04:00,9.37,9.43,9.09,9.145,1798575
POET,2026-08-13 12:30:00-04:00,9.145,9.21,9.0604,9.17,913120
POET,2026-08-13 13:30:00-04:00,9.165,9.18,8.98,9.0561,1190718
POET,2026-08-13 14:30:00-04:00,9.059,9.19,9.02,9.035,1120920
POET,2026-08-13 15:30:00-04:00,9.03,9.03,8.88,8.895,1476291
POET,2026-08-14 09:30:00-04:00,8.91,9.49,8.91,9.45,5137596
POET,2026-08-14 10:30:00-04:00,9.455,9.67,9.28,9.4499,3168593
POET,2026-08-14 11:30:00-04:00,9.4499,9.56,9.22,9.475,2161562
POET,2026-08-14 12:30:00-04:00,9.48,9.5799,9.38,9.51,940145
POET,2026-08-14 13:30:00-04:00,9.515,9.6,9.49,9.5232,1166428
POET,2026-08-14 14:30:00-04:00,9.52,9.57,9.45,9.545,957395
POET,2026-08-14 15:30:00-04:00,9.545,9.62,9.5,9.58,1561612
POET,2026-08-17 09:30:00-04:00,9.74,10.0,9.49,9.53,5244348
POET,2026-08-17 10:30:00-04:00,9.535,9.56,9.41,9.56,1448878
POET,2026-08-17 11:30:00-04:00,9.565,9.6,9.4701,9.57,792122
POET,2026-08-17 12:30:00-04:00,9.575,9.62,9.53,9.5404,767191
POET,2026-08-17 13:30:00-04:00,9.545,9.5674,9.41,9.43,727410
POET,2026-08-17 14:30:00-04:00,9.4358,9.465,9.29,9.38,863756
POET,2026-08-17 15:30:00-04:00,9.385,9.455,9.343,9.39,1074360
POET,2026-08-18 09:30:00-04:00,8.78,9.075,8.655,8.74,4242844
POET,2026-08-18 10:30:00-04:00,8.755,8.755,8.4503,8.545,2113255
POET,2026-08-18 11:30:00-04:00,8.545,8.605,8.49,8.495,1077963
POET,2026-08-18 12:30:00-04:00,8.49,8.5896,8.48,8.53,552547
POET,2026-08-18 13:30:00-04:00,8.54,8.54,8.44,8.495,978837
POET,2026-08-18 14:30:00-04:00,8.495,8.52,8.46,8.505,652648
POET,2026-08-18 15:30:00-04:00,8.5,8.52,8.43,8.505,1034129
POET,2026-08-19 09:30:00-04:00,8.55,8.67,8.08,8.235,3646117
POET,2026-08-19 10:30:00-04:00,8.235,8.37,8.1901,8.355,1184402
POET,2026-08-19 11:30:00-04:00,8.355,8.41,8.295,8.385,481278
POET,2026-08-19 12:30:00-04:00,8.385,8.435,8.3,8.3289,356123
POET,2026-08-19 13:30:00-04:00,8.325,8.36,8.27,8.315,413622
POET,2026-08-19 14:30:00-04:00,8.315,8.38,8.29,8.35,366279
POET,2026-08-19 15:30:00-04:00,8.36,8.485,8.36,8.44,924688
POET,2026-08-20 09:30:00-04:00,8.365,8.5,8.205,8.255,1645120
POET,2026-08-20 10:30:00-04:00,8.26,8.39,8.21,8.255,1007457
POET,2026-08-20 11:30:00-04:00,8.26,8.26,8.15,8.195,668617
POET,2026-08-20 12:30:00-04:00,8.19,8.25,8.16,8.185,550702
POET,2026-08-20 13:30:00-04:00,8.1883,8.23,8.14,8.185,611670
POET,2026-08-20 14:30:00-04:00,8.185,8.21,8.14,8.185,640728
POET,2026-08-20 15:30:00-04:00,8.18,8.28,8.175,8.27,865044
POET,2026-08-21 09:30:00-04:00,8.3,8.43,8.1414,8.22,1890395
POET,2026-08-21 10:30:00-04:00,8.225,8.315,8.15,8.26,1025037
POET,2026-08-21 11:30:00-04:00,8.26,8.34,8.16,8.215,656504
POET,2026-08-21 12:30:00-04:00,8.22,8.255,8.16,8.25,357812
POET,2026-08-21 13:30:00-04:00,8.259,8.29,8.24,8.255,356144
POET,2026-08-21 14:30:00-04:00,8.2587,8.2587,8.195,8.225,525300
POET,2026-08-21 15:30:00-04:00,8.23,8.28,8.209,8.26,727838
POET,2026-08-24 09:30:00-04:00,7.98,8.01,7.68,7.775,3169004
POET,2026-08-24 10:30:00-04:00,7.78,7.9,7.73,7.81,1283698
POET,2026-08-24 11:30:00-04:00,7.805,7.86,7.755,7.79,1054012
POET,2026-08-24 12:30:00-04:00,7.79,7.805,7.74,7.7526,804108
POET,2026-08-24 13:30:00-04:00,7.75,7.78,7.705,7.7737,805091
POET,2026-08-24 14:30:00-04:00,7.775,7.795,7.74,7.765,644207
POET,2026-08-24 15:30:00-04:00,7.76,7.82,7.73,7.765,865208
POET,2026-08-25 09:30:00-04:00,7.99,8.01,7.83,7.93,1735222
POET,2026-08-25 10:30:00-04:00,7.93,8.05,7.88,8.015,557796
POET,2026-08-25 11:30:00-04:00,8.02,8.05,7.99,8.035,403668
POET,2026-08-25 12:30:00-04:00,8.04,8.05,7.96,8.0199,393548
POET,2026-08-25 13:30:00-04:00,8.015,8.045,7.75,8.0295,308824
POET,2026-08-25 14:30:00-04:00,8.025,8.07,8.02,8.05,388976
POET,2026-08-25 15:30:00-04:00,8.045,8.085,8.01,8.08,575857
POET,2026-08-26 09:30:00-04:00,7.95,8.18,7.88,7.9,1356983
POET,2026-08-26 10:30:00-04:00,7.905,7.945,7.83,7.865,672481
POET,2026-08-26 11:30:00-04:00,7.865,7.9087,7.82,7.835,454213
POET,2026-08-26 12:30:00-04:00,7.835,7.925,7.825,7.92,429305
POET,2026-08-26 13:30:00-04:00,7.915,7.96,7.915,7.935,350954
POET,2026-08-26 14:30:00-04:00,7.935,8.0695,7.935,8.065,577327
POET,2026-08-26 15:30:00-04:00,8.06,8.16,8.03,8.085,1138995
POET,2026-08-27 09:30:00-04:00,8.369,8.42,8.16,8.27,2516507
POET,2026-08-27 10:30:00-04:00,8.28,8.28,8.105,8.14,1234915
POET,2026-08-27 11:30:00-04:00,8.14,8.25,8.13,8.21,475769
POET,2026-08-27 12:30:00-04:00,8.21,8.28,8.18,8.2,542312
POET,2026-08-27 13:30:00-04:00,8.205,8.315,8.15,8.165,624384
POET,2026-08-27 14:30:00-04:00,8.16,8.2,8.1,8.175,562677
POET,2026-08-27 15:30:00-04:00,8.17,8.215,8.15,8.175,673203
POET,2026-08-28 09:30:00-04:00,8.06,8.07,7.8,7.87,1476626
POET,2026-08-28 10:30:00-04:00,7.865,7.9266,7.77,7.7999,1130012
POET,2026-08-28 11:30:00-04:00,7.7982,7.7999,7.5716,7.595,2245163
POET,2026-08-28 12:30:00-04:00,7.595,7.62,7.485,7.5116,1836374
POET,2026-08-28 13:30:00-04:00,7.515,7.56,7.4901,7.5299,613388
POET,2026-08-28 14:30:00-04:00,7.527,7.605,7.49,7.598,1119095
POET,2026-08-28 15:30:00-04:00,7.59,7.605,7.5,7.51,1221014
POET,2026-08-31 09:30:00-04:00,7.54,7.69,7.44,7.465,1677077
POET,2026-08-31 10:30:00-04:00,7.465,7.4699,7.41,7.445,534564
POET,2026-08-31 11:30:00-04:00,7.44,7.44,7.4,7.415,648053
POET,2026-08-31 12:30:00-04:00,7.4152,7.455,7.41,7.41,378669
POET,2026-08-31 13:30:00-04:00,7.41,7.435,7.395,7.425,395911
POET,2026-08-31 14:30:00-04:00,7.425,7.45,7.4,7.45,399564
POET,2026-08-31 15:30:00-04:00,7.4487,7.49,7.42,7.46,754687
POET,2026-09-01 09:30:00-04:00,7.21,7.34,7.09,7.115,2038661
POET,2026-09-01 10:30:00-04:00,7.115,7.1691,7.09,7.105,886732
POET,2026-09-01 11:30:00-04:00,7.105,7.16,7.09,7.0999,872450
POET,2026-09-01 12:30:00-04:00,7.095,7.135,7.075,7.135,541355
POET,2026-09-01 13:30:00-04:00,7.14,7.1591,7.0902,7.105,575394
POET,2026-09-01 14:30:00-04:00,7.105,7.175,7.0501,7.165,699159
POET,2026-09-01 15:30:00-04:00,7.165,7.2,7.1,7.1,934455
POET,2026-09-02 09:30:00-04:00,7.13,7.28,7.02,7.22,2244684
POET,2026-09-02 10:30:00-04:00,7.225,7.25,7.17,7.21,748742
POET,2026-09-02 11:30:00-04:00,7.2,7.24,7.185,7.185,352719
POET,2026-09-02 12:30:00-04:00,7.185,7.21,7.15,7.165,265195
POET,2026-09-02 13:30:00-04:00,7.165,7.2162,7.16,7.2066,311987
POET,2026-09-02 14:30:00-04:00,7.2024,7.27,7.19,7.2486,556535
POET,2026-09-02 15:30:00-04:00,7.24,7.3,7.22,7.29,774261
POET,2026-09-03 09:30:00-04:00,7.27,7.33,7.095,7.215,1723884
POET,2026-09-03 10:30:00-04:00,7.215,7.34,7.19,7.33,668257
POET,2026-09-03 11:30:00-04:00,7.335,7.4,7.29,7.3,697706
POET,2026-09-03 12:30:00-04:00,7.31,7.32,7.24,7.255,572552
POET,2026-09-03 13:30:00-04:00,7.26,7.29,7.24,7.255,417423
POET,2026-09-03 14:30:00-04:00,7.255,7.31,7.235,7.31,492669
POET,2026-09-03 15:30:00-04:00,7.3099,7.385,7.28,7.33,1177447
RCAT,2026-07-06 09:30:00-04:00,10.34,10.55,10.06,10.23,5271192
RCAT,2026-07-06 10:30:00-04:00,10.235,10.265,9.97,10.185,1898991
RCAT,2026-07-06 11:30:00-04:00,10.18,10.29,10.06,10.185,823351
RCAT,2026-07-06 12:30:00-04:00,10.18,10.23,10.09,10.105,490948
RCAT,2026-07-06 13:30:00-04:00,10.105,10.195,9.985,10.135,855826
RCAT,2026-07-06 14:30:00-04:00,10.13,10.19,10.05,10.185,575381
RCAT,2026-07-06 15:30:00-04:00,10.19,10.19,10.04,10.11,1050220
RCAT,2026-07-07 09:30:00-04:00,10.0,10.015,9.2142,9.325,2789393
RCAT,2026-07-07 10:30:00-04:00,9.325,9.385,9.1473,9.385,1319707
RCAT,2026-07-07 11:30:00-04:00,9.385,9.59,9.32,9.57,670364
RCAT,2026-07-07 12:30:00-04:00,9.565,9.6,9.4501,9.48,484710
RCAT,2026-07-07 13:30:00-04:00,9.49,9.56,9.47,9.495,376102
RCAT,2026-07-07 14:30:00-04:00,9.4933,9.4933,9.315,9.33,738574
RCAT,2026-07-07 15:30:00-04:00,9.335,9.37,9.23,9.245,1219138
RCAT,2026-07-08 09:30:00-04:00,9.34,9.72,9.252,9.32,2719301
RCAT,2026-07-08 10:30:00-04:00,9.325,9.35,9.015,9.055,1127450
RCAT,2026-07-08 11:30:00-04:00,9.06,9.14,8.96,9.125,1125807
RCAT,2026-07-08 12:30:00-04:00,9.12,9.15,8.975,9.085,703984
RCAT,2026-07-08 13:30:00-04:00,9.085,9.14,8.98,9.085,562154
RCAT,2026-07-08 14:30:00-04:00,9.08,9.135,9.04,9.105,542029
RCAT,2026-07-08 15:30:00-04:00,9.105,9.21,9.07,9.17,937597
RCAT,2026-07-09 09:30:00-04:00,9.17,9.26,8.97,9.23,1912673
RCAT,2026-07-09 10:30:00-04:00,9.2299,9.36,9.2,9.2924,700834
RCAT,2026-07-09 11:30:00-04:00,9.3,9.3595,9.2503,9.28,437921
RCAT,2026-07-09 12:30:00-04:00,9.285,9.37,9.25,9.355,420948
RCAT,2026-07-09 13:30:00-04:00,9.3565,9.38,9.305,9.345,349111
RCAT,2026-07-09 14:30:00-04:00,9.345,9.38,9.255,9.265,484802
RCAT,2026-07-09 15:30:00-04:00,9.275,9.29,9.19,9.2,548597
RCAT,2026-07-10 09:30:00-04:00,9.2,9.25,8.871,8.96,1727945
RCAT,2026-07-10 10:30:00-04:00,8.96,9.02,8.83,8.9663,1077925
RCAT,2026-07-10 11:30:00-04:00,8.97,8.975,8.88,8.9695,507403
RCAT,2026-07-10 12:30:00-04:00,8.97,9.04,8.915,8.945,439962
RCAT,2026-07-10 13:30:00-04:00,8.945,8.96,8.8997,8.9298,369277
RCAT,2026-07-10 14:30:00-04:00,8.915,8.96,8.87,8.8741,476643
RCAT,2026-07-10 15:30:00-04:00,8.875,8.9,8.73,8.81,1286202
RCAT,2026-07-13 09:30:00-04:00,8.7,8.71,8.4,8.595,1822674
RCAT,2026-07-13 10:30:00-04:00,8.59,8.6687,8.47,8.625,692976
RCAT,2026-07-13 11:30:00-04:00,8.625,8.6256,8.43,8.4599,547006
RCAT,2026-07-13 12:30:00-04:00,8.455,8.58,8.38,8.455,721778
RCAT,2026-07-13 13:30:00-04:00,8.455,8.52,8.41,8.415,574770
RCAT,2026-07-13 14:30:00-04:00,8.415,8.439,8.27,8.305,1028241
RCAT,2026-07-13 15:30:00-04:00,8.305,8.45,8.29,8.375,1142914
RCAT,2026-07-14 09:30:00-04:00,8.57,8.88,8.52,8.695,2207113
RCAT,2026-07-14 10:30:00-04:00,8.69,8.79,8.63,8.725,812271
RCAT,2026-07-14 11:30:00-04:00,8.725,8.74,8.665,8.7377,466438
RCAT,2026-07-14 12:30:00-04:00,8.7398,8.75,8.6,8.71,349497
RCAT,2026-07-14 13:30:00-04:00,8.715,8.84,8.71,8.8,440444
RCAT,2026-07-14 14:30:00-04:00,8.8,8.84,8.75,8.775,417911
RCAT,2026-07-14 15:30:00-04:00,8.77,8.83,8.735,8.7999,739508
RCAT,2026-07-15 09:30:00-04:00,8.81,9.06,8.55,8.61,2020029
RCAT,2026-07-15 10:30:00-04:00,8.615,8.7,8.445,8.4914,1423327
RCAT,2026-07-15 11:30:00-04:00,8.5,8.53,8.2711,8.315,959797
RCAT,2026-07-15 12:30:00-04:00,8.32,8.435,8.26,8.395,789638
RCAT,2026-07-15 13:30:00-04:00,8.3901,8.54,8.39,8.455,479110
RCAT,2026-07-15 14:30:00-04:00,8.455,8.455,8.175,8.23,1030428
RCAT,2026-07-15 15:30:00-04:00,8.235,8.32,8.22,8.235,1105904
RCAT,2026-07-16 09:30:00-04:00,8.0,8.01,7.735,7.85,2143865
RCAT,2026-07-16 10:30:00-04:00,7.845,7.88,7.73,7.84,933111
RCAT,2026-07-16 11:30:00-04:00,7.84,8.24,7.7,7.7765,910772
RCAT,2026-07-16 12:30:00-04:00,7.78,7.79,7.66,7.72,689226
RCAT,2026-07-16 13:30:00-04:00,7.72,7.75,7.645,7.7159,650165
RCAT,2026-07-16 14:30:00-04:00,7.7199,7.75,7.67,7.685,697030
RCAT,2026-07-16 15:30:00-04:00,7.685,7.705,7.61,7.68,981032
RCAT,2026-07-17 09:30:00-04:00,7.5,7.79,7.4001,7.64,2051913
RCAT,2026-07-17 10:30:00-04:00,7.64,7.7,7.535,7.635,772767
RCAT,2026-07-17 11:30:00-04:00,7.6305,7.885,7.59,7.84,791290
RCAT,2026-07-17 12:30:00-04:00,7.845,7.9656,7.805,7.92,670904
RCAT,2026-07-17 13:30:00-04:00,7.92,7.94,7.74,7.755,393791
RCAT,2026-07-17 14:30:00-04:00,7.755,7.79,7.64,7.68,524147
RCAT,2026-07-17 15:30:00-04:00,7.69,7.715,7.62,7.63,781553
RCAT,2026-07-20 09:30:00-04:00,7.8,7.9,7.61,7.765,1595735
RCAT,2026-07-20 10:30:00-04:00,7.76,7.8,7.65,7.77,656263
RCAT,2026-07-20 11:30:00-04:00,7.78,7.91,7.69,7.87,516088
RCAT,2026-07-20 12:30:00-04:00,7.87,7.91,7.78,7.855,558039
RCAT,2026-07-20 13:30:00-04:00,7.855,7.97,7.835,7.8798,554018
RCAT,2026-07-20 14:30:00-04:00,7.8701,7.8701,7.695,7.74,590443
RCAT,2026-07-20 15:30:00-04:00,7.75,7.77,7.69,7.765,636865
RCAT,2026-07-21 09:30:00-04:00,8.0,8.33,7.885,8.3201,1686234
RCAT,2026-07-21 10:30:00-04:00,8.325,8.44,8.24,8.435,1025471
RCAT,2026-07-21 11:30:00-04:00,8.43,8.52,8.375,8.455,894031
RCAT,2026-07-21 12:30:00-04:00,8.455,8.5599,8.4,8.495,734863
RCAT,2026-07-21 13:30:00-04:00,8.5,8.55,8.455,8.515,473892
RCAT,2026-07-21 14:30:00-04:00,8.51,8.515,8.42,8.46,488382
RCAT,2026-07-21 15:30:00-04:00,8.47,8.6,8.47,8.58,711532
RCAT,2026-07-22 09:30:00-04:00,8.17,8.56,8.12,8.485,3049157
RCAT,2026-07-22 10:30:00-04:00,8.49,8.555,8.08,8.225,2124619
RCAT,2026-07-22 11:30:00-04:00,8.2256,8.3199,8.1501,8.21,1863416
RCAT,2026-07-22 12:30:00-04:00,8.215,8.23,8.02,8.035,1243211
RCAT,2026-07-22 13:30:00-04:00,8.03,8.04,7.81,7.815,1350802
RCAT,2026-07-22 14:30:00-04:00,7.815,7.925,7.78,7.895,1307834
RCAT,2026-07-22 15:30:00-04:00,7.895,7.905,7.805,7.83,1104078
RCAT,2026-07-23 09:30:00-04:00,7.79,8.115,7.7101,7.9948,2012768
RCAT,2026-07-23 10:30:00-04:00,7.995,7.9997,7.7,7.745,1037249
RCAT,2026-07-23 11:30:00-04:00,7.74,8.1067,7.725,8.07,912297
RCAT,2026-07-23 12:30:00-04:00,8.065,8.07,7.955,8.015,598393
RCAT,2026-07-23 13:30:00-04:00,8.01,8.045,7.885,7.94,434967
RCAT,2026-07-23 14:30:00-04:00,7.93,8.03,7.845,8.015,962238
RCAT,2026-07-23 15:30:00-04:00,8.0154,8.095,7.96,8.04,1239969
RCAT,2026-07-24 09:30:00-04:00,8.01,8.075,7.58,7.725,1600168
RCAT,2026-07-24 10:30:00-04:00,7.715,7.8,7.54,7.765,1028706
RCAT,2026-07-24 11:30:00-04:00,7.765,7.83,7.685,7.755,718724
RCAT,2026-07-24 12:30:00-04:00,7.74,7.755,7.605,7.6901,601130
RCAT,2026-07-24 13:30:00-04:00,7.695,7.7,7.61,7.635,525411
RCAT,2026-07-24 14:30:00-04:00,7.635,7.635,7.545,7.6198,679136
RCAT,2026-07-24 15:30:00-04:00,7.6235,7.655,7.575,7.635,827595
RCAT,2026-07-27 09:30:00-04:00,7.81,8.0,7.685,7.695,1310688
RCAT,2026-07-27 10:30:00-04:00,7.69,7.74,7.51,7.65,877758
RCAT,2026-07-27 11:30:00-04:00,7.66,7.7,7.55,7.6999,569904
RCAT,2026-07-27 12:30:00-04:00,7.7,7.75,7.56,7.565,471947
RCAT,2026-07-27 13:30:00-04:00,7.565,7.645,7.55,7.595,485146
RCAT,2026-07-27 14:30:00-04:00,7.5901,7.78,7.53,7.775,832834
RCAT,2026-07-27 15:30:00-04:00,7.7772,7.815,7.7402,7.795,709686
RCAT,2026-07-28 09:30:00-04:00,7.5,7.524,7.0601,7.1199,1724822
RCAT,2026-07-28 10:30:00-04:00,7.12,7.43,7.095,7.43,785000
RCAT,2026-07-28 11:30:00-04:00,7.43,7.46,7.35,7.38,595774
RCAT,2026-07-28 12:30:00-04:00,7.375,7.485,7.34,7.385,635715
RCAT,2026-07-28 13:30:00-04:00,7.38,7.4,7.29,7.305,459325
RCAT,2026-07-28 14:30:00-04:00,7.305,7.445,7.26,7.435,879647
RCAT,2026-07-28 15:30:00-04:00,7.434,7.48,7.36,7.465,692528
RCAT,2026-07-29 09:30:00-04:00,7.37,7.4,6.97,7.0057,1344538
RCAT,2026-07-29 10:30:00-04:00,7.005,7.035,6.875,6.915,1200372
RCAT,2026-07-29 11:30:00-04:00,6.91,6.9399,6.76,6.875,1036505
RCAT,2026-07-29 12:30:00-04:00,6.88,6.955,6.85,6.905,577891
RCAT,2026-07-29 13:30:00-04:00,6.905,7.085,6.8901,6.9432,695915
RCAT,2026-07-29 14:30:00-04:00,6.95,7.17,6.895,6.945,944084
RCAT,2026-07-29 15:30:00-04:00,6.95,6.99,6.705,6.77,1380262
RCAT,2026-07-30 09:30:00-04:00,7.0496,7.4,6.935,7.2301,1755794
RCAT,2026-07-30 10:30:00-04:00,7.235,7.235,7.055,7.16,682896
RCAT,2026-07-30 11:30:00-04:00,7.155,7.245,7.125,7.23,569555
RCAT,2026-07-30 12:30:00-04:00,7.23,7.265,7.1523,7.2461,414731
RCAT,2026-07-30 13:30:00-04:00,7.25,7.32,7.21,7.2899,885339
RCAT,2026-07-30 14:30:00-04:00,7.285,7.35,7.23,7.3114,815729
RCAT,2026-07-30 15:30:00-04:00,7.32,7.44,7.32,7.38,1247248
RCAT,2026-07-31 09:30:00-04:00,7.64,7.725,7.22,7.3599,1626283
RCAT,2026-07-31 10:30:00-04:00,7.3599,7.465,7.28,7.31,872152
RCAT,2026-07-31 11:30:00-04:00,7.31,7.415,7.28,7.415,974296
RCAT,2026-07-31 12:30:00-04:00,7.42,7.58,7.355,7.565,1254075
RCAT,2026-07-31 13:30:00-04:00,7.565,7.604,7.5,7.54,627518
RCAT,2026-07-31 14:30:00-04:00,7.54,7.6099,7.51,7.585,870159
RCAT,2026-07-31 15:30:00-04:00,7.59,7.61,7.52,7.535,1057508
RCAT,2026-08-03 09:30:00-04:00,7.405,7.93,7.3501,7.9101,1634926
RCAT,2026-08-03 10:30:00-04:00,7.915,8.06,7.875,7.955,1478691
RCAT,2026-08-03 11:30:00-04:00,7.95,8.07,7.94,8.0301,928641
RCAT,2026-08-03 12:30:00-04:00,8.035,8.135,7.98,8.1199,516280
RCAT,2026-08-03 13:30:00-04:00,8.125,8.22,8.11,8.1734,1086842
RCAT,2026-08-03 14:30:00-04:00,8.165,8.22,8.12,8.198,1772624
RCAT,2026-08-03 15:30:00-04:00,8.21,8.28,8.205,8.255,960491
RCAT,2026-08-04 09:30:00-04:00,8.55,8.96,8.52,8.695,2002065
RCAT,2026-08-04 10:30:00-04:00,8.7,8.835,8.65,8.775,743062
RCAT,2026-08-04 11:30:00-04:00,8.775,8.948,8.775,8.9,1642941
RCAT,2026-08-04 12:30:00-04:00,8.9,9.0399,8.895,8.98,1889806
RCAT,2026-08-04 13:30:00-04:00,8.98,8.98,8.87,8.955,2311038
RCAT,2026-08-04 14:30:00-04:00,8.955,8.98,8.87,8.905,1893860
RCAT,2026-08-04 15:30:00-04:00,8.9,8.92,8.79,8.8564,991444
RCAT,2026-08-05 09:30:00-04:00,8.9,9.1,8.6702,8.89,1826601
RCAT,2026-08-05 10:30:00-04:00,8.88,8.9,8.665,8.76,969778
RCAT,2026-08-05 11:30:00-04:00,8.76,8.8799,8.7199,8.8645,2166535
RCAT,2026-08-05 12:30:00-04:00,8.8699,8.88,8.705,8.765,1435246
RCAT,2026-08-05 13:30:00-04:00,8.75,8.845,8.735,8.7999,885847
RCAT,2026-08-05 14:30:00-04:00,8.795,8.795,8.695,8.785,885727
RCAT,2026-08-05 15:30:00-04:00,8.785,8.785,8.61,8.66,933175
RCAT,2026-08-06 09:30:00-04:00,8.252,8.99,8.252,8.945,1511294
RCAT,2026-08-06 10:30:00-04:00,8.95,9.03,8.81,8.9044,1291328
RCAT,2026-08-06 11:30:00-04:00,8.91,8.9268,8.69,8.7227,1880778
RCAT,2026-08-06 12:30:00-04:00,8.72,8.81,8.69,8.71,630626
RCAT,2026-08-06 13:30:00-04:00,8.705,8.81,8.63,8.785,711354
RCAT,2026-08-06 14:30:00-04:00,8.78,8.7955,8.7,8.73,775858
RCAT,2026-08-06 15:30:00-04:00,8.735,8.75,8.6302,8.68,1510027
RCAT,2026-08-07 09:30:00-04:00,8.615,8.97,8.22,8.885,3293067
RCAT,2026-08-07 10:30:00-04:00,8.8815,8.925,8.7,8.8734,1070998
RCAT,2026-08-07 11:30:00-04:00,8.8799,9.04,8.8282,8.955,1030515
RCAT,2026-08-07 12:30:00-04:00,8.962,8.9952,8.8814,8.95,726472
RCAT,2026-08-07 13:30:00-04:00,8.9502,9.085,8.915,9.05,785007
RCAT,2026-08-07 14:30:00-04:00,9.055,9.2799,8.985,9.24,1118930
RCAT,2026-08-07 15:30:00-04:00,9.24,9.315,9.14,9.2,1325619
RCAT,2026-08-10 09:30:00-04:00,9.28,9.88,9.26,9.835,4716787
RCAT,2026-08-10 10:30:00-04:00,9.825,10.045,9.79,9.9899,2440246
RCAT,2026-08-10 11:30:00-04:00,9.98,10.38,9.89,9.92,4274707
RCAT,2026-08-10 12:30:00-04:00,9.91,10.02,9.8,9.8801,1322076
RCAT,2026-08-10 13:30:00-04:00,9.885,9.965,9.8144,9.8299,2184770
RCAT,2026-08-10 14:30:00-04:00,9.825,9.96,9.755,9.925,1062963
RCAT,2026-08-10 15:30:00-04:00,9.935,10.0499,9.875,9.98,1247966
RCAT,2026-08-11 09:30:00-04:00,9.88,10.416,9.86,10.39,3059178
RCAT,2026-08-11 10:30:00-04:00,10.3995,10.65,10.2802,10.4834,2446532
RCAT,2026-08-11 11:30:00-04:00,10.48,10.68,10.45,10.5737,1562869
RCAT,2026-08-11 12:30:00-04:00,10.575,10.625,10.42,10.505,900762
RCAT,2026-08-11 13:30:00-04:00,10.51,10.625,10.465,10.48,777915
RCAT,2026-08-11 14:30:00-04:00,10.485,10.635,10.485,10.561,865422
RCAT,2026-08-11 15:30:00-04:00,10.565,10.67,10.56,10.65,1218414
RCAT,2026-08-12 09:30:00-04:00,10.88,10.94,10.32,10.47,3245823
RCAT,2026-08-12 10:30:00-04:00,10.47,10.535,10.3701,10.39,1210135
RCAT,2026-08-12 11:30:00-04:00,10.41,10.43,10.155,10.205,1443287
RCAT,2026-08-12 12:30:00-04:00,10.21,10.3852,10.18,10.23,720964
RCAT,2026-08-12 13:30:00-04:00,10.23,10.33,10.185,10.325,780167
RCAT,2026-08-12 14:30:00-04:00,10.33,10.4,10.265,10.385,1029064
RCAT,2026-08-12 15:30:00-04:00,10.38,10.4,10.24,10.33,916730
RCAT,2026-08-13 09:30:00-04:00,10.02,10.56,9.9204,10.5363,2477567
RCAT,2026-08-13 10:30:00-04:00,10.54,10.545,10.175,10.3302,1322698
RCAT,2026-08-13 11:30:00-04:00,10.33,10.38,10.13,10.2223,728824
RCAT,2026-08-13 12:30:00-04:00,10.22,10.335,10.19,10.255,576654
RCAT,2026-08-13 13:30:00-04:00,10.256,10.4199,10.23,10.345,359697
RCAT,2026-08-13 14:30:00-04:00,10.35,10.49,10.31,10.38,789099
RCAT,2026-08-13 15:30:00-04:00,10.37,10.485,10.21,10.22,1077221
RCAT,2026-08-14 09:30:00-04:00,11.4,11.76,10.513,11.0432,8005266
RCAT,2026-08-14 10:30:00-04:00,11.04,11.28,10.96,11.13,3036254
RCAT,2026-08-14 11:30:00-04:00,11.13,11.16,10.885,11.07,2006489
RCAT,2026-08-14 12:30:00-04:00,11.07,11.09,10.87,10.9501,997496
RCAT,2026-08-14 13:30:00-04:00,10.955,11.025,10.811,10.835,909235
RCAT,2026-08-14 14:30:00-04:00,10.83,11.07,10.74,11.025,1209496
RCAT,2026-08-14 15:30:00-04:00,11.03,11.17,10.97,11.125,1374244
RCAT,2026-08-17 09:30:00-04:00,10.84,10.84,10.24,10.57,3770198
RCAT,2026-08-17 10:30:00-04:00,10.55,10.5601,10.41,10.475,1047711
RCAT,2026-08-17 11:30:00-04:00,10.475,10.705,10.45,10.635,828264
RCAT,2026-08-17 12:30:00-04:00,10.64,10.685,10.43,10.45,758024
RCAT,2026-08-17 13:30:00-04:00,10.46,10.4999,10.35,10.39,784901
RCAT,2026-08-17 14:30:00-04:00,10.39,10.52,10.375,10.5,800395
RCAT,2026-08-17 15:30:00-04:00,10.49,10.55,10.42,10.43,827952
RCAT,2026-08-18 09:30:00-04:00,9.85,10.9556,9.8,10.55,4265940
RCAT,2026-08-18 10:30:00-04:00,10.56,10.565,10.265,10.405,1225047
RCAT,2026-08-18 11:30:00-04:00,10.405,10.545,10.36,10.43,827553
RCAT,2026-08-18 12:30:00-04:00,10.42,10.61,10.395,10.4301,570553
RCAT,2026-08-18 13:30:00-04:00,10.43,10.44,10.285,10.345,336181
RCAT,2026-08-18 14:30:00-04:00,10.345,10.3555,10.25,10.325,505722
RCAT,2026-08-18 15:30:00-04:00,10.325,10.355,10.1875,10.205,804366
RCAT,2026-08-19 09:30:00-04:00,10.1,10.215,9.63,9.875,2323050
RCAT,2026-08-19 10:30:00-04:00,9.87,10.05,9.8602,9.99,643310
RCAT,2026-08-19 11:30:00-04:00,9.995,10.065,9.895,10.02,381463
RCAT,2026-08-19 12:30:00-04:00,10.01,10.04,9.8677,9.885,367045
RCAT,2026-08-19 13:30:00-04:00,9.885,9.885,9.75,9.765,378775
RCAT,2026-08-19 14:30:00-04:00,9.77,9.88,9.74,9.84,523170
RCAT,2026-08-19 15:30:00-04:00,9.84,9.9,9.8,9.895,597195
RCAT,2026-08-20 09:30:00-04:00,9.75,9.78,9.335,9.395,1435674
RCAT,2026-08-20 10:30:00-04:00,9.39,9.42,9.19,9.2504,875837
RCAT,2026-08-20 11:30:00-04:00,9.255,9.2699,9.12,9.1299,648566
RCAT,2026-08-20 12:30:00-04:00,9.12,9.23,9.05,9.12,669735
RCAT,2026-08-20 13:30:00-04:00,9.12,9.3799,9.11,9.3159,727927
RCAT,2026-08-20 14:30:00-04:00,9.3154,9.38,9.23,9.3679,919648
RCAT,2026-08-20 15:30:00-04:00,9.368,9.54,9.365,9.535,1248001
RCAT,2026-08-21 09:30:00-04:00,9.6,9.99,9.5501,9.685,1146100
RCAT,2026-08-21 10:30:00-04:00,9.69,9.842,9.6304,9.78,683677
RCAT,2026-08-21 11:30:00-04:00,9.78,10.0377,9.775,10.005,1992070
RCAT,2026-08-21 12:30:00-04:00,10.01,10.01,9.795,9.865,1650185
RCAT,2026-08-21 13:30:00-04:00,9.865,9.895,9.77,9.78,945499
RCAT,2026-08-21 14:30:00-04:00,9.7899,9.82,9.7101,9.75,389794
RCAT,2026-08-21 15:30:00-04:00,9.74,9.77,9.585,9.635,906911
RCAT,2026-08-24 09:30:00-04:00,9.405,9.405,8.8601,8.95,1793634
RCAT,2026-08-24 10:30:00-04:00,8.945,9.04,8.91,9.005,714568
RCAT,2026-08-24 11:30:00-04:00,9.01,9.08,8.95,8.995,1240026
RCAT,2026-08-24 12:30:00-04:00,8.99,8.99,8.885,8.9062,438252
RCAT,2026-08-24 13:30:00-04:00,8.9,8.92,8.8415,8.865,666656
RCAT,2026-08-24 14:30:00-04:00,8.87,8.88,8.78,8.865,627915
RCAT,2026-08-24 15:30:00-04:00,8.865,8.95,8.81,8.94,1025996
RCAT,2026-08-25 09:30:00-04:00,9.155,9.23,9.04,9.14,1405961
RCAT,2026-08-25 10:30:00-04:00,9.13,9.33,9.07,9.25,831712
RCAT,2026-08-25 11:30:00-04:00,9.255,9.29,9.18,9.215,415794
RCAT,2026-08-25 12:30:00-04:00,9.215,9.24,9.12,9.165,268628
RCAT,2026-08-25 13:30:00-04:00,9.165,9.2,8.93,9.13,414638
RCAT,2026-08-25 14:30:00-04:00,9.135,9.15,9.055,9.145,372242
RCAT,2026-08-25 15:30:00-04:00,9.145,9.18,9.09,9.11,664686
RCAT,2026-08-26 09:30:00-04:00,8.985,9.25,8.875,8.895,1123160
RCAT,2026-08-26 10:30:00-04:00,8.89,8.9399,8.8283,8.845,647663
RCAT,2026-08-26 11:30:00-04:00,8.835,8.9299,8.8,8.9,389386
RCAT,2026-08-26 12:30:00-04:00,8.9,8.965,8.885,8.95,212942
RCAT,2026-08-26 13:30:00-04:00,8.95,8.965,8.86,8.865,408205
RCAT,2026-08-26 14:30:00-04:00,8.86,8.94,8.84,8.935,278670
RCAT,2026-08-26 15:30:00-04:00,8.93,8.96,8.895,8.935,466207
RCAT,2026-08-27 09:30:00-04:00,9.105,9.38,8.9501,9.364,1219918
RCAT,2026-08-27 10:30:00-04:00,9.37,9.3706,9.2201,9.29,521325
RCAT,2026-08-27 11:30:00-04:00,9.29,9.36,9.25,9.285,406151
RCAT,2026-08-27 12:30:00-04:00,9.29,9.34,9.25,9.26,420435
RCAT,2026-08-27 13:30:00-04:00,9.265,9.28,9.205,9.25,295037
RCAT,2026-08-27 14:30:00-04:00,9.245,9.415,9.2298,9.36,513700
RCAT,2026-08-27 15:30:00-04:00,9.365,9.4299,9.27,9.275,1147685
RCAT,2026-08-28 09:30:00-04:00,9.15,9.2103,8.7617,8.85,1662464
RCAT,2026-08-28 10:30:00-04:00,8.845,8.94,8.815,8.8301,867933
RCAT,2026-08-28 11:30:00-04:00,8.835,8.8368,8.555,8.5799,1131644
RCAT,2026-08-28 12:30:00-04:00,8.575,8.6201,8.51,8.5299,592362
RCAT,2026-08-28 13:30:00-04:00,8.52,8.56,8.4901,8.505,547055
RCAT,2026-08-28 14:30:00-04:00,8.5,8.55,8.45,8.545,596655
RCAT,2026-08-28 15:30:00-04:00,8.545,8.545,8.46,8.495,1109275
RCAT,2026-08-31 09:30:00-04:00,8.7,8.9799,8.54,8.56,2073021
RCAT,2026-08-31 10:30:00-04:00,8.555,8.585,8.485,8.54,682570
RCAT,2026-08-31 11:30:00-04:00,8.54,8.6297,8.51,8.615,501143
RCAT,2026-08-31 12:30:00-04:00,8.62,8.655,8.56,8.585,465370
RCAT,2026-08-31 13:30:00-04:00,8.585,8.605,8.52,8.5501,448876
RCAT,2026-08-31 14:30:00-04:00,8.55,8.61,8.54,8.575,353669
RCAT,2026-08-31 15:30:00-04:00,8.575,8.655,8.55,8.595,923194
RCAT,2026-09-01 09:30:00-04:00,8.33,8.5,8.26,8.29,1264046
RCAT,2026-09-01 10:30:00-04:00,8.285,8.33,8.2,8.2401,598222
RCAT,2026-09-01 11:30:00-04:00,8.25,8.3202,8.234,8.255,348988
RCAT,2026-09-01 12:30:00-04:00,8.25,8.3,8.22,8.2999,350193
RCAT,2026-09-01 13:30:00-04:00,8.3,8.31,8.255,8.265,294207
RCAT,2026-09-01 14:30:00-04:00,8.26,8.34,8.245,8.315,545585
RCAT,2026-09-01 15:30:00-04:00,8.3101,8.32,8.21,8.26,812942
RCAT,2026-09-02 09:30:00-04:00,8.1,8.29,8.05,8.23,1276238
RCAT,2026-09-02 10:30:00-04:00,8.235,8.2399,8.11,8.135,492539
RCAT,2026-09-02 11:30:00-04:00,8.136,8.14,8.0936,8.105,342058
RCAT,2026-09-02 12:30:00-04:00,8.1,8.13,8.09,8.1,306083
RCAT,2026-09-02 13:30:00-04:00,8.1,8.285,8.085,8.28,487287
RCAT,2026-09-02 14:30:00-04:00,8.275,8.315,8.22,8.23,523651
RCAT,2026-09-02 15:30:00-04:00,8.23,8.33,8.225,8.32,1336716
RCAT,2026-09-03 09:30:00-04:00,8.71,8.7499,8.48,8.505,2036215
RCAT,2026-09-03 10:30:00-04:00,8.505,8.55,8.43,8.485,828239
RCAT,2026-09-03 11:30:00-04:00,8.49,8.51,8.38,8.47,577080
RCAT,2026-09-03 12:30:00-04:00,8.475,8.5099,8.42,8.49,385571
RCAT,2026-09-03 13:30:00-04:00,8.5,8.555,8.475,8.4899,467920
RCAT,2026-09-03 14:30:00-04:00,8.485,8.505,8.41,8.485,529038
RCAT,2026-09-03 15:30:00-04:00,8.48,8.595,8.464,8.54,920629
IOT,2026-07-06 09:30:00-04:00,35.41,37.32,35.08,36.96,782615
IOT,2026-07-06 10:30:00-04:00,36.93,37.53,36.88,37.515,525166
IOT,2026-07-06 11:30:00-04:00,37.515,37.7096,37.35,37.6,312960
IOT,2026-07-06 12:30:00-04:00,37.61,37.73,37.53,37.6,259120
IOT,2026-07-06 13:30:00-04:00,37.6,37.62,37.23,37.33,318971
IOT,2026-07-06 14:30:00-04:00,37.33,37.58,37.27,37.52,461153
IOT,2026-07-06 15:30:00-04:00,37.51,37.635,37.38,37.49,1049892
IOT,2026-07-07 09:30:00-04:00,38.24,38.58,36.09,36.67,1269841
IOT,2026-07-07 10:30:00-04:00,36.66,37.105,36.385,36.92,944396
IOT,2026-07-07 11:30:00-04:00,36.92,37.28,36.79,37.18,466163
IOT,2026-07-07 12:30:00-04:00,37.19,37.37,37.145,37.22,407262
IOT,2026-07-07 13:30:00-04:00,37.22,37.275,36.875,37.04,793547
IOT,2026-07-07 14:30:00-04:00,37.03,37.03,36.405,36.44,750300
IOT,2026-07-07 15:30:00-04:00,36.44,36.555,36.195,36.335,1436019
IOT,2026-07-08 09:30:00-04:00,35.68,35.94,34.54,35.44,926273
IOT,2026-07-08 10:30:00-04:00,35.42,35.8,35.32,35.51,476444
IOT,2026-07-08 11:30:00-04:00,35.545,35.75,35.35,35.735,324634
IOT,2026-07-08 12:30:00-04:00,35.735,35.795,35.47,35.645,230514
IOT,2026-07-08 13:30:00-04:00,35.64,35.93,35.57,35.82,446309
IOT,2026-07-08 14:30:00-04:00,35.82,36.135,35.5613,36.07,893125
IOT,2026-07-08 15:30:00-04:00,36.08,36.62,36.0,36.45,1285273
IOT,2026-07-09 09:30:00-04:00,35.61,37.28,34.87,36.805,572624
IOT,2026-07-09 10:30:00-04:00,36.79,37.03,36.685,36.77,354074
IOT,2026-07-09 11:30:00-04:00,36.75,37.055,36.68,37.035,241145
IOT,2026-07-09 12:30:00-04:00,37.02,37.145,36.93,36.95,296498
IOT,2026-07-09 13:30:00-04:00,36.95,36.96,36.59,36.65,258872
IOT,2026-07-09 14:30:00-04:00,36.66,36.73,36.47,36.71,261470
IOT,2026-07-09 15:30:00-04:00,36.71,37.0,36.67,36.97,649118
IOT,2026-07-10 09:30:00-04:00,37.75,37.96,36.86,37.01,466348
IOT,2026-07-10 10:30:00-04:00,37.0,37.0,36.3,36.645,515380
IOT,2026-07-10 11:30:00-04:00,36.64,36.795,36.44,36.49,158437
IOT,2026-07-10 12:30:00-04:00,36.505,36.605,36.385,36.4,164926
IOT,2026-07-10 13:30:00-04:00,36.41,36.54,36.345,36.47,281623
IOT,2026-07-10 14:30:00-04:00,36.49,36.7,36.43,36.59,512753
IOT,2026-07-10 15:30:00-04:00,36.6,36.815,36.55,36.71,741641
IOT,2026-07-13 09:30:00-04:00,37.2,37.72,36.5,37.32,579220
IOT,2026-07-13 10:30:00-04:00,37.38,38.09,37.32,38.05,372509
IOT,2026-07-13 11:30:00-04:00,38.04,38.25,37.76,37.84,445823
IOT,2026-07-13 12:30:00-04:00,37.83,37.99,37.62,37.79,386172
IOT,2026-07-13 13:30:00-04:00,37.79,37.89,37.34,37.37,294589
IOT,2026-07-13 14:30:00-04:00,37.36,37.47,36.69,36.69,427771
IOT,2026-07-13 15:30:00-04:00,36.69,37.055,36.58,36.825,1356739
IOT,2026-07-14 09:30:00-04:00,35.5,37.25,34.7595,37.25,564544
IOT,2026-07-14 10:30:00-04:00,37.25,37.85,37.25,37.395,304657
IOT,2026-07-14 11:30:00-04:00,37.4,37.74,37.2043,37.74,235327
IOT,2026-07-14 12:30:00-04:00,37.735,37.88,37.45,37.52,265065
IOT,2026-07-14 13:30:00-04:00,37.51,37.55,37.3,37.44,206736
IOT,2026-07-14 14:30:00-04:00,37.43,37.5,37.04,37.13,373504
IOT,2026-07-14 15:30:00-04:00,37.13,37.22,36.89,36.89,871171
IOT,2026-07-15 09:30:00-04:00,37.82,38.15,37.3005,37.3005,567137
IOT,2026-07-15 10:30:00-04:00,37.3,37.42,36.56,36.675,256518
IOT,2026-07-15 11:30:00-04:00,36.65,36.79,36.41,36.5,332019
IOT,2026-07-15 12:30:00-04:00,36.51,36.56,36.2701,36.37,281259
IOT,2026-07-15 13:30:00-04:00,36.37,36.43,36.07,36.37,359076
IOT,2026-07-15 14:30:00-04:00,36.365,36.39,36.13,36.18,250319
IOT,2026-07-15 15:30:00-04:00,36.18,36.5,36.18,36.44,620629
IOT,2026-07-16 09:30:00-04:00,36.92,37.11,35.67,36.245,353924
IOT,2026-07-16 10:30:00-04:00,36.245,36.77,36.1469,36.68,244182
IOT,2026-07-16 11:30:00-04:00,36.64,36.75,36.08,36.24,354039
IOT,2026-07-16 12:30:00-04:00,36.24,37.4,36.17,37.33,1246159
IOT,2026-07-16 13:30:00-04:00,37.32,37.775,37.225,37.64,722882
IOT,2026-07-16 14:30:00-04:00,37.63,37.8299,37.38,37.425,702348
IOT,2026-07-16 15:30:00-04:00,37.42,37.68,37.34,37.47,899944
IOT,2026-07-17 09:30:00-04:00,36.95,39.4565,36.76,38.855,1704951
IOT,2026-07-17 10:30:00-04:00,38.92,38.93,37.56,37.795,797352
IOT,2026-07-17 11:30:00-04:00,37.78,38.1563,37.64,38.115,501452
IOT,2026-07-17 12:30:00-04:00,38.105,38.55,37.91,38.5154,538834
IOT,2026-07-17 13:30:00-04:00,38.55,38.745,38.47,38.48,540449
IOT,2026-07-17 14:30:00-04:00,38.49,38.53,38.135,38.395,532685
IOT,2026-07-17 15:30:00-04:00,38.395,38.5,38.17,38.32,1213926
IOT,2026-07-20 09:30:00-04:00,37.7,38.4483,37.5,37.7699,1028401
IOT,2026-07-20 10:30:00-04:00,37.76,39.115,37.73,38.94,1404659
IOT,2026-07-20 11:30:00-04:00,38.92,39.3,38.73,39.18,606981
IOT,2026-07-20 12:30:00-04:00,39.19,39.28,38.77,39.1,477955
IOT,2026-07-20 13:30:00-04:00,39.1,39.22,38.951,39.05,386003
IOT,2026-07-20 14:30:00-04:00,39.035,39.035,38.635,38.72,857379
IOT,2026-07-20 15:30:00-04:00,38.73,38.895,38.49,38.56,1063197
IOT,2026-07-21 09:30:00-04:00,38.0,38.71,37.19,37.795,954036
IOT,2026-07-21 10:30:00-04:00,37.795,37.98,36.63,36.69,705864
IOT,2026-07-21 11:30:00-04:00,36.66,36.86,36.3211,36.42,536302
IOT,2026-07-21 12:30:00-04:00,36.425,36.51,36.15,36.325,474966
IOT,2026-07-21 13:30:00-04:00,36.325,36.975,36.24,36.725,582737
IOT,2026-07-21 14:30:00-04:00,36.72,36.75,36.38,36.41,904981
IOT,2026-07-21 15:30:00-04:00,36.405,36.45,35.96,36.06,1351061
IOT,2026-07-22 09:30:00-04:00,35.8,35.8,33.47,33.64,1340076
IOT,2026-07-22 10:30:00-04:00,33.65,33.83,33.4,33.735,776067
IOT,2026-07-22 11:30:00-04:00,33.72,33.84,33.52,33.69,474972
IOT,2026-07-22 12:30:00-04:00,33.675,33.82,33.54,33.56,435075
IOT,2026-07-22 13:30:00-04:00,33.56,33.765,33.32,33.465,461807
IOT,2026-07-22 14:30:00-04:00,33.465,33.529,33.2444,33.46,529644
IOT,2026-07-22 15:30:00-04:00,33.45,33.5,33.3,33.33,1071376
IOT,2026-07-23 09:30:00-04:00,33.95,34.19,32.98,33.35,534664
IOT,2026-07-23 10:30:00-04:00,33.295,33.36,32.3,32.38,311659
IOT,2026-07-23 11:30:00-04:00,32.39,32.405,32.09,32.31,434971
IOT,2026-07-23 12:30:00-04:00,32.31,32.32,32.04,32.04,334302
IOT,2026-07-23 13:30:00-04:00,32.05,32.215,31.99,32.08,405338
IOT,2026-07-23 14:30:00-04:00,32.08,32.09,31.7,31.71,578949
IOT,2026-07-23 15:30:00-04:00,31.72,31.845,31.47,31.48,1077294
IOT,2026-07-24 09:30:00-04:00,31.99,32.76,31.71,31.765,472522
IOT,2026-07-24 10:30:00-04:00,31.76,32.6,31.515,32.57,655543
IOT,2026-07-24 11:30:00-04:00,32.57,32.7499,32.4,32.7,477468
IOT,2026-07-24 12:30:00-04:00,32.7,32.715,32.41,32.6,524346
IOT,2026-07-24 13:30:00-04:00,32.6,32.94,32.595,32.86,457628
IOT,2026-07-24 14:30:00-04:00,32.88,33.04,32.79,32.93,527936
IOT,2026-07-24 15:30:00-04:00,32.92,33.18,32.89,33.11,978951
IOT,2026-07-27 09:30:00-04:00,34.31,35.075,33.9,34.78,589527
IOT,2026-07-27 10:30:00-04:00,34.78,35.53,34.7201,35.5,565664
IOT,2026-07-27 11:30:00-04:00,35.5,35.77,35.29,35.68,466617
IOT,2026-07-27 12:30:00-04:00,35.7,36.17,35.635,36.11,510323
IOT,2026-07-27 13:30:00-04:00,36.105,36.5,36.1,36.17,586496
IOT,2026-07-27 14:30:00-04:00,36.17,36.24,35.59,35.63,569040
IOT,2026-07-27 15:30:00-04:00,35.63,35.675,35.32,35.34,1000762
IOT,2026-07-28 09:30:00-04:00,35.65,36.65,35.5601,36.23,651172
IOT,2026-07-28 10:30:00-04:00,36.23,37.7625,36.12,37.69,689704
IOT,2026-07-28 11:30:00-04:00,37.69,37.75,37.175,37.405,630383
IOT,2026-07-28 12:30:00-04:00,37.405,37.95,37.31,37.67,571421
IOT,2026-07-28 13:30:00-04:00,37.67,37.8,37.47,37.505,484685
IOT,2026-07-28 14:30:00-04:00,37.505,37.645,37.22,37.26,581720
IOT,2026-07-28 15:30:00-04:00,37.245,37.73,37.1,37.51,1543461
IOT,2026-07-29 09:30:00-04:00,37.81,38.89,37.69,38.075,710764
IOT,2026-07-29 10:30:00-04:00,38.08,38.47,37.91,38.17,566364
IOT,2026-07-29 11:30:00-04:00,38.175,39.35,38.15,39.32,1643370
IOT,2026-07-29 12:30:00-04:00,39.32,39.52,39.05,39.205,587644
IOT,2026-07-29 13:30:00-04:00,39.205,39.73,38.96,39.525,901383
IOT,2026-07-29 14:30:00-04:00,39.55,39.99,39.1,39.14,1085015
IOT,2026-07-29 15:30:00-04:00,39.155,39.35,38.61,38.73,1639723
IOT,2026-07-30 09:30:00-04:00,37.92,37.92,35.8705,35.8705,717645
IOT,2026-07-30 10:30:00-04:00,35.85,36.33,35.7025,36.27,622625
IOT,2026-07-30 11:30:00-04:00,36.26,36.41,35.895,35.9609,332018
IOT,2026-07-30 12:30:00-04:00,35.96,36.04,35.77,35.87,394895
IOT,2026-07-30 13:30:00-04:00,35.86,36.08,35.785,36.07,383602
IOT,2026-07-30 14:30:00-04:00,36.075,36.29,35.98,36.09,632671
IOT,2026-07-30 15:30:00-04:00,36.095,36.095,35.78,35.79,1183318
IOT,2026-07-31 09:30:00-04:00,35.77,37.21,35.5446,36.3,876039
IOT,2026-07-31 10:30:00-04:00,36.31,36.72,36.27,36.48,351593
IOT,2026-07-31 11:30:00-04:00,36.49,37.11,36.415,36.88,329731
IOT,2026-07-31 12:30:00-04:00,36.865,37.57,36.865,37.5,432084
IOT,2026-07-31 13:30:00-04:00,37.49,37.57,37.26,37.4,324444
IOT,2026-07-31 14:30:00-04:00,37.41,37.58,37.325,37.54,354334
IOT,2026-07-31 15:30:00-04:00,37.54,37.67,37.25,37.25,760369
IOT,2026-08-03 09:30:00-04:00,37.86,38.8399,36.9601,37.12,959440
IOT,2026-08-03 10:30:00-04:00,37.14,37.91,37.0,37.88,457827
IOT,2026-08-03 11:30:00-04:00,37.9,37.91,37.43,37.775,339590
IOT,2026-08-03 12:30:00-04:00,37.765,37.88,37.555,37.59,293782
IOT,2026-08-03 13:30:00-04:00,37.585,37.65,37.44,37.625,357607
IOT,2026-08-03 14:30:00-04:00,37.62,37.78,37.59,37.77,393689
IOT,2026-08-03 15:30:00-04:00,37.77,37.84,37.11,37.12,1054430
IOT,2026-08-04 09:30:00-04:00,36.985,38.34,36.8663,38.25,717232
IOT,2026-08-04 10:30:00-04:00,38.25,38.42,37.97,38.11,425899
IOT,2026-08-04 11:30:00-04:00,38.105,38.475,37.95,38.2863,433735
IOT,2026-08-04 12:30:00-04:00,38.29,38.4575,38.215,38.35,299626
IOT,2026-08-04 13:30:00-04:00,38.34,38.665,38.32,38.535,271727
IOT,2026-08-04 14:30:00-04:00,38.54,38.715,38.49,38.62,311262
IOT,2026-08-04 15:30:00-04:00,38.63,38.8591,38.59,38.6,750821
IOT,2026-08-05 09:30:00-04:00,39.045,39.65,38.425,38.765,583491
IOT,2026-08-05 10:30:00-04:00,38.765,38.88,38.2205,38.35,400806
IOT,2026-08-05 11:30:00-04:00,38.33,38.47,38.13,38.39,260525
IOT,2026-08-05 12:30:00-04:00,38.425,38.6895,38.425,38.57,215551
IOT,2026-08-05 13:30:00-04:00,38.58,38.74,38.51,38.63,243136
IOT,2026-08-05 14:30:00-04:00,38.63,38.73,38.52,38.63,291194
IOT,2026-08-05 15:30:00-04:00,38.63,38.825,38.56,38.75,651707
IOT,2026-08-06 09:30:00-04:00,37.47,38.35,37.24,37.95,659822
IOT,2026-08-06 10:30:00-04:00,37.965,38.23,37.86,38.185,366293
IOT,2026-08-06 11:30:00-04:00,38.22,38.305,37.93,37.93,277846
IOT,2026-08-06 12:30:00-04:00,37.92,38.02,37.72,37.96,283731
IOT,2026-08-06 13:30:00-04:00,37.95,37.96,37.6,37.63,292533
IOT,2026-08-06 14:30:00-04:00,37.63,37.89,37.5,37.785,295821
IOT,2026-08-06 15:30:00-04:00,37.785,38.27,37.785,38.24,617761
IOT,2026-08-07 09:30:00-04:00,39.51,40.94,39.435,40.71,1617874
IOT,2026-08-07 10:30:00-04:00,40.71,41.16,40.415,40.65,785541
IOT,2026-08-07 11:30:00-04:00,40.65,41.1,40.59,40.915,671711
IOT,2026-08-07 12:30:00-04:00,40.94,41.05,40.81,41.05,393996
IOT,2026-08-07 13:30:00-04:00,41.05,41.065,40.83,40.92,384261
IOT,2026-08-07 14:30:00-04:00,40.93,41.03,40.78,40.945,535044
IOT,2026-08-07 15:30:00-04:00,40.93,41.37,40.85,40.9,1044145
IOT,2026-08-10 09:30:00-04:00,39.12,39.7899,38.76,39.49,1139473
IOT,2026-08-10 10:30:00-04:00,39.485,39.78,39.19,39.315,810019
IOT,2026-08-10 11:30:00-04:00,39.305,39.75,39.305,39.715,1500957
IOT,2026-08-10 12:30:00-04:00,39.72,39.74,39.35,39.565,949848
IOT,2026-08-10 13:30:00-04:00,39.565,39.65,39.375,39.395,690057
IOT,2026-08-10 14:30:00-04:00,39.395,40.195,39.27,39.96,1176863
IOT,2026-08-10 15:30:00-04:00,39.96,40.45,39.85,39.88,1103820
IOT,2026-08-11 09:30:00-04:00,39.41,40.68,38.795,40.42,601459
IOT,2026-08-11 10:30:00-04:00,40.43,41.35,40.38,40.92,637044
IOT,2026-08-11 11:30:00-04:00,40.915,40.98,40.6,40.605,432023
IOT,2026-08-11 12:30:00-04:00,40.59,40.675,40.42,40.51,412386
IOT,2026-08-11 13:30:00-04:00,40.51,40.61,40.1025,40.11,327253
IOT,2026-08-11 14:30:00-04:00,40.115,40.46,40.08,40.4,442730
IOT,2026-08-11 15:30:00-04:00,40.41,40.54,40.26,40.33,827144
IOT,2026-08-12 09:30:00-04:00,39.49,40.32,38.68,39.15,573416
IOT,2026-08-12 10:30:00-04:00,39.18,39.46,39.08,39.26,246222
IOT,2026-08-12 11:30:00-04:00,39.28,39.51,39.1,39.31,222401
IOT,2026-08-12 12:30:00-04:00,39.3,39.346,38.95,39.005,226537
IOT,2026-08-12 13:30:00-04:00,39.0,39.205,38.96,39.02,200661
IOT,2026-08-12 14:30:00-04:00,39.01,39.35,39.01,39.265,294429
IOT,2026-08-12 15:30:00-04:00,39.27,39.39,39.14,39.35,697114
IOT,2026-08-13 09:30:00-04:00,39.51,40.305,39.34,39.93,428935
IOT,2026-08-13 10:30:00-04:00,39.96,40.11,39.45,39.52,360807
IOT,2026-08-13 11:30:00-04:00,39.53,39.67,39.39,39.6,176784
IOT,2026-08-13 12:30:00-04:00,39.6,39.7932,39.53,39.69,226508
IOT,2026-08-13 13:30:00-04:00,39.695,39.81,39.62,39.69,242326
IOT,2026-08-13 14:30:00-04:00,39.68,41.08,39.66,40.98,1034392
IOT,2026-08-13 15:30:00-04:00,40.965,41.405,40.915,41.135,1013071
IOT,2026-08-14 09:30:00-04:00,41.98,42.0,39.58,39.81,762956
IOT,2026-08-14 10:30:00-04:00,39.805,40.1509,39.49,40.145,750475
IOT,2026-08-14 11:30:00-04:00,40.135,40.425,40.01,40.1,432053
IOT,2026-08-14 12:30:00-04:00,40.11,40.16,39.9,40.07,533570
IOT,2026-08-14 13:30:00-04:00,40.08,40.23,40.04,40.08,236510
IOT,2026-08-14 14:30:00-04:00,40.06,40.265,39.86,40.03,372978
IOT,2026-08-14 15:30:00-04:00,40.04,40.06,39.76,39.795,853383
IOT,2026-08-17 09:30:00-04:00,39.31,39.92,38.04,38.89,1022913
IOT,2026-08-17 10:30:00-04:00,38.92,39.08,38.72,38.85,838964
IOT,2026-08-17 11:30:00-04:00,38.8344,39.01,38.8,38.925,458346
IOT,2026-08-17 12:30:00-04:00,38.93,39.1,38.86,38.92,331546
IOT,2026-08-17 13:30:00-04:00,38.94,39.115,38.915,38.94,389341
IOT,2026-08-17 14:30:00-04:00,38.94,39.21,38.9,39.13,496726
IOT,2026-08-17 15:30:00-04:00,39.14,39.15,38.885,39.02,1271287
IOT,2026-08-18 09:30:00-04:00,39.5,40.79,39.29,40.04,637957
IOT,2026-08-18 10:30:00-04:00,40.06,40.095,39.69,39.98,347527
IOT,2026-08-18 11:30:00-04:00,39.98,40.27,39.85,40.18,228071
IOT,2026-08-18 12:30:00-04:00,40.19,40.25,40.02,40.13,247344
IOT,2026-08-18 13:30:00-04:00,40.13,40.24,40.08,40.1712,285407
IOT,2026-08-18 14:30:00-04:00,40.17,40.225,39.93,40.19,371838
IOT,2026-08-18 15:30:00-04:00,40.2,40.325,39.46,39.58,1000385
IOT,2026-08-19 09:30:00-04:00,39.74,40.6,39.53,40.345,356400
IOT,2026-08-19 10:30:00-04:00,40.37,40.75,40.2201,40.33,297023
IOT,2026-08-19 11:30:00-04:00,40.325,40.58,40.2,40.415,330434
IOT,2026-08-19 12:30:00-04:00,40.41,40.48,40.015,40.1,194260
IOT,2026-08-19 13:30:00-04:00,40.11,40.32,39.94,39.975,304780
IOT,2026-08-19 14:30:00-04:00,39.975,40.07,39.64,39.78,493174
IOT,2026-08-19 15:30:00-04:00,39.78,39.8199,39.155,39.2,919898
IOT,2026-08-20 09:30:00-04:00,39.25,40.17,39.17,39.415,564321
IOT,2026-08-20 10:30:00-04:00,39.41,39.47,39.04,39.115,258606
IOT,2026-08-20 11:30:00-04:00,39.1,39.625,39.045,39.575,309605
IOT,2026-08-20 12:30:00-04:00,39.59,39.62,39.01,39.01,296371
IOT,2026-08-20 13:30:00-04:00,39.0,39.235,38.93,39.2,404076
IOT,2026-08-20 14:30:00-04:00,39.21,39.42,39.145,39.255,430829
IOT,2026-08-20 15:30:00-04:00,39.2501,39.33,38.91,39.0,1104183
IOT,2026-08-21 09:30:00-04:00,39.0,39.415,38.01,38.905,388007
IOT,2026-08-21 10:30:00-04:00,38.95,39.345,38.87,39.33,440428
IOT,2026-08-21 11:30:00-04:00,39.33,39.86,39.265,39.52,244067
IOT,2026-08-21 12:30:00-04:00,39.525,39.73,39.445,39.65,183025
IOT,2026-08-21 13:30:00-04:00,39.655,39.69,39.175,39.34,373902
IOT,2026-08-21 14:30:00-04:00,39.34,39.76,39.3,39.64,260977
IOT,2026-08-21 15:30:00-04:00,39.64,40.009,39.5,39.96,656759
IOT,2026-08-24 09:30:00-04:00,39.4,41.24,39.4,40.77,1086239
IOT,2026-08-24 10:30:00-04:00,40.74,40.835,40.34,40.44,558257
IOT,2026-08-24 11:30:00-04:00,40.43,40.44,40.015,40.115,423038
IOT,2026-08-24 12:30:00-04:00,40.12,40.14,39.865,39.91,282050
IOT,2026-08-24 13:30:00-04:00,39.91,40.11,39.64,40.05,484899
IOT,2026-08-24 14:30:00-04:00,40.045,40.441,39.925,40.441,379650
IOT,2026-08-24 15:30:00-04:00,40.45,40.58,40.27,40.335,1466849
IOT,2026-08-25 09:30:00-04:00,39.82,40.84,39.465,39.9,598950
IOT,2026-08-25 10:30:00-04:00,39.885,39.98,39.62,39.905,434354
IOT,2026-08-25 11:30:00-04:00,39.9,39.97,39.42,39.55,302846
IOT,2026-08-25 12:30:00-04:00,39.58,39.625,39.12,39.26,389215
IOT,2026-08-25 13:30:00-04:00,39.26,39.31,38.58,38.805,530643
IOT,2026-08-25 14:30:00-04:00,38.805,39.24,38.62,39.025,634611
IOT,2026-08-25 15:30:00-04:00,39.03,39.27,38.91,39.14,717696
IOT,2026-08-26 09:30:00-04:00,38.07,40.22,37.8361,39.63,522650
IOT,2026-08-26 10:30:00-04:00,39.61,39.78,39.4604,39.67,335646
IOT,2026-08-26 11:30:00-04:00,39.63,39.8,39.58,39.785,212015
IOT,2026-08-26 12:30:00-04:00,39.81,39.89,39.63,39.685,209403
IOT,2026-08-26 13:30:00-04:00,39.68,39.93,39.64,39.875,307498
IOT,2026-08-26 14:30:00-04:00,39.88,40.19,39.83,40.02,774396
IOT,2026-08-26 15:30:00-04:00,39.99,40.165,39.79,39.84,807103
IOT,2026-08-27 09:30:00-04:00,40.88,42.51,40.57,42.185,1268798
IOT,2026-08-27 10:30:00-04:00,42.18,42.68,41.9397,42.56,801207
IOT,2026-08-27 11:30:00-04:00,42.57,42.6,41.75,41.83,655141
IOT,2026-08-27 12:30:00-04:00,41.845,42.04,41.75,41.82,426458
IOT,2026-08-27 13:30:00-04:00,41.83,42.09,41.81,42.075,373543
IOT,2026-08-27 14:30:00-04:00,42.075,42.11,41.925,41.95,484401
IOT,2026-08-27 15:30:00-04:00,41.96,42.03,41.79,41.875,640549
IOT,2026-08-28 09:30:00-04:00,41.74,42.63,41.65,41.715,448223
IOT,2026-08-28 10:30:00-04:00,41.69,41.88,41.44,41.775,455946
IOT,2026-08-28 11:30:00-04:00,41.77,41.825,41.41,41.42,457677
IOT,2026-08-28 12:30:00-04:00,41.415,41.53,41.18,41.34,534840
IOT,2026-08-28 13:30:00-04:00,41.35,41.47,41.22,41.33,424619
IOT,2026-08-28 14:30:00-04:00,41.34,41.43,41.205,41.39,492526
IOT,2026-08-28 15:30:00-04:00,41.39,41.39,41.05,41.16,1145109
IOT,2026-08-31 09:30:00-04:00,40.78,42.1,40.55,40.97,1055273
IOT,2026-08-31 10:30:00-04:00,40.97,41.2887,40.86,40.87,855779
IOT,2026-08-31 11:30:00-04:00,40.88,41.19,40.83,41.145,462014
IOT,2026-08-31 12:30:00-04:00,41.14,41.18,40.78,40.875,391355
IOT,2026-08-31 13:30:00-04:00,40.86,41.25,40.74,41.16,443875
IOT,2026-08-31 14:30:00-04:00,41.16,41.345,40.93,41.33,761580
IOT,2026-08-31 15:30:00-04:00,41.33,41.455,40.84,40.84,1261991
IOT,2026-09-01 09:30:00-04:00,40.25,40.44,39.26,39.715,736299
IOT,2026-09-01 10:30:00-04:00,39.72,39.76,38.835,39.09,718232
IOT,2026-09-01 11:30:00-04:00,39.07,39.24,38.825,38.89,323014
IOT,2026-09-01 12:30:00-04:00,38.885,39.035,38.76,39.0,276983
IOT,2026-09-01 13:30:00-04:00,39.01,39.105,38.92,38.955,353946
IOT,2026-09-01 14:30:00-04:00,38.955,39.12,38.835,39.01,449203
IOT,2026-09-01 15:30:00-04:00,39.005,39.17,38.98,39.065,1035848
IOT,2026-09-02 09:30:00-04:00,38.915,38.915,36.97,37.48,1188234
IOT,2026-09-02 10:30:00-04:00,37.48,38.305,37.1861,37.19,618440
IOT,2026-09-02 11:30:00-04:00,37.1925,37.27,36.885,36.98,535788
IOT,2026-09-02 12:30:00-04:00,36.99,37.14,36.8031,36.91,338839
IOT,2026-09-02 13:30:00-04:00,36.92,37.04,36.85,37.01,394018
IOT,2026-09-02 14:30:00-04:00,37.02,37.03,36.68,36.91,496332
IOT,2026-09-02 15:30:00-04:00,36.91,36.965,36.665,36.8,1025772
IOT,2026-09-03 09:30:00-04:00,37.69,38.47,37.6501,38.03,1678693
IOT,2026-09-03 10:30:00-04:00,38.01,38.06,37.315,37.465,970606
IOT,2026-09-03 11:30:00-04:00,37.45,38.5268,37.43,37.995,1670048
IOT,2026-09-03 12:30:00-04:00,37.99,38.77,37.765,38.7,1826246
IOT,2026-09-03 13:30:00-04:00,38.69,38.8552,38.215,38.4399,1723772
IOT,2026-09-03 14:30:00-04:00,38.44,38.78,38.375,38.48,1663151
IOT,2026-09-03 15:30:00-04:00,38.48,38.79,38.14,38.76,2820163
MARA,2026-07-06 09:30:00-04:00,12.628,13.525,12.54,13.185,11807553
MARA,2026-07-06 10:30:00-04:00,13.19,13.25,12.87,12.93,4050547
MARA,2026-07-06 11:30:00-04:00,12.93,13.415,12.91,13.325,3933374
MARA,2026-07-06 12:30:00-04:00,13.33,13.375,13.1001,13.155,2369709
MARA,2026-07-06 13:30:00-04:00,13.155,13.165,12.915,12.92,2035184
MARA,2026-07-06 14:30:00-04:00,12.915,13.0,12.85,12.975,2272657
MARA,2026-07-06 15:30:00-04:00,12.975,13.0799,12.91,12.93,2673307
MARA,2026-07-07 09:30:00-04:00,12.67,12.785,11.88,11.94,8146875
MARA,2026-07-07 10:30:00-04:00,11.95,12.175,11.74,12.095,5188067
MARA,2026-07-07 11:30:00-04:00,12.1,12.44,11.975,12.375,4480277
MARA,2026-07-07 12:30:00-04:00,12.365,12.43,12.26,12.395,2608826
MARA,2026-07-07 13:30:00-04:00,12.4,12.53,12.38,12.405,2705208
MARA,2026-07-07 14:30:00-04:00,12.405,12.425,12.06,12.165,2765385
MARA,2026-07-07 15:30:00-04:00,12.165,12.23,12.045,12.06,2288918
MARA,2026-07-08 09:30:00-04:00,11.73,12.12,11.59,11.835,8144236
MARA,2026-07-08 10:30:00-04:00,11.835,11.985,11.6402,11.675,5400460
MARA,2026-07-08 11:30:00-04:00,11.68,11.81,11.655,11.76,2175115
MARA,2026-07-08 12:30:00-04:00,11.75,11.85,11.66,11.84,3160666
MARA,2026-07-08 13:30:00-04:00,11.845,11.905,11.71,11.8699,3596437
MARA,2026-07-08 14:30:00-04:00,11.865,12.0,11.82,11.98,4609690
MARA,2026-07-08 15:30:00-04:00,11.985,12.095,11.935,12.0122,3210353
MARA,2026-07-09 09:30:00-04:00,12.68,13.8,12.645,13.755,22219485
MARA,2026-07-09 10:30:00-04:00,13.76,14.41,13.65,13.8815,17453359
MARA,2026-07-09 11:30:00-04:00,13.8864,13.93,13.425,13.4587,9519435
MARA,2026-07-09 12:30:00-04:00,13.4599,13.54,13.3,13.435,6808498
MARA,2026-07-09 13:30:00-04:00,13.4399,13.49,13.11,13.35,6589379
MARA,2026-07-09 14:30:00-04:00,13.355,13.54,13.24,13.305,5764133
MARA,2026-07-09 15:30:00-04:00,13.305,13.4,13.17,13.205,5612262
MARA,2026-07-10 09:30:00-04:00,13.61,13.68,12.44,12.455,14885857
MARA,2026-07-10 10:30:00-04:00,12.455,12.72,12.33,12.69,8480363
MARA,2026-07-10 11:30:00-04:00,12.69,12.695,12.48,12.575,4995464
MARA,2026-07-10 12:30:00-04:00,12.575,12.84,12.575,12.71,4323327
MARA,2026-07-10 13:30:00-04:00,12.715,12.795,12.58,12.7201,4100241
MARA,2026-07-10 14:30:00-04:00,12.7283,12.7999,12.445,12.495,3575692
MARA,2026-07-10 15:30:00-04:00,12.495,12.63,12.42,12.595,3064449
MARA,2026-07-13 09:30:00-04:00,12.39,12.6499,12.055,12.3302,7647010
MARA,2026-07-13 10:30:00-04:00,12.34,12.43,12.265,12.33,4062855
MARA,2026-07-13 11:30:00-04:00,12.325,12.3301,12.04,12.075,2444633
MARA,2026-07-13 12:30:00-04:00,12.07,12.125,11.9301,11.995,5361301
MARA,2026-07-13 13:30:00-04:00,11.995,12.085,11.93,11.985,5599411
MARA,2026-07-13 14:30:00-04:00,11.985,12.135,11.955,12.04,4676989
MARA,2026-07-13 15:30:00-04:00,12.04,12.21,12.03,12.18,3639424
MARA,2026-07-14 09:30:00-04:00,12.67,12.72,11.86,12.015,11382224
MARA,2026-07-14 10:30:00-04:00,12.015,12.26,11.955,12.195,4720367
MARA,2026-07-14 11:30:00-04:00,12.195,12.2499,12.1,12.1434,2891968
MARA,2026-07-14 12:30:00-04:00,12.145,12.1597,11.675,11.785,6111459
MARA,2026-07-14 13:30:00-04:00,11.79,12.22,11.78,12.15,10558797
MARA,2026-07-14 14:30:00-04:00,12.155,12.225,11.95,11.965,10968978
MARA,2026-07-14 15:30:00-04:00,11.955,12.21,11.93,12.14,6036714
MARA,2026-07-15 09:30:00-04:00,12.23,12.535,11.6,11.7261,10577493
MARA,2026-07-15 10:30:00-04:00,11.73,12.01,11.73,11.965,6890604
MARA,2026-07-15 11:30:00-04:00,11.965,12.0102,11.65,11.715,5503421
MARA,2026-07-15 12:30:00-04:00,11.715,12.165,11.62,12.12,7220586
MARA,2026-07-15 13:30:00-04:00,12.125,12.435,12.065,12.3602,6602718
MARA,2026-07-15 14:30:00-04:00,12.36,12.455,12.0,12.105,6134762
MARA,2026-07-15 15:30:00-04:00,12.105,12.345,12.095,12.28,4265682
MARA,2026-07-16 09:30:00-04:00,12.01,12.24,11.56,11.83,9503073
MARA,2026-07-16 10:30:00-04:00,11.8301,11.875,11.515,11.6499,5410211
MARA,2026-07-16 11:30:00-04:00,11.6401,12.29,11.45,11.495,6927736
MARA,2026-07-16 12:30:00-04:00,11.5,11.535,11.3948,11.525,5064194
MARA,2026-07-16 13:30:00-04:00,11.525,11.61,11.25,11.575,5891042
MARA,2026-07-16 14:30:00-04:00,11.575,11.63,11.465,11.52,5048919
MARA,2026-07-16 15:30:00-04:00,11.515,11.5358,11.37,11.435,4212623
MARA,2026-07-17 09:30:00-04:00,10.91,11.05,10.5413,10.75,10792977
MARA,2026-07-17 10:30:00-04:00,10.755,10.8299,10.59,10.705,3865501
MARA,2026-07-17 11:30:00-04:00,10.705,10.79,10.55,10.625,6535348
MARA,2026-07-17 12:30:00-04:00,10.6212,11.035,10.57,11.025,8301540
MARA,2026-07-17 13:30:00-04:00,11.021,11.035,10.75,10.765,3863282
MARA,2026-07-17 14:30:00-04:00,10.77,10.85,10.57,10.6,3860901
MARA,2026-07-17 15:30:00-04:00,10.61,10.74,10.595,10.7,3850315
MARA,2026-07-20 09:30:00-04:00,11.07,11.69,11.07,11.685,11324636
MARA,2026-07-20 10:30:00-04:00,11.6799,11.84,11.535,11.8199,6681352
MARA,2026-07-20 11:30:00-04:00,11.8101,11.9137,11.71,11.865,8257932
MARA,2026-07-20 12:30:00-04:00,11.865,11.93,11.77,11.8701,8878636
MARA,2026-07-20 13:30:00-04:00,11.87,12.03,11.805,11.905,9376463
MARA,2026-07-20 14:30:00-04:00,11.9,11.9,11.585,11.7,8345543
MARA,2026-07-20 15:30:00-04:00,11.7,11.77,11.625,11.66,5657011
MARA,2026-07-21 09:30:00-04:00,11.92,12.27,11.81,12.17,8846362
MARA,2026-07-21 10:30:00-04:00,12.18,12.55,12.1502,12.505,10062587
MARA,2026-07-21 11:30:00-04:00,12.5064,12.67,12.38,12.595,14498541
MARA,2026-07-21 12:30:00-04:00,12.5901,12.76,12.57,12.595,18486094
MARA,2026-07-21 13:30:00-04:00,12.59,12.64,12.27,12.35,13367003
MARA,2026-07-21 14:30:00-04:00,12.345,12.35,12.0737,12.1001,16909345
MARA,2026-07-21 15:30:00-04:00,12.1058,12.26,12.04,12.24,12179174
MARA,2026-07-22 09:30:00-04:00,11.92,12.73,11.9,12.54,7930105
MARA,2026-07-22 10:30:00-04:00,12.5401,12.835,12.455,12.83,9057796
MARA,2026-07-22 11:30:00-04:00,12.835,12.85,12.43,12.495,5930416
MARA,2026-07-22 12:30:00-04:00,12.495,12.63,12.44,12.4601,4838157
MARA,2026-07-22 13:30:00-04:00,12.465,12.54,12.4,12.445,5880719
MARA,2026-07-22 14:30:00-04:00,12.44,12.48,12.285,12.3701,4622761
MARA,2026-07-22 15:30:00-04:00,12.37,12.445,12.31,12.39,2281107
MARA,2026-07-23 09:30:00-04:00,12.14,13.0,12.12,12.775,10958096
MARA,2026-07-23 10:30:00-04:00,12.755,12.86,12.41,12.54,5265903
MARA,2026-07-23 11:30:00-04:00,12.54,12.7698,12.5,12.7464,5115716
MARA,2026-07-23 12:30:00-04:00,12.75,13.055,12.633,13.044,5893576
MARA,2026-07-23 13:30:00-04:00,13.04,13.155,12.87,12.945,11847123
MARA,2026-07-23 14:30:00-04:00,12.95,13.06,12.79,13.0,9788815
MARA,2026-07-23 15:30:00-04:00,13.01,13.0465,12.73,12.765,7436998
MARA,2026-07-24 09:30:00-04:00,12.545,12.72,12.165,12.405,8740377
MARA,2026-07-24 10:30:00-04:00,12.41,12.6195,12.21,12.5405,5788430
MARA,2026-07-24 11:30:00-04:00,12.54,12.695,12.5,12.545,7277634
MARA,2026-07-24 12:30:00-04:00,12.5419,12.5964,12.3636,12.5418,8539413
MARA,2026-07-24 13:30:00-04:00,12.54,12.73,12.365,12.405,8879910
MARA,2026-07-24 14:30:00-04:00,12.405,12.415,12.13,12.26,9393991
MARA,2026-07-24 15:30:00-04:00,12.27,12.29,12.12,12.145,5240841
MARA,2026-07-27 09:30:00-04:00,12.275,12.33,11.76,11.775,7627288
MARA,2026-07-27 10:30:00-04:00,11.78,11.785,11.48,11.63,5250581
MARA,2026-07-27 11:30:00-04:00,11.625,11.635,11.44,11.61,5418122
MARA,2026-07-27 12:30:00-04:00,11.61,11.7399,11.52,11.605,5501245
MARA,2026-07-27 13:30:00-04:00,11.605,11.73,11.56,11.595,5420982
MARA,2026-07-27 14:30:00-04:00,11.6,11.78,11.505,11.76,5000592
MARA,2026-07-27 15:30:00-04:00,11.7699,11.86,11.75,11.78,3768576
MARA,2026-07-28 09:30:00-04:00,11.33,11.33,10.671,10.855,9842076
MARA,2026-07-28 10:30:00-04:00,10.86,11.48,10.8,11.455,5415137
MARA,2026-07-28 11:30:00-04:00,11.46,11.53,11.2601,11.28,4227218
MARA,2026-07-28 12:30:00-04:00,11.2801,11.385,11.2101,11.285,5551216
MARA,2026-07-28 13:30:00-04:00,11.285,11.305,11.15,11.205,17478653
MARA,2026-07-28 14:30:00-04:00,11.205,11.385,11.16,11.3778,11266502
MARA,2026-07-28 15:30:00-04:00,11.38,11.4099,11.215,11.395,6434705
MARA,2026-07-29 09:30:00-04:00,11.2425,11.45,10.6703,10.68,7080138
MARA,2026-07-29 10:30:00-04:00,10.68,10.76,10.51,10.525,5629016
MARA,2026-07-29 11:30:00-04:00,10.515,10.535,10.24,10.4699,6315498
MARA,2026-07-29 12:30:00-04:00,10.4685,10.53,10.3501,10.465,4942869
MARA,2026-07-29 13:30:00-04:00,10.465,10.73,10.45,10.465,4832371
MARA,2026-07-29 14:30:00-04:00,10.47,10.76,10.31,10.375,5236581
MARA,2026-07-29 15:30:00-04:00,10.375,10.4,10.03,10.0699,7202674
MARA,2026-07-30 09:30:00-04:00,10.658,12.03,10.57,11.79,17429489
MARA,2026-07-30 10:30:00-04:00,11.785,11.89,11.625,11.715,5948121
MARA,2026-07-30 11:30:00-04:00,11.715,11.98,11.655,11.965,4230598
MARA,2026-07-30 12:30:00-04:00,11.96,11.98,11.8,11.88,3668613
MARA,2026-07-30 13:30:00-04:00,11.87,11.91,11.75,11.795,2881349
MARA,2026-07-30 14:30:00-04:00,11.795,12.0,11.75,11.8501,4051674
MARA,2026-07-30 15:30:00-04:00,11.85,11.89,11.77,11.805,4477694
MARA,2026-07-31 09:30:00-04:00,12.025,12.07,11.07,11.36,10762674
MARA,2026-07-31 10:30:00-04:00,11.36,11.61,11.31,11.425,5465402
MARA,2026-07-31 11:30:00-04:00,11.43,11.4897,11.26,11.405,3458600
MARA,2026-07-31 12:30:00-04:00,11.41,11.435,11.255,11.34,3256342
MARA,2026-07-31 13:30:00-04:00,11.33,11.59,11.305,11.5541,4330145
MARA,2026-07-31 14:30:00-04:00,11.5599,11.585,11.43,11.4801,4081052
MARA,2026-07-31 15:30:00-04:00,11.485,11.538,11.29,11.3,4655207
MARA,2026-08-03 09:30:00-04:00,11.0,11.79,10.96,11.75,7672096
MARA,2026-08-03 10:30:00-04:00,11.745,11.885,11.63,11.675,3117283
MARA,2026-08-03 11:30:00-04:00,11.68,11.87,11.665,11.825,2893618
MARA,2026-08-03 12:30:00-04:00,11.825,11.83,11.59,11.7501,3113169
MARA,2026-08-03 13:30:00-04:00,11.755,11.89,11.745,11.7902,2010326
MARA,2026-08-03 14:30:00-04:00,11.79,11.8199,11.6736,11.755,3342727
MARA,2026-08-03 15:30:00-04:00,11.76,11.8,11.635,11.765,3166863
MARA,2026-08-04 09:30:00-04:00,11.58,11.91,11.3,11.57,7993999
MARA,2026-08-04 10:30:00-04:00,11.565,11.69,11.42,11.6702,3348534
MARA,2026-08-04 11:30:00-04:00,11.67,11.765,11.6,11.64,2917227
MARA,2026-08-04 12:30:00-04:00,11.6409,11.83,11.63,11.825,5024067
MARA,2026-08-04 13:30:00-04:00,11.82,11.84,11.71,11.769,2470200
MARA,2026-08-04 14:30:00-04:00,11.77,11.84,11.66,11.7391,2726556
MARA,2026-08-04 15:30:00-04:00,11.74,11.7954,11.62,11.76,3463770
MARA,2026-08-05 09:30:00-04:00,11.652,12.02,11.39,11.72,6958463
MARA,2026-08-05 10:30:00-04:00,11.715,11.715,11.465,11.49,3799546
MARA,2026-08-05 11:30:00-04:00,11.4951,11.57,11.385,11.555,3678236
MARA,2026-08-05 12:30:00-04:00,11.555,11.555,11.31,11.3505,2596371
MARA,2026-08-05 13:30:00-04:00,11.36,11.405,11.32,11.36,2526661
MARA,2026-08-05 14:30:00-04:00,11.36,11.505,11.275,11.4549,2762169
MARA,2026-08-05 15:30:00-04:00,11.455,11.48,11.23,11.2401,3581805
MARA,2026-08-06 09:30:00-04:00,10.94,11.16,10.8,11.015,5274222
MARA,2026-08-06 10:30:00-04:00,11.015,11.21,10.97,11.1702,3823457
MARA,2026-08-06 11:30:00-04:00,11.1736,11.21,10.895,10.9386,4064794
MARA,2026-08-06 12:30:00-04:00,10.935,11.03,10.9099,10.985,4943674
MARA,2026-08-06 13:30:00-04:00,10.985,11.05,10.93,10.9612,4238988
MARA,2026-08-06 14:30:00-04:00,10.965,10.97,10.85,10.885,4899101
MARA,2026-08-06 15:30:00-04:00,10.89,10.91,10.6625,10.67,5410349
MARA,2026-08-07 09:30:00-04:00,10.75,10.75,9.685,10.045,20153913
MARA,2026-08-07 10:30:00-04:00,10.045,10.3,9.935,10.245,6795006
MARA,2026-08-07 11:30:00-04:00,10.245,10.295,10.12,10.1542,6062992
MARA,2026-08-07 12:30:00-04:00,10.155,10.175,10.04,10.105,4094538
MARA,2026-08-07 13:30:00-04:00,10.105,10.18,10.05,10.0601,4727748
MARA,2026-08-07 14:30:00-04:00,10.07,10.1,9.895,9.9399,5536056
MARA,2026-08-07 15:30:00-04:00,9.935,10.11,9.87,10.1,5208884
MARA,2026-08-10 09:30:00-04:00,9.99,10.08,9.6201,9.815,9822690
MARA,2026-08-10 10:30:00-04:00,9.815,9.83,9.58,9.62,5071789
MARA,2026-08-10 11:30:00-04:00,9.62,9.63,9.52,9.5399,5752755
MARA,2026-08-10 12:30:00-04:00,9.53,9.5577,9.44,9.5199,5473788
MARA,2026-08-10 13:30:00-04:00,9.515,9.54,9.41,9.415,4451844
MARA,2026-08-10 14:30:00-04:00,9.415,9.54,9.4,9.53,4552325
MARA,2026-08-10 15:30:00-04:00,9.53,9.59,9.45,9.545,4571726
MARA,2026-08-11 09:30:00-04:00,10.09,10.149,9.6022,9.755,11153278
MARA,2026-08-11 10:30:00-04:00,9.75,9.78,9.67,9.775,3069733
MARA,2026-08-11 11:30:00-04:00,9.78,9.8,9.68,9.6801,3483683
MARA,2026-08-11 12:30:00-04:00,9.69,9.84,9.68,9.805,4385510
MARA,2026-08-11 13:30:00-04:00,9.81,9.88,9.69,9.705,4883380
MARA,2026-08-11 14:30:00-04:00,9.71,9.79,9.67,9.73,4029573
MARA,2026-08-11 15:30:00-04:00,9.725,9.805,9.67,9.67,3278114
MARA,2026-08-12 09:30:00-04:00,10.135,10.275,9.75,9.76,8595017
MARA,2026-08-12 10:30:00-04:00,9.755,9.76,9.57,9.615,5229776
MARA,2026-08-12 11:30:00-04:00,9.615,9.77,9.55,9.765,5937449
MARA,2026-08-12 12:30:00-04:00,9.7601,9.7999,9.645,9.6899,4838422
MARA,2026-08-12 13:30:00-04:00,9.685,9.76,9.66,9.7199,4289697
MARA,2026-08-12 14:30:00-04:00,9.715,9.79,9.68,9.715,5038485
MARA,2026-08-12 15:30:00-04:00,9.715,9.715,9.61,9.6456,4855712
MARA,2026-08-13 09:30:00-04:00,9.482,9.785,9.45,9.6195,5061088
MARA,2026-08-13 10:30:00-04:00,9.615,9.615,9.3201,9.415,5788537
MARA,2026-08-13 11:30:00-04:00,9.415,9.44,9.24,9.295,4626702
MARA,2026-08-13 12:30:00-04:00,9.295,9.32,9.19,9.235,4537602
MARA,2026-08-13 13:30:00-04:00,9.235,9.27,9.19,9.205,2967871
MARA,2026-08-13 14:30:00-04:00,9.21,9.34,9.17,9.25,4312106
MARA,2026-08-13 15:30:00-04:00,9.255,9.255,9.165,9.22,3475273
MARA,2026-08-14 09:30:00-04:00,9.01,9.25,9.0,9.094,5774358
MARA,2026-08-14 10:30:00-04:00,9.1,9.15,9.015,9.025,2875198
MARA,2026-08-14 11:30:00-04:00,9.03,9.12,9.01,9.105,2953985
MARA,2026-08-14 12:30:00-04:00,9.11,9.255,9.03,9.1806,7855807
MARA,2026-08-14 13:30:00-04:00,9.185,9.21,9.12,9.1555,3928671
MARA,2026-08-14 14:30:00-04:00,9.1507,9.1899,9.11,9.166,4968341
MARA,2026-08-14 15:30:00-04:00,9.17,9.2187,9.15,9.1944,4747913
MARA,2026-08-17 09:30:00-04:00,9.22,9.4,9.2,9.2899,6735968
MARA,2026-08-17 10:30:00-04:00,9.2899,9.465,9.235,9.46,4322103
MARA,2026-08-17 11:30:00-04:00,9.46,9.72,9.44,9.6317,9219802
MARA,2026-08-17 12:30:00-04:00,9.635,9.71,9.56,9.57,7823400
MARA,2026-08-17 13:30:00-04:00,9.565,9.66,9.5,9.655,8639441
MARA,2026-08-17 14:30:00-04:00,9.65,9.68,9.47,9.56,8187825
MARA,2026-08-17 15:30:00-04:00,9.565,9.805,9.555,9.72,7880293
MARA,2026-08-18 09:30:00-04:00,9.4,9.545,9.1,9.2806,7020426
MARA,2026-08-18 10:30:00-04:00,9.29,9.32,9.15,9.23,4958050
MARA,2026-08-18 11:30:00-04:00,9.235,9.32,9.2101,9.295,5721535
MARA,2026-08-18 12:30:00-04:00,9.295,9.315,9.05,9.0966,6377905
MARA,2026-08-18 13:30:00-04:00,9.095,9.11,8.93,8.935,6390441
MARA,2026-08-18 14:30:00-04:00,8.935,9.015,8.91,8.965,6538232
MARA,2026-08-18 15:30:00-04:00,8.965,9.03,8.93,8.965,4734933
MARA,2026-08-19 09:30:00-04:00,8.905,8.96,8.68,8.9242,8809461
MARA,2026-08-19 10:30:00-04:00,8.925,9.63,8.92,9.575,10738126
MARA,2026-08-19 11:30:00-04:00,9.5799,9.8854,9.54,9.8854,10138125
MARA,2026-08-19 12:30:00-04:00,9.8835,9.8899,9.55,9.6081,10010404
MARA,2026-08-19 13:30:00-04:00,9.605,9.67,9.53,9.595,8451146
MARA,2026-08-19 14:30:00-04:00,9.59,9.6,9.39,9.465,9841522
MARA,2026-08-19 15:30:00-04:00,9.47,9.67,9.45,9.655,6301529
MARA,2026-08-20 09:30:00-04:00,10.216,10.71,9.96,10.465,22654014
MARA,2026-08-20 10:30:00-04:00,10.465,10.8998,10.4102,10.705,11764332
MARA,2026-08-20 11:30:00-04:00,10.705,10.76,10.5,10.61,6938633
MARA,2026-08-20 12:30:00-04:00,10.615,10.9,10.53,10.825,9989605
MARA,2026-08-20 13:30:00-04:00,10.83,10.93,10.76,10.9151,7255925
MARA,2026-08-20 14:30:00-04:00,10.915,10.96,10.71,10.9401,7884776
MARA,2026-08-20 15:30:00-04:00,10.945,11.19,10.92,11.15,10028586
MARA,2026-08-21 09:30:00-04:00,11.715,12.465,11.46,11.555,36243293
MARA,2026-08-21 10:30:00-04:00,11.56,11.595,11.065,11.1198,16118350
MARA,2026-08-21 11:30:00-04:00,11.115,11.48,11.095,11.365,10316600
MARA,2026-08-21 12:30:00-04:00,11.36,11.365,11.02,11.075,9928250
MARA,2026-08-21 13:30:00-04:00,11.0799,11.325,11.075,11.285,11917657
MARA,2026-08-21 14:30:00-04:00,11.2806,11.29,11.08,11.15,8626611
MARA,2026-08-21 15:30:00-04:00,11.15,11.28,11.05,11.2799,5852829
MARA,2026-08-24 09:30:00-04:00,11.195,11.8,11.03,11.795,15808157
MARA,2026-08-24 10:30:00-04:00,11.795,12.06,11.42,11.735,11601910
MARA,2026-08-24 11:30:00-04:00,11.74,11.79,11.41,11.7099,7125164
MARA,2026-08-24 12:30:00-04:00,11.705,11.725,11.42,11.482,7817137
MARA,2026-08-24 13:30:00-04:00,11.485,11.63,11.37,11.585,6929555
MARA,2026-08-24 14:30:00-04:00,11.5899,11.595,11.3,11.3578,5450849
MARA,2026-08-24 15:30:00-04:00,11.36,11.37,11.1,11.1701,4396351
MARA,2026-08-25 09:30:00-04:00,11.062,11.7599,10.93,11.71,10893126
MARA,2026-08-25 10:30:00-04:00,11.7099,11.98,11.62,11.82,9399707
MARA,2026-08-25 11:30:00-04:00,11.82,12.005,11.76,11.895,5867883
MARA,2026-08-25 12:30:00-04:00,11.895,11.96,11.8,11.903,3955795
MARA,2026-08-25 13:30:00-04:00,11.9001,12.15,11.18,12.125,6382716
MARA,2026-08-25 14:30:00-04:00,12.125,12.14,11.85,11.855,5074476
MARA,2026-08-25 15:30:00-04:00,11.86,11.99,11.82,11.82,4802409
MARA,2026-08-26 09:30:00-04:00,11.545,11.73,11.335,11.4937,8139905
MARA,2026-08-26 10:30:00-04:00,11.495,11.56,11.27,11.3399,3773299
MARA,2026-08-26 11:30:00-04:00,11.33,11.34,11.04,11.059,4407356
MARA,2026-08-26 12:30:00-04:00,11.055,11.196,10.99,11.1799,4142126
MARA,2026-08-26 13:30:00-04:00,11.175,11.26,11.085,11.215,7437315
MARA,2026-08-26 14:30:00-04:00,11.2199,11.35,11.18,11.334,6853462
MARA,2026-08-26 15:30:00-04:00,11.33,11.4,11.18,11.225,5403434
MARA,2026-08-27 09:30:00-04:00,11.54,12.14,11.28,12.125,14576359
MARA,2026-08-27 10:30:00-04:00,12.135,12.32,12.02,12.155,11343290
MARA,2026-08-27 11:30:00-04:00,12.1599,12.22,11.93,11.935,7190141
MARA,2026-08-27 12:30:00-04:00,11.9398,12.2893,11.87,12.195,6464620
MARA,2026-08-27 13:30:00-04:00,12.19,12.255,11.9801,12.015,5728613
MARA,2026-08-27 14:30:00-04:00,12.015,12.14,11.9338,12.045,5030042
MARA,2026-08-27 15:30:00-04:00,12.05,12.055,11.81,11.865,5944086
MARA,2026-08-28 09:30:00-04:00,11.53,11.6,10.935,11.175,12687893
MARA,2026-08-28 10:30:00-04:00,11.1701,11.36,10.97,10.995,5845864
MARA,2026-08-28 11:30:00-04:00,10.995,11.0,10.71,10.755,7311245
MARA,2026-08-28 12:30:00-04:00,10.7501,10.82,10.68,10.7298,4057754
MARA,2026-08-28 13:30:00-04:00,10.725,10.74,10.64,10.67,2607490
MARA,2026-08-28 14:30:00-04:00,10.6699,10.71,10.56,10.7,3303072
MARA,2026-08-28 15:30:00-04:00,10.7,10.74,10.65,10.6635,3786221
MARA,2026-08-31 09:30:00-04:00,10.77,10.78,10.36,10.435,5958791
MARA,2026-08-31 10:30:00-04:00,10.4302,10.51,10.3601,10.5,2857538
MARA,2026-08-31 11:30:00-04:00,10.5,10.51,10.41,10.4867,1532292
MARA,2026-08-31 12:30:00-04:00,10.49,10.65,10.48,10.61,2864307
MARA,2026-08-31 13:30:00-04:00,10.61,10.74,10.56,10.68,3117758
MARA,2026-08-31 14:30:00-04:00,10.675,10.74,10.655,10.685,1800634
MARA,2026-08-31 15:30:00-04:00,10.685,10.79,10.6601,10.76,2871159
MARA,2026-09-01 09:30:00-04:00,10.452,10.61,10.165,10.231,6282204
MARA,2026-09-01 10:30:00-04:00,10.235,10.46,10.205,10.46,3975745
MARA,2026-09-01 11:30:00-04:00,10.455,10.47,10.24,10.3201,3747767
MARA,2026-09-01 12:30:00-04:00,10.32,10.34,10.235,10.29,3626671
MARA,2026-09-01 13:30:00-04:00,10.29,10.32,10.21,10.24,2814842
MARA,2026-09-01 14:30:00-04:00,10.2405,10.37,10.15,10.34,4084268
MARA,2026-09-01 15:30:00-04:00,10.34,10.39,10.225,10.235,3676315
MARA,2026-09-02 09:30:00-04:00,10.01,10.33,9.99,10.2087,5777946
MARA,2026-09-02 10:30:00-04:00,10.205,10.235,10.12,10.185,3020640
MARA,2026-09-02 11:30:00-04:00,10.18,10.23,10.15,10.2,1835184
MARA,2026-09-02 12:30:00-04:00,10.2,10.2399,10.1621,10.23,2251183
MARA,2026-09-02 13:30:00-04:00,10.2286,10.53,10.215,10.505,5131091
MARA,2026-09-02 14:30:00-04:00,10.5045,10.51,10.38,10.38,6009115
MARA,2026-09-02 15:30:00-04:00,10.38,10.47,10.37,10.47,3513138
MARA,2026-09-03 09:30:00-04:00,10.585,11.445,10.475,11.4001,12039799
MARA,2026-09-03 10:30:00-04:00,11.41,11.77,11.305,11.6601,13376984
MARA,2026-09-03 11:30:00-04:00,11.6623,11.8101,11.395,11.425,9800872
MARA,2026-09-03 12:30:00-04:00,11.425,11.57,11.39,11.495,7088147
MARA,2026-09-03 13:30:00-04:00,11.495,11.58,11.44,11.45,6648016
MARA,2026-09-03 14:30:00-04:00,11.445,11.7,11.41,11.695,7724178
MARA,2026-09-03 15:30:00-04:00,11.695,11.85,11.58,11.58,9331952
RIOT,2026-07-06 09:30:00-04:00,22.811,24.39,22.78,24.01,6075559
RIOT,2026-07-06 10:30:00-04:00,23.995,24.155,23.44,23.48,2206724
RIOT,2026-07-06 11:30:00-04:00,23.48,23.69,23.355,23.62,1497234
RIOT,2026-07-06 12:30:00-04:00,23.625,23.68,23.16,23.19,865012
RIOT,2026-07-06 13:30:00-04:00,23.1936,23.2,22.935,23.07,913898
RIOT,2026-07-06 14:30:00-04:00,23.075,23.075,22.765,22.89,856926
RIOT,2026-07-06 15:30:00-04:00,22.905,23.005,22.695,22.855,1593306
RIOT,2026-07-07 09:30:00-04:00,22.195,22.4,20.8201,20.92,2935278
RIOT,2026-07-07 10:30:00-04:00,20.925,21.31,20.51,21.24,1999242
RIOT,2026-07-07 11:30:00-04:00,21.26,21.98,21.1404,21.92,1949437
RIOT,2026-07-07 12:30:00-04:00,21.91,22.06,21.795,22.015,1309359
RIOT,2026-07-07 13:30:00-04:00,22.015,22.17,21.945,21.965,914968
RIOT,2026-07-07 14:30:00-04:00,21.955,21.9661,21.23,21.33,1143039
RIOT,2026-07-07 15:30:00-04:00,21.33,21.45,21.105,21.165,1910441
RIOT,2026-07-08 09:30:00-04:00,21.2337,21.83,20.89,21.17,2832262
RIOT,2026-07-08 10:30:00-04:00,21.165,21.31,20.59,20.65,2189719
RIOT,2026-07-08 11:30:00-04:00,20.64,20.81,20.57,20.64,1439015
RIOT,2026-07-08 12:30:00-04:00,20.63,20.845,20.4801,20.835,1359896
RIOT,2026-07-08 13:30:00-04:00,20.84,21.01,20.75,20.9,1029866
RIOT,2026-07-08 14:30:00-04:00,20.89,21.135,20.752,21.11,1548192
RIOT,2026-07-08 15:30:00-04:00,21.09,21.3,21.005,21.06,2019445
RIOT,2026-07-09 09:30:00-04:00,22.03,22.19,21.235,22.0362,3436577
RIOT,2026-07-09 10:30:00-04:00,22.04,22.3398,21.93,22.155,1794465
RIOT,2026-07-09 11:30:00-04:00,22.15,22.42,21.81,21.8499,1156704
RIOT,2026-07-09 12:30:00-04:00,21.845,21.9297,21.69,21.9,896088
RIOT,2026-07-09 13:30:00-04:00,21.905,21.925,21.51,21.75,1233886
RIOT,2026-07-09 14:30:00-04:00,21.765,22.015,21.72,21.82,1120377
RIOT,2026-07-09 15:30:00-04:00,21.825,21.83,21.39,21.52,1799965
RIOT,2026-07-10 09:30:00-04:00,21.56,21.8,20.7474,20.86,2483847
RIOT,2026-07-10 10:30:00-04:00,20.87,21.3166,20.56,21.28,1511708
RIOT,2026-07-10 11:30:00-04:00,21.28,21.28,20.97,21.08,708954
RIOT,2026-07-10 12:30:00-04:00,21.09,21.405,21.09,21.33,654835
RIOT,2026-07-10 13:30:00-04:00,21.33,21.405,21.16,21.23,530361
RIOT,2026-07-10 14:30:00-04:00,21.225,21.3,20.89,21.045,3374766
RIOT,2026-07-10 15:30:00-04:00,21.0404,21.26,20.96,20.96,1553878
RIOT,2026-07-13 09:30:00-04:00,20.65,20.93,20.0803,20.335,2661317
RIOT,2026-07-13 10:30:00-04:00,20.325,20.37,20.16,20.185,898293
RIOT,2026-07-13 11:30:00-04:00,20.18,20.21,19.64,19.69,1487380
RIOT,2026-07-13 12:30:00-04:00,19.695,19.84,19.475,19.545,1482310
RIOT,2026-07-13 13:30:00-04:00,19.545,19.785,19.41,19.635,1753556
RIOT,2026-07-13 14:30:00-04:00,19.635,19.895,19.5968,19.7878,2326033
RIOT,2026-07-13 15:30:00-04:00,19.79,20.21,19.7764,20.21,3479089
RIOT,2026-07-14 09:30:00-04:00,21.2,21.57,19.72,19.9383,5130300
RIOT,2026-07-14 10:30:00-04:00,19.935,20.5674,19.91,20.3999,1645891
RIOT,2026-07-14 11:30:00-04:00,20.39,20.425,20.01,20.09,1094413
RIOT,2026-07-14 12:30:00-04:00,20.08,20.115,19.565,19.86,1461741
RIOT,2026-07-14 13:30:00-04:00,19.85,20.26,19.82,20.13,1146944
RIOT,2026-07-14 14:30:00-04:00,20.14,20.2099,19.975,19.98,1177692
RIOT,2026-07-14 15:30:00-04:00,19.98,20.23,19.95,20.195,1372500
RIOT,2026-07-15 09:30:00-04:00,20.23,20.65,19.61,19.84,2415672
RIOT,2026-07-15 10:30:00-04:00,19.85,20.11,19.58,19.83,1507710
RIOT,2026-07-15 11:30:00-04:00,19.84,19.855,19.37,19.5331,1030336
RIOT,2026-07-15 12:30:00-04:00,19.545,20.25,19.425,20.125,1549681
RIOT,2026-07-15 13:30:00-04:00,20.145,20.56,20.065,20.499,1106687
RIOT,2026-07-15 14:30:00-04:00,20.495,20.54,19.85,20.01,1196433
RIOT,2026-07-15 15:30:00-04:00,20.01,20.255,20.01,20.1,1359231
RIOT,2026-07-16 09:30:00-04:00,19.412,19.7,18.74,19.2,3801805
RIOT,2026-07-16 10:30:00-04:00,19.195,19.31,18.705,18.82,2074606
RIOT,2026-07-16 11:30:00-04:00,18.82,20.1,18.37,18.5139,2576247
RIOT,2026-07-16 12:30:00-04:00,18.515,18.63,18.375,18.555,1964344
RIOT,2026-07-16 13:30:00-04:00,18.56,18.66,18.29,18.565,1491631
RIOT,2026-07-16 14:30:00-04:00,18.56,19.01,18.53,18.905,2012365
RIOT,2026-07-16 15:30:00-04:00,18.9,18.935,18.655,18.83,1812510
RIOT,2026-07-17 09:30:00-04:00,18.05,18.5999,17.44,18.305,4269634
RIOT,2026-07-17 10:30:00-04:00,18.32,18.59,18.16,18.38,2141461
RIOT,2026-07-17 11:30:00-04:00,18.375,18.95,18.27,18.63,2137712
RIOT,2026-07-17 12:30:00-04:00,18.62,19.07,18.565,19.015,1302197
RIOT,2026-07-17 13:30:00-04:00,19.015,19.0474,18.48,18.525,1215407
RIOT,2026-07-17 14:30:00-04:00,18.54,18.635,18.2203,18.305,1497689
RIOT,2026-07-17 15:30:00-04:00,18.31,18.395,18.15,18.26,2422134
RIOT,2026-07-20 09:30:00-04:00,18.76,19.64,18.68,19.3,4508173
RIOT,2026-07-20 10:30:00-04:00,19.29,19.645,19.0,19.635,1722401
RIOT,2026-07-20 11:30:00-04:00,19.635,19.76,19.46,19.6295,1506398
RIOT,2026-07-20 12:30:00-04:00,19.64,19.815,19.515,19.75,1533479
RIOT,2026-07-20 13:30:00-04:00,19.745,20.135,19.705,20.082,2602570
RIOT,2026-07-20 14:30:00-04:00,20.0898,20.0899,19.8,19.945,2835593
RIOT,2026-07-20 15:30:00-04:00,19.95,20.075,19.845,19.895,3042118
RIOT,2026-07-21 09:30:00-04:00,20.298,20.89,20.02,20.6699,4311559
RIOT,2026-07-21 10:30:00-04:00,20.7,21.27,20.5401,21.25,1591652
RIOT,2026-07-21 11:30:00-04:00,21.255,21.555,21.13,21.48,2226106
RIOT,2026-07-21 12:30:00-04:00,21.49,21.775,21.42,21.67,1973744
RIOT,2026-07-21 13:30:00-04:00,21.67,21.72,21.31,21.415,1741030
RIOT,2026-07-21 14:30:00-04:00,21.41,21.43,21.02,21.071,1564500
RIOT,2026-07-21 15:30:00-04:00,21.075,21.6,21.065,21.48,2961350
RIOT,2026-07-22 09:30:00-04:00,20.95,22.81,20.81,22.54,5232988
RIOT,2026-07-22 10:30:00-04:00,22.53,23.31,22.26,23.195,3335997
RIOT,2026-07-22 11:30:00-04:00,23.19,23.41,22.74,23.38,3348003
RIOT,2026-07-22 12:30:00-04:00,23.38,23.645,22.8502,23.36,4019010
RIOT,2026-07-22 13:30:00-04:00,23.355,23.49,23.0829,23.12,2493678
RIOT,2026-07-22 14:30:00-04:00,23.11,23.375,22.81,23.35,4106252
RIOT,2026-07-22 15:30:00-04:00,23.355,23.58,23.26,23.385,4240470
RIOT,2026-07-23 09:30:00-04:00,23.36,25.17,23.295,24.6,8381638
RIOT,2026-07-23 10:30:00-04:00,24.58,24.685,24.002,24.335,4185847
RIOT,2026-07-23 11:30:00-04:00,24.32,24.55,24.05,24.31,2683125
RIOT,2026-07-23 12:30:00-04:00,24.32,24.48,23.99,24.39,1928811
RIOT,2026-07-23 13:30:00-04:00,24.385,24.5268,24.092,24.125,1329192
RIOT,2026-07-23 14:30:00-04:00,24.125,24.24,23.71,23.86,1711041
RIOT,2026-07-23 15:30:00-04:00,23.885,24.06,23.69,23.87,2419578
RIOT,2026-07-24 09:30:00-04:00,23.16,23.7499,22.69,23.45,3019202
RIOT,2026-07-24 10:30:00-04:00,23.38,23.435,22.81,23.33,2210566
RIOT,2026-07-24 11:30:00-04:00,23.32,23.51,23.17,23.18,1753189
RIOT,2026-07-24 12:30:00-04:00,23.17,23.24,22.87,23.13,843632
RIOT,2026-07-24 13:30:00-04:00,23.14,23.21,22.73,22.755,860155
RIOT,2026-07-24 14:30:00-04:00,22.755,22.77,22.35,22.46,1225186
RIOT,2026-07-24 15:30:00-04:00,22.47,22.58,22.35,22.52,2030667
RIOT,2026-07-27 09:30:00-04:00,22.6,22.91,21.76,21.78,3495588
RIOT,2026-07-27 10:30:00-04:00,21.785,21.8,21.22,21.37,1611500
RIOT,2026-07-27 11:30:00-04:00,21.37,21.49,21.15,21.49,1273142
RIOT,2026-07-27 12:30:00-04:00,21.48,21.74,21.18,21.25,938913
RIOT,2026-07-27 13:30:00-04:00,21.26,21.6,21.235,21.565,860300
RIOT,2026-07-27 14:30:00-04:00,21.575,22.025,21.4,22.015,1381579
RIOT,2026-07-27 15:30:00-04:00,22.03,22.065,21.905,21.98,2571323
RIOT,2026-07-28 09:30:00-04:00,21.06,21.06,20.06,20.42,4874384
RIOT,2026-07-28 10:30:00-04:00,20.43,21.41,20.36,21.32,2519582
RIOT,2026-07-28 11:30:00-04:00,21.31,21.43,20.95,20.97,1053719
RIOT,2026-07-28 12:30:00-04:00,20.965,21.23,20.8451,21.01,852114
RIOT,2026-07-28 13:30:00-04:00,21.0,21.035,20.7282,20.9,1496273
RIOT,2026-07-28 14:30:00-04:00,20.895,21.35,20.895,21.345,1243144
RIOT,2026-07-28 15:30:00-04:00,21.35,21.48,21.175,21.22,2934215
RIOT,2026-07-29 09:30:00-04:00,21.005,21.045,19.99,20.03,4815566
RIOT,2026-07-29 10:30:00-04:00,20.03,20.09,19.525,19.57,3702269
RIOT,2026-07-29 11:30:00-04:00,19.56,19.64,19.055,19.245,2457083
RIOT,2026-07-29 12:30:00-04:00,19.24,19.515,18.8735,19.395,1826429
RIOT,2026-07-29 13:30:00-04:00,19.39,19.93,19.21,19.2101,1684709
RIOT,2026-07-29 14:30:00-04:00,19.215,19.875,18.725,18.98,2633796
RIOT,2026-07-29 15:30:00-04:00,18.98,18.995,18.131,18.235,4457204
RIOT,2026-07-30 09:30:00-04:00,20.19,22.651,19.96,21.99,8315698
RIOT,2026-07-30 10:30:00-04:00,21.97,22.27,21.66,22.09,2189274
RIOT,2026-07-30 11:30:00-04:00,22.0799,22.64,21.98,22.54,1880457
RIOT,2026-07-30 12:30:00-04:00,22.53,22.69,22.15,22.5,1848573
RIOT,2026-07-30 13:30:00-04:00,22.505,22.61,22.305,22.34,1580308
RIOT,2026-07-30 14:30:00-04:00,22.3301,22.66,22.28,22.395,2160081
RIOT,2026-07-30 15:30:00-04:00,22.395,22.53,21.98,22.105,2853136
RIOT,2026-07-31 09:30:00-04:00,23.08,23.15,20.7501,21.1795,3465061
RIOT,2026-07-31 10:30:00-04:00,21.225,21.39,20.82,20.9,1696363
RIOT,2026-07-31 11:30:00-04:00,20.91,20.995,20.33,20.58,1557744
RIOT,2026-07-31 12:30:00-04:00,20.585,20.63,20.3704,20.55,1317301
RIOT,2026-07-31 13:30:00-04:00,20.525,21.0,20.49,20.825,2127853
RIOT,2026-07-31 14:30:00-04:00,20.83,20.8998,20.53,20.62,1144461
RIOT,2026-07-31 15:30:00-04:00,20.62,20.63,20.02,20.18,2818068
RIOT,2026-08-03 09:30:00-04:00,19.43,21.14,19.36,21.12,3201926
RIOT,2026-08-03 10:30:00-04:00,21.13,21.48,20.86,20.9,2100482
RIOT,2026-08-03 11:30:00-04:00,20.92,21.37,20.895,21.25,1310258
RIOT,2026-08-03 12:30:00-04:00,21.25,21.27,20.66,21.1001,2460419
RIOT,2026-08-03 13:30:00-04:00,21.105,21.6699,21.105,21.38,1935544
RIOT,2026-08-03 14:30:00-04:00,21.35,21.61,21.29,21.55,1201017
RIOT,2026-08-03 15:30:00-04:00,21.56,21.64,21.33,21.43,2640314
RIOT,2026-08-04 09:30:00-04:00,21.225,21.845,20.84,21.52,3288098
RIOT,2026-08-04 10:30:00-04:00,21.53,22.0,21.35,21.82,1583357
RIOT,2026-08-04 11:30:00-04:00,21.82,22.125,21.74,21.85,1779173
RIOT,2026-08-04 12:30:00-04:00,21.84,22.255,21.8,22.23,1602227
RIOT,2026-08-04 13:30:00-04:00,22.22,22.32,21.66,21.77,2891488
RIOT,2026-08-04 14:30:00-04:00,21.78,21.79,21.51,21.59,1503542
RIOT,2026-08-04 15:30:00-04:00,21.59,21.71,21.21,21.575,2546694
RIOT,2026-08-05 09:30:00-04:00,22.61,23.84,21.65,22.81,8878385
RIOT,2026-08-05 10:30:00-04:00,22.79,22.82,22.12,22.25,5228372
RIOT,2026-08-05 11:30:00-04:00,22.25,22.39,21.93,22.26,2267165
RIOT,2026-08-05 12:30:00-04:00,22.26,22.285,21.92,22.04,1962413
RIOT,2026-08-05 13:30:00-04:00,22.035,22.035,21.69,21.9,1742208
RIOT,2026-08-05 14:30:00-04:00,21.905,22.16,21.85,22.135,2039938
RIOT,2026-08-05 15:30:00-04:00,22.14,22.15,21.405,21.54,4323709
RIOT,2026-08-06 09:30:00-04:00,21.03,22.49,20.5725,22.25,4245659
RIOT,2026-08-06 10:30:00-04:00,22.25,22.55,22.06,22.3,2027743
RIOT,2026-08-06 11:30:00-04:00,22.28,22.34,21.44,21.505,1817955
RIOT,2026-08-06 12:30:00-04:00,21.5,21.78,21.465,21.61,1118222
RIOT,2026-08-06 13:30:00-04:00,21.59,21.74,21.33,21.6,1631067
RIOT,2026-08-06 14:30:00-04:00,21.595,21.655,21.42,21.63,1865636
RIOT,2026-08-06 15:30:00-04:00,21.64,21.68,21.15,21.205,2314735
RIOT,2026-08-07 09:30:00-04:00,21.98,22.13,20.32,20.79,2690998
RIOT,2026-08-07 10:30:00-04:00,20.81,21.0,20.52,20.94,1266605
RIOT,2026-08-07 11:30:00-04:00,20.94,21.04,20.76,20.94,1821757
RIOT,2026-08-07 12:30:00-04:00,20.94,21.12,20.685,20.71,1474133
RIOT,2026-08-07 13:30:00-04:00,20.7001,20.78,20.595,20.596,791856
RIOT,2026-08-07 14:30:00-04:00,20.59,20.785,20.564,20.67,941239
RIOT,2026-08-07 15:30:00-04:00,20.665,20.665,20.455,20.51,2129414
RIOT,2026-08-10 09:30:00-04:00,20.37,20.46,19.69,19.85,3095966
RIOT,2026-08-10 10:30:00-04:00,19.85,20.0,19.55,19.61,1403509
RIOT,2026-08-10 11:30:00-04:00,19.6,19.77,19.425,19.4352,1711201
RIOT,2026-08-10 12:30:00-04:00,19.43,19.49,19.305,19.465,1767627
RIOT,2026-08-10 13:30:00-04:00,19.46,19.48,19.13,19.205,1587948
RIOT,2026-08-10 14:30:00-04:00,19.21,19.61,19.17,19.59,2396138
RIOT,2026-08-10 15:30:00-04:00,19.615,19.735,19.37,19.37,4201721
RIOT,2026-08-11 09:30:00-04:00,23.57,23.66,20.35,20.5,31143610
RIOT,2026-08-11 10:30:00-04:00,20.49,20.5699,19.96,20.15,11003584
RIOT,2026-08-11 11:30:00-04:00,20.145,20.4799,19.78,19.857,7022276
RIOT,2026-08-11 12:30:00-04:00,19.865,19.97,19.4,19.64,5713833
RIOT,2026-08-11 13:30:00-04:00,19.635,19.73,19.37,19.455,5450348
RIOT,2026-08-11 14:30:00-04:00,19.4505,20.31,19.34,20.305,6703362
RIOT,2026-08-11 15:30:00-04:00,20.31,20.44,20.1,20.23,5757839
RIOT,2026-08-12 09:30:00-04:00,21.575,22.21,20.46,20.535,11753050
RIOT,2026-08-12 10:30:00-04:00,20.53,20.77,20.27,20.585,4004463
RIOT,2026-08-12 11:30:00-04:00,20.61,20.981,20.3101,20.93,2438530
RIOT,2026-08-12 12:30:00-04:00,20.9395,20.9813,20.65,20.68,2306691
RIOT,2026-08-12 13:30:00-04:00,20.67,21.065,20.66,20.91,2331192
RIOT,2026-08-12 14:30:00-04:00,20.91,21.095,20.605,20.605,3223970
RIOT,2026-08-12 15:30:00-04:00,20.61,20.61,20.1936,20.32,4834833
RIOT,2026-08-13 09:30:00-04:00,19.9801,20.86,19.75,20.57,7544092
RIOT,2026-08-13 10:30:00-04:00,20.54,20.56,19.93,20.2201,2977029
RIOT,2026-08-13 11:30:00-04:00,20.22,20.28,19.755,19.8,2063535
RIOT,2026-08-13 12:30:00-04:00,19.795,19.9,19.64,19.745,1799439
RIOT,2026-08-13 13:30:00-04:00,19.74,19.745,19.375,19.385,2097308
RIOT,2026-08-13 14:30:00-04:00,19.385,19.43,19.0408,19.33,2733196
RIOT,2026-08-13 15:30:00-04:00,19.3,19.325,19.14,19.22,2751733
RIOT,2026-08-14 09:30:00-04:00,18.765,19.54,18.7,18.99,3988627
RIOT,2026-08-14 10:30:00-04:00,18.98,19.03,18.4601,18.465,2411077
RIOT,2026-08-14 11:30:00-04:00,18.48,18.78,18.455,18.7263,1737835
RIOT,2026-08-14 12:30:00-04:00,18.74,19.37,18.62,19.27,3063029
RIOT,2026-08-14 13:30:00-04:00,19.26,19.325,19.11,19.125,1463707
RIOT,2026-08-14 14:30:00-04:00,19.13,19.215,19.025,19.09,1097969
RIOT,2026-08-14 15:30:00-04:00,19.095,19.12,18.89,19.02,2249402
RIOT,2026-08-17 09:30:00-04:00,18.91,19.47,18.9,19.27,3150110
RIOT,2026-08-17 10:30:00-04:00,19.28,19.56,19.1001,19.555,2113584
RIOT,2026-08-17 11:30:00-04:00,19.56,19.845,19.4,19.775,2176850
RIOT,2026-08-17 12:30:00-04:00,19.7799,20.045,19.57,19.575,2458592
RIOT,2026-08-17 13:30:00-04:00,19.57,19.8,19.43,19.8,1707328
RIOT,2026-08-17 14:30:00-04:00,19.8,19.8099,19.35,19.72,1559492
RIOT,2026-08-17 15:30:00-04:00,19.73,20.085,19.715,20.075,3297221
RIOT,2026-08-18 09:30:00-04:00,19.56,19.96,19.07,19.4,3782134
RIOT,2026-08-18 10:30:00-04:00,19.395,19.52,18.955,19.13,2339859
RIOT,2026-08-18 11:30:00-04:00,19.13,19.29,19.01,19.235,1182856
RIOT,2026-08-18 12:30:00-04:00,19.23,19.295,18.93,19.005,1138264
RIOT,2026-08-18 13:30:00-04:00,19.0,19.02,18.83,18.895,1308171
RIOT,2026-08-18 14:30:00-04:00,18.895,19.085,18.85,18.99,1469192
RIOT,2026-08-18 15:30:00-04:00,18.985,19.05,18.77,18.915,3174555
RIOT,2026-08-19 09:30:00-04:00,18.78,19.0,17.862,18.27,5382736
RIOT,2026-08-19 10:30:00-04:00,18.28,19.54,18.265,19.5212,4691706
RIOT,2026-08-19 11:30:00-04:00,19.53,19.888,19.44,19.665,3845272
RIOT,2026-08-19 12:30:00-04:00,19.66,19.71,18.985,19.055,1852635
RIOT,2026-08-19 13:30:00-04:00,19.055,19.24,18.955,19.115,1498319
RIOT,2026-08-19 14:30:00-04:00,19.1001,19.155,18.81,18.93,1326059
RIOT,2026-08-19 15:30:00-04:00,18.94,19.42,18.925,19.395,2097807
RIOT,2026-08-20 09:30:00-04:00,19.8,20.515,19.62,20.38,6689461
RIOT,2026-08-20 10:30:00-04:00,20.38,20.745,20.2,20.4998,3584761
RIOT,2026-08-20 11:30:00-04:00,20.495,20.605,20.0107,20.185,1635103
RIOT,2026-08-20 12:30:00-04:00,20.185,20.655,20.125,20.61,1829105
RIOT,2026-08-20 13:30:00-04:00,20.6151,20.7,20.34,20.495,1642111
RIOT,2026-08-20 14:30:00-04:00,20.4997,20.62,20.205,20.5401,1499921
RIOT,2026-08-20 15:30:00-04:00,20.55,21.0175,20.485,21.01,3348503
RIOT,2026-08-21 09:30:00-04:00,21.65,22.2,20.46,20.635,8955913
RIOT,2026-08-21 10:30:00-04:00,20.62,20.69,19.8189,20.135,5347647
RIOT,2026-08-21 11:30:00-04:00,20.135,20.335,19.985,20.095,2471981
RIOT,2026-08-21 12:30:00-04:00,20.095,20.1,19.56,19.695,2943755
RIOT,2026-08-21 13:30:00-04:00,19.705,20.06,19.7,20.02,1777358
RIOT,2026-08-21 14:30:00-04:00,20.01,20.01,19.575,19.815,1734643
RIOT,2026-08-21 15:30:00-04:00,19.81,19.96,19.63,19.81,2649109
RIOT,2026-08-24 09:30:00-04:00,19.96,20.6068,19.6,20.45,5543728
RIOT,2026-08-24 10:30:00-04:00,20.43,20.79,20.1701,20.75,2607163
RIOT,2026-08-24 11:30:00-04:00,20.7458,20.87,20.43,20.65,1422568
RIOT,2026-08-24 12:30:00-04:00,20.65,20.68,20.213,20.29,1359108
RIOT,2026-08-24 13:30:00-04:00,20.28,20.3495,20.095,20.27,988336
RIOT,2026-08-24 14:30:00-04:00,20.2801,20.34,20.01,20.045,950170
RIOT,2026-08-24 15:30:00-04:00,20.05,20.105,19.795,20.0,1465216
RIOT,2026-08-25 09:30:00-04:00,19.86,20.7,19.57,20.64,3575160
RIOT,2026-08-25 10:30:00-04:00,20.61,21.22,20.46,21.19,3082768
RIOT,2026-08-25 11:30:00-04:00,21.19,21.6,21.11,21.425,2586004
RIOT,2026-08-25 12:30:00-04:00,21.42,21.435,21.18,21.27,1227843
RIOT,2026-08-25 13:30:00-04:00,21.27,21.465,20.0,21.3424,1545235
RIOT,2026-08-25 14:30:00-04:00,21.34,21.46,21.22,21.235,1142263
RIOT,2026-08-25 15:30:00-04:00,21.24,21.52,21.14,21.32,1882192
RIOT,2026-08-26 09:30:00-04:00,20.85,21.33,20.63,20.95,2646790
RIOT,2026-08-26 10:30:00-04:00,20.95,21.04,20.64,20.82,1192837
RIOT,2026-08-26 11:30:00-04:00,20.81,20.83,20.58,20.61,613340
RIOT,2026-08-26 12:30:00-04:00,20.61,20.835,20.49,20.81,669454
RIOT,2026-08-26 13:30:00-04:00,20.81,20.83,20.645,20.645,463256
RIOT,2026-08-26 14:30:00-04:00,20.645,20.7699,20.62,20.74,676544
RIOT,2026-08-26 15:30:00-04:00,20.74,20.79,20.54,20.615,1703177
RIOT,2026-08-27 09:30:00-04:00,21.125,21.51,20.71,21.48,3252243
RIOT,2026-08-27 10:30:00-04:00,21.49,21.855,21.2001,21.24,2276074
RIOT,2026-08-27 11:30:00-04:00,21.2455,21.3,20.84,20.935,2153841
RIOT,2026-08-27 12:30:00-04:00,20.93,21.3,20.84,21.21,1476292
RIOT,2026-08-27 13:30:00-04:00,21.21,21.225,20.91,20.935,783121
RIOT,2026-08-27 14:30:00-04:00,20.935,21.18,20.9,21.0,1140793
RIOT,2026-08-27 15:30:00-04:00,20.995,21.005,20.65,20.91,2722758
RIOT,2026-08-28 09:30:00-04:00,20.52,20.61,19.4301,19.725,5012613
RIOT,2026-08-28 10:30:00-04:00,19.725,19.9,19.46,19.59,2772344
RIOT,2026-08-28 11:30:00-04:00,19.59,19.59,18.98,19.04,2399491
RIOT,2026-08-28 12:30:00-04:00,19.0346,19.1801,18.9402,19.0,1340681
RIOT,2026-08-28 13:30:00-04:00,18.99,19.025,18.88,18.905,865779
RIOT,2026-08-28 14:30:00-04:00,18.915,18.96,18.755,18.91,1821237
RIOT,2026-08-28 15:30:00-04:00,18.915,19.025,18.785,18.99,2204700
RIOT,2026-08-31 09:30:00-04:00,18.84,18.84,18.13,18.36,3129234
RIOT,2026-08-31 10:30:00-04:00,18.355,18.46,18.215,18.385,1268457
RIOT,2026-08-31 11:30:00-04:00,18.38,18.4,18.24,18.375,744517
RIOT,2026-08-31 12:30:00-04:00,18.375,18.6392,18.35,18.585,1046751
RIOT,2026-08-31 13:30:00-04:00,18.5834,18.73,18.54,18.6703,873015
RIOT,2026-08-31 14:30:00-04:00,18.675,18.69,18.5716,18.615,865619
RIOT,2026-08-31 15:30:00-04:00,18.615,19.04,18.6101,18.99,1891212
RIOT,2026-09-01 09:30:00-04:00,18.395,18.54,17.73,17.775,4053170
RIOT,2026-09-01 10:30:00-04:00,17.775,18.29,17.68,18.2401,2374690
RIOT,2026-09-01 11:30:00-04:00,18.235,18.3,17.96,18.0,882451
RIOT,2026-09-01 12:30:00-04:00,17.99,18.085,17.92,18.06,1051533
RIOT,2026-09-01 13:30:00-04:00,18.06,18.11,17.9831,18.015,772898
RIOT,2026-09-01 14:30:00-04:00,18.015,18.18,17.9095,18.155,1145193
RIOT,2026-09-01 15:30:00-04:00,18.155,18.18,17.74,17.785,2302869
RIOT,2026-09-02 09:30:00-04:00,17.484,18.0,17.3905,17.82,3456860
RIOT,2026-09-02 10:30:00-04:00,17.826,17.855,17.6806,17.83,1028866
RIOT,2026-09-02 11:30:00-04:00,17.83,18.07,17.81,18.035,929039
RIOT,2026-09-02 12:30:00-04:00,18.04,18.17,18.0,18.13,955306
RIOT,2026-09-02 13:30:00-04:00,18.135,18.7889,18.1,18.755,1958807
RIOT,2026-09-02 14:30:00-04:00,18.7595,18.89,18.67,18.77,1596751
RIOT,2026-09-02 15:30:00-04:00,18.78,18.78,18.59,18.63,2113983
RIOT,2026-09-03 09:30:00-04:00,18.79,19.91,18.48,19.85,4442064
RIOT,2026-09-03 10:30:00-04:00,19.8401,20.63,19.71,20.605,4512214
RIOT,2026-09-03 11:30:00-04:00,20.61,20.875,20.54,20.57,2925736
RIOT,2026-09-03 12:30:00-04:00,20.57,20.88,20.57,20.74,1785274
RIOT,2026-09-03 13:30:00-04:00,20.74,20.96,20.6801,20.76,2132027
RIOT,2026-09-03 14:30:00-04:00,20.76,21.0,20.62,21.0,2014139
RIOT,2026-09-03 15:30:00-04:00,21.0,21.205,20.915,21.14,3131676
BLDP,2026-07-06 09:30:00-04:00,3.51,3.56,3.3805,3.525,1231950
BLDP,2026-07-06 10:30:00-04:00,3.525,3.57,3.4923,3.545,865022
BLDP,2026-07-06 11:30:00-04:00,3.545,3.565,3.525,3.54,635922
BLDP,2026-07-06 12:30:00-04:00,3.545,3.55,3.46,3.475,534575
BLDP,2026-07-06 13:30:00-04:00,3.47,3.475,3.4,3.45,587919
BLDP,2026-07-06 14:30:00-04:00,3.45,3.47,3.4229,3.455,722393
BLDP,2026-07-06 15:30:00-04:00,3.455,3.47,3.44,3.465,928198
BLDP,2026-07-07 09:30:00-04:00,3.41,3.425,3.21,3.22,1328656
BLDP,2026-07-07 10:30:00-04:00,3.23,3.2835,3.195,3.24,659252
BLDP,2026-07-07 11:30:00-04:00,3.245,3.27,3.21,3.2685,488738
BLDP,2026-07-07 12:30:00-04:00,3.27,3.28,3.24,3.265,397165
BLDP,2026-07-07 13:30:00-04:00,3.269,3.29,3.26,3.265,255307
BLDP,2026-07-07 14:30:00-04:00,3.265,3.27,3.225,3.245,412135
BLDP,2026-07-07 15:30:00-04:00,3.25,3.28,3.235,3.275,717948
BLDP,2026-07-08 09:30:00-04:00,3.1875,3.27,3.165,3.26,960595
BLDP,2026-07-08 10:30:00-04:00,3.26,3.265,3.16,3.165,701720
BLDP,2026-07-08 11:30:00-04:00,3.165,3.205,3.15,3.2,699595
BLDP,2026-07-08 12:30:00-04:00,3.195,3.225,3.175,3.215,499604
BLDP,2026-07-08 13:30:00-04:00,3.22,3.235,3.2,3.215,413569
BLDP,2026-07-08 14:30:00-04:00,3.215,3.23,3.205,3.225,385194
BLDP,2026-07-08 15:30:00-04:00,3.225,3.26,3.21,3.23,760146
BLDP,2026-07-09 09:30:00-04:00,3.32,3.335,3.21,3.2316,566699
BLDP,2026-07-09 10:30:00-04:00,3.235,3.27,3.205,3.26,494306
BLDP,2026-07-09 11:30:00-04:00,3.26,3.26,3.215,3.215,551772
BLDP,2026-07-09 12:30:00-04:00,3.2123,3.24,3.2,3.2302,468242
BLDP,2026-07-09 13:30:00-04:00,3.235,3.24,3.22,3.235,211533
BLDP,2026-07-09 14:30:00-04:00,3.235,3.255,3.215,3.225,325813
BLDP,2026-07-09 15:30:00-04:00,3.22,3.25,3.21,3.24,750952
BLDP,2026-07-10 09:30:00-04:00,3.23,3.25,3.06,3.1201,890990
BLDP,2026-07-10 10:30:00-04:00,3.1201,3.15,3.07,3.095,687156
BLDP,2026-07-10 11:30:00-04:00,3.095,3.105,3.06,3.1,348285
BLDP,2026-07-10 12:30:00-04:00,3.105,3.115,3.09,3.105,213558
BLDP,2026-07-10 13:30:00-04:00,3.11,3.12,3.09,3.095,248818
BLDP,2026-07-10 14:30:00-04:00,3.09,3.11,3.08,3.085,280315
BLDP,2026-07-10 15:30:00-04:00,3.08,3.095,3.07,3.07,769930
BLDP,2026-07-13 09:30:00-04:00,3.005,3.055,2.97,3.025,821330
BLDP,2026-07-13 10:30:00-04:00,3.025,3.03,2.995,3.0203,314128
BLDP,2026-07-13 11:30:00-04:00,3.025,3.025,2.94,2.945,480233
BLDP,2026-07-13 12:30:00-04:00,2.9499,2.96,2.93,2.955,409016
BLDP,2026-07-13 13:30:00-04:00,2.95,2.98,2.94,2.945,751766
BLDP,2026-07-13 14:30:00-04:00,2.94,2.965,2.94,2.945,291230
BLDP,2026-07-13 15:30:00-04:00,2.9401,2.97,2.94,2.96,673975
BLDP,2026-07-14 09:30:00-04:00,3.03,3.08,2.995,3.005,630867
BLDP,2026-07-14 10:30:00-04:00,3.0,3.045,2.995,3.025,411270
BLDP,2026-07-14 11:30:00-04:00,3.025,3.03,2.99,2.995,311636
BLDP,2026-07-14 12:30:00-04:00,2.995,3.0,2.945,2.955,368783
BLDP,2026-07-14 13:30:00-04:00,2.958,2.99,2.955,2.965,247835
BLDP,2026-07-14 14:30:00-04:00,2.965,2.975,2.95,2.95,240672
BLDP,2026-07-14 15:30:00-04:00,2.955,2.98,2.94,2.965,523376
BLDP,2026-07-15 09:30:00-04:00,2.99,3.04,2.94,2.975,689430
BLDP,2026-07-15 10:30:00-04:00,2.9701,2.99,2.945,2.9501,552597
BLDP,2026-07-15 11:30:00-04:00,2.955,3.015,2.915,2.925,1038628
BLDP,2026-07-15 12:30:00-04:00,2.925,2.975,2.9,2.975,972208
BLDP,2026-07-15 13:30:00-04:00,2.98,3.005,2.979,2.9901,404226
BLDP,2026-07-15 14:30:00-04:00,2.995,3.0,2.95,2.97,484072
BLDP,2026-07-15 15:30:00-04:00,2.97,2.995,2.965,2.985,631875
BLDP,2026-07-16 09:30:00-04:00,2.9,2.9,2.8,2.835,940130
BLDP,2026-07-16 10:30:00-04:00,2.835,2.835,2.77,2.81,907356
BLDP,2026-07-16 11:30:00-04:00,2.81,2.99,2.76,2.775,871200
BLDP,2026-07-16 12:30:00-04:00,2.775,2.78,2.75,2.765,541543
BLDP,2026-07-16 13:30:00-04:00,2.77,2.77,2.735,2.755,478735
BLDP,2026-07-16 14:30:00-04:00,2.75,2.76,2.74,2.75,414715
BLDP,2026-07-16 15:30:00-04:00,2.745,2.75,2.73,2.74,521360
BLDP,2026-07-17 09:30:00-04:00,2.702,2.74,2.64,2.73,745383
BLDP,2026-07-17 10:30:00-04:00,2.73,2.74,2.675,2.695,506711
BLDP,2026-07-17 11:30:00-04:00,2.6901,2.76,2.69,2.725,543935
BLDP,2026-07-17 12:30:00-04:00,2.725,2.77,2.72,2.76,343164
BLDP,2026-07-17 13:30:00-04:00,2.76,2.76,2.71,2.715,279097
BLDP,2026-07-17 14:30:00-04:00,2.715,2.7274,2.695,2.71,255041
BLDP,2026-07-17 15:30:00-04:00,2.715,2.715,2.69,2.695,520005
BLDP,2026-07-20 09:30:00-04:00,2.71,2.72,2.62,2.6601,964463
BLDP,2026-07-20 10:30:00-04:00,2.665,2.665,2.62,2.635,790088
BLDP,2026-07-20 11:30:00-04:00,2.635,2.66,2.622,2.65,562014
BLDP,2026-07-20 12:30:00-04:00,2.645,2.66,2.63,2.645,449133
BLDP,2026-07-20 13:30:00-04:00,2.645,2.68,2.64,2.675,588875
BLDP,2026-07-20 14:30:00-04:00,2.67,2.795,2.65,2.755,4156005
BLDP,2026-07-20 15:30:00-04:00,2.75,2.78,2.73,2.775,2197832
BLDP,2026-07-21 09:30:00-04:00,2.835,2.91,2.83,2.885,822629
BLDP,2026-07-21 10:30:00-04:00,2.89,2.9788,2.8801,2.945,982286
BLDP,2026-07-21 11:30:00-04:00,2.94,2.98,2.94,2.96,671388
BLDP,2026-07-21 12:30:00-04:00,2.96,3.0,2.93,2.9819,792965
BLDP,2026-07-21 13:30:00-04:00,2.98,2.9899,2.95,2.96,396516
BLDP,2026-07-21 14:30:00-04:00,2.96,2.9851,2.95,2.95,570800
BLDP,2026-07-21 15:30:00-04:00,2.955,2.9789,2.94,2.97,840656
BLDP,2026-07-22 09:30:00-04:00,3.008,3.085,2.94,3.06,1243833
BLDP,2026-07-22 10:30:00-04:00,3.065,3.17,3.06,3.15,1960856
BLDP,2026-07-22 11:30:00-04:00,3.155,3.16,3.11,3.135,2020390
BLDP,2026-07-22 12:30:00-04:00,3.14,3.15,3.09,3.13,2074226
BLDP,2026-07-22 13:30:00-04:00,3.135,3.168,3.115,3.125,1733373
BLDP,2026-07-22 14:30:00-04:00,3.125,3.15,3.06,3.132,1803792
BLDP,2026-07-22 15:30:00-04:00,3.13,3.135,3.06,3.105,2313944
BLDP,2026-07-23 09:30:00-04:00,3.06,3.22,3.06,3.155,1611599
BLDP,2026-07-23 10:30:00-04:00,3.16,3.17,3.025,3.035,1561138
BLDP,2026-07-23 11:30:00-04:00,3.0394,3.075,3.025,3.07,758670
BLDP,2026-07-23 12:30:00-04:00,3.0617,3.097,3.05,3.095,609773
BLDP,2026-07-23 13:30:00-04:00,3.0992,3.0992,3.03,3.035,461820
BLDP,2026-07-23 14:30:00-04:00,3.03,3.04,2.985,3.005,421209
BLDP,2026-07-23 15:30:00-04:00,3.005,3.01,2.97,2.985,867352
BLDP,2026-07-24 09:30:00-04:00,2.97,2.975,2.77,2.805,1052300
BLDP,2026-07-24 10:30:00-04:00,2.8,2.83,2.77,2.82,719521
BLDP,2026-07-24 11:30:00-04:00,2.82,2.87,2.81,2.86,657546
BLDP,2026-07-24 12:30:00-04:00,2.855,2.86,2.82,2.84,358189
BLDP,2026-07-24 13:30:00-04:00,2.8379,2.86,2.83,2.845,606291
BLDP,2026-07-24 14:30:00-04:00,2.845,2.87,2.835,2.8589,1225980
BLDP,2026-07-24 15:30:00-04:00,2.855,2.92,2.85,2.91,3919009
BLDP,2026-07-27 09:30:00-04:00,2.93,2.99,2.84,2.849,1295786
BLDP,2026-07-27 10:30:00-04:00,2.84,2.875,2.78,2.855,1228616
BLDP,2026-07-27 11:30:00-04:00,2.855,2.87,2.83,2.865,837293
BLDP,2026-07-27 12:30:00-04:00,2.87,2.885,2.81,2.825,670294
BLDP,2026-07-27 13:30:00-04:00,2.825,2.86,2.82,2.85,620996
BLDP,2026-07-27 14:30:00-04:00,2.845,2.905,2.84,2.895,685227
BLDP,2026-07-27 15:30:00-04:00,2.8923,2.895,2.865,2.87,751164
BLDP,2026-07-28 09:30:00-04:00,2.82,2.84,2.69,2.7,1351016
BLDP,2026-07-28 10:30:00-04:00,2.7,2.7799,2.665,2.7799,1371218
BLDP,2026-07-28 11:30:00-04:00,2.7799,2.7799,2.685,2.69,682853
BLDP,2026-07-28 12:30:00-04:00,2.68,2.71,2.67,2.685,522051
BLDP,2026-07-28 13:30:00-04:00,2.685,2.69,2.65,2.66,857255
BLDP,2026-07-28 14:30:00-04:00,2.66,2.695,2.65,2.685,874345
BLDP,2026-07-28 15:30:00-04:00,2.685,2.6899,2.6525,2.675,727804
BLDP,2026-07-29 09:30:00-04:00,2.73,2.74,2.654,2.66,967527
BLDP,2026-07-29 10:30:00-04:00,2.665,2.665,2.585,2.595,623550
BLDP,2026-07-29 11:30:00-04:00,2.595,2.6,2.54,2.5699,602589
BLDP,2026-07-29 12:30:00-04:00,2.57,2.625,2.56,2.6,643294
BLDP,2026-07-29 13:30:00-04:00,2.6001,2.64,2.575,2.575,783246
BLDP,2026-07-29 14:30:00-04:00,2.58,2.65,2.55,2.555,571864
BLDP,2026-07-29 15:30:00-04:00,2.555,2.56,2.49,2.49,1211511
BLDP,2026-07-30 09:30:00-04:00,2.6,2.75,2.58,2.74,693858
BLDP,2026-07-30 10:30:00-04:00,2.745,2.745,2.69,2.695,443687
BLDP,2026-07-30 11:30:00-04:00,2.695,2.74,2.69,2.73,389009
BLDP,2026-07-30 12:30:00-04:00,2.73,2.75,2.705,2.745,646275
BLDP,2026-07-30 13:30:00-04:00,2.745,2.75,2.71,2.7184,556030
BLDP,2026-07-30 14:30:00-04:00,2.715,2.79,2.7101,2.75,956995
BLDP,2026-07-30 15:30:00-04:00,2.75,2.8,2.745,2.795,1587480
BLDP,2026-07-31 09:30:00-04:00,2.83,2.9,2.67,2.775,2438883
BLDP,2026-07-31 10:30:00-04:00,2.7784,2.785,2.7001,2.715,628778
BLDP,2026-07-31 11:30:00-04:00,2.715,2.7199,2.6411,2.7197,700340
BLDP,2026-07-31 12:30:00-04:00,2.72,2.75,2.7,2.735,714802
BLDP,2026-07-31 13:30:00-04:00,2.74,2.76,2.7203,2.725,351043
BLDP,2026-07-31 14:30:00-04:00,2.725,2.73,2.66,2.675,752080
BLDP,2026-07-31 15:30:00-04:00,2.675,2.68,2.645,2.665,876588
BLDP,2026-08-03 09:30:00-04:00,2.71,2.725,2.56,2.675,825422
BLDP,2026-08-03 10:30:00-04:00,2.68,2.71,2.6617,2.665,434879
BLDP,2026-08-03 11:30:00-04:00,2.67,2.6899,2.655,2.655,322359
BLDP,2026-08-03 12:30:00-04:00,2.66,2.66,2.62,2.64,252941
BLDP,2026-08-03 13:30:00-04:00,2.645,2.7,2.645,2.665,343679
BLDP,2026-08-03 14:30:00-04:00,2.665,2.68,2.62,2.63,459236
BLDP,2026-08-03 15:30:00-04:00,2.63,2.68,2.62,2.67,859455
BLDP,2026-08-04 09:30:00-04:00,2.78,2.8599,2.765,2.785,825183
BLDP,2026-08-04 10:30:00-04:00,2.78,2.815,2.765,2.8084,387793
BLDP,2026-08-04 11:30:00-04:00,2.805,2.84,2.7904,2.795,620858
BLDP,2026-08-04 12:30:00-04:00,2.795,2.805,2.785,2.795,199724
BLDP,2026-08-04 13:30:00-04:00,2.795,2.805,2.76,2.775,208523
BLDP,2026-08-04 14:30:00-04:00,2.775,2.805,2.7601,2.795,390146
BLDP,2026-08-04 15:30:00-04:00,2.795,2.7977,2.73,2.745,720027
BLDP,2026-08-05 09:30:00-04:00,2.72,2.755,2.655,2.73,833463
BLDP,2026-08-05 10:30:00-04:00,2.73,2.73,2.69,2.725,588702
BLDP,2026-08-05 11:30:00-04:00,2.7201,2.75,2.6897,2.705,607597
BLDP,2026-08-05 12:30:00-04:00,2.7,2.71,2.665,2.665,644056
BLDP,2026-08-05 13:30:00-04:00,2.665,2.67,2.65,2.65,390030
BLDP,2026-08-05 14:30:00-04:00,2.65,2.6593,2.64,2.645,584069
BLDP,2026-08-05 15:30:00-04:00,2.645,2.68,2.625,2.63,1713607
BLDP,2026-08-06 09:30:00-04:00,2.62,2.68,2.555,2.645,1072520
BLDP,2026-08-06 10:30:00-04:00,2.65,2.665,2.6,2.6083,559462
BLDP,2026-08-06 11:30:00-04:00,2.61,2.61,2.575,2.585,411077
BLDP,2026-08-06 12:30:00-04:00,2.585,2.61,2.565,2.5694,396649
BLDP,2026-08-06 13:30:00-04:00,2.564,2.5688,2.545,2.555,279001
BLDP,2026-08-06 14:30:00-04:00,2.555,2.57,2.5425,2.555,445988
BLDP,2026-08-06 15:30:00-04:00,2.55,2.56,2.54,2.54,369604
BLDP,2026-08-07 09:30:00-04:00,2.62,2.64,2.5002,2.525,702570
BLDP,2026-08-07 10:30:00-04:00,2.53,2.555,2.5001,2.5427,578117
BLDP,2026-08-07 11:30:00-04:00,2.545,2.59,2.54,2.555,503076
BLDP,2026-08-07 12:30:00-04:00,2.55,2.5681,2.54,2.555,271244
BLDP,2026-08-07 13:30:00-04:00,2.55,2.57,2.5425,2.545,244183
BLDP,2026-08-07 14:30:00-04:00,2.545,2.6,2.54,2.595,453673
BLDP,2026-08-07 15:30:00-04:00,2.595,2.63,2.592,2.625,484766
BLDP,2026-08-10 09:30:00-04:00,2.63,2.65,2.55,2.585,857227
BLDP,2026-08-10 10:30:00-04:00,2.575,2.58,2.53,2.535,771735
BLDP,2026-08-10 11:30:00-04:00,2.535,2.57,2.53,2.555,461014
BLDP,2026-08-10 12:30:00-04:00,2.5599,2.56,2.54,2.545,279653
BLDP,2026-08-10 13:30:00-04:00,2.5401,2.549,2.51,2.515,427591
BLDP,2026-08-10 14:30:00-04:00,2.515,2.56,2.515,2.55,389412
BLDP,2026-08-10 15:30:00-04:00,2.55,2.56,2.54,2.555,439695
BLDP,2026-08-11 09:30:00-04:00,2.61,2.66,2.595,2.615,750115
BLDP,2026-08-11 10:30:00-04:00,2.6121,2.62,2.5903,2.5903,276286
BLDP,2026-08-11 11:30:00-04:00,2.595,2.6097,2.59,2.595,176131
BLDP,2026-08-11 12:30:00-04:00,2.595,2.61,2.59,2.595,127585
BLDP,2026-08-11 13:30:00-04:00,2.595,2.6097,2.5801,2.59,180645
BLDP,2026-08-11 14:30:00-04:00,2.595,2.615,2.595,2.61,246256
BLDP,2026-08-11 15:30:00-04:00,2.61,2.615,2.5901,2.6,365854
BLDP,2026-08-12 09:30:00-04:00,2.68,2.69,2.635,2.6398,980990
BLDP,2026-08-12 10:30:00-04:00,2.635,2.655,2.625,2.64,761326
BLDP,2026-08-12 11:30:00-04:00,2.645,2.66,2.62,2.64,336085
BLDP,2026-08-12 12:30:00-04:00,2.6319,2.6502,2.6301,2.65,134403
BLDP,2026-08-12 13:30:00-04:00,2.645,2.65,2.64,2.645,159536
BLDP,2026-08-12 14:30:00-04:00,2.645,2.66,2.64,2.645,215319
BLDP,2026-08-12 15:30:00-04:00,2.645,2.645,2.61,2.625,370818
BLDP,2026-08-13 09:30:00-04:00,2.6,2.7399,2.6,2.67,519820
BLDP,2026-08-13 10:30:00-04:00,2.67,2.67,2.63,2.63,279307
BLDP,2026-08-13 11:30:00-04:00,2.63,2.64,2.6,2.625,337548
BLDP,2026-08-13 12:30:00-04:00,2.63,2.66,2.615,2.655,219805
BLDP,2026-08-13 13:30:00-04:00,2.655,2.655,2.63,2.63,155558
BLDP,2026-08-13 14:30:00-04:00,2.635,2.65,2.62,2.62,175477
BLDP,2026-08-13 15:30:00-04:00,2.625,2.63,2.6,2.625,445920
BLDP,2026-08-14 09:30:00-04:00,2.625,2.72,2.62,2.7011,558381
BLDP,2026-08-14 10:30:00-04:00,2.705,2.75,2.67,2.675,616951
BLDP,2026-08-14 11:30:00-04:00,2.68,2.73,2.68,2.715,363895
BLDP,2026-08-14 12:30:00-04:00,2.715,2.73,2.69,2.72,489762
BLDP,2026-08-14 13:30:00-04:00,2.715,2.72,2.68,2.7,193172
BLDP,2026-08-14 14:30:00-04:00,2.695,2.7,2.6623,2.69,332716
BLDP,2026-08-14 15:30:00-04:00,2.685,2.7,2.68,2.7,383841
BLDP,2026-08-17 09:30:00-04:00,2.7,2.71,2.61,2.625,727738
BLDP,2026-08-17 10:30:00-04:00,2.625,2.6385,2.59,2.6,491167
BLDP,2026-08-17 11:30:00-04:00,2.6,2.61,2.56,2.61,536964
BLDP,2026-08-17 12:30:00-04:00,2.6077,2.62,2.6,2.6,258442
BLDP,2026-08-17 13:30:00-04:00,2.6,2.608,2.56,2.57,362182
BLDP,2026-08-17 14:30:00-04:00,2.575,2.585,2.55,2.57,547202
BLDP,2026-08-17 15:30:00-04:00,2.57,2.61,2.57,2.605,531945
BLDP,2026-08-18 09:30:00-04:00,2.54,2.5578,2.47,2.485,707281
BLDP,2026-08-18 10:30:00-04:00,2.49,2.5,2.44,2.46,542432
BLDP,2026-08-18 11:30:00-04:00,2.4596,2.485,2.44,2.465,462444
BLDP,2026-08-18 12:30:00-04:00,2.46,2.5,2.455,2.46,275998
BLDP,2026-08-18 13:30:00-04:00,2.4617,2.47,2.44,2.44,393976
BLDP,2026-08-18 14:30:00-04:00,2.445,2.47,2.44,2.47,233887
BLDP,2026-08-18 15:30:00-04:00,2.465,2.48,2.46,2.475,449443
BLDP,2026-08-19 09:30:00-04:00,2.5,2.518,2.431,2.48,611438
BLDP,2026-08-19 10:30:00-04:00,2.48,2.51,2.46,2.485,474459
BLDP,2026-08-19 11:30:00-04:00,2.485,2.51,2.475,2.505,314324
BLDP,2026-08-19 12:30:00-04:00,2.505,2.5099,2.47,2.475,147212
BLDP,2026-08-19 13:30:00-04:00,2.475,2.485,2.46,2.465,165179
BLDP,2026-08-19 14:30:00-04:00,2.465,2.48,2.46,2.465,214437
BLDP,2026-08-19 15:30:00-04:00,2.465,2.5081,2.46,2.5,367091
BLDP,2026-08-20 09:30:00-04:00,2.48,2.49,2.4,2.415,496917
BLDP,2026-08-20 10:30:00-04:00,2.415,2.43,2.37,2.385,849444
BLDP,2026-08-20 11:30:00-04:00,2.385,2.39,2.36,2.3611,242410
BLDP,2026-08-20 12:30:00-04:00,2.36,2.38,2.35,2.3699,260150
BLDP,2026-08-20 13:30:00-04:00,2.369,2.37,2.35,2.365,303145
BLDP,2026-08-20 14:30:00-04:00,2.36,2.37,2.35,2.365,216217
BLDP,2026-08-20 15:30:00-04:00,2.365,2.38,2.36,2.38,197903
BLDP,2026-08-21 09:30:00-04:00,2.42,2.44,2.38,2.395,308314
BLDP,2026-08-21 10:30:00-04:00,2.395,2.4277,2.37,2.415,319130
BLDP,2026-08-21 11:30:00-04:00,2.415,2.44,2.41,2.43,382272
BLDP,2026-08-21 12:30:00-04:00,2.4251,2.429,2.385,2.395,296325
BLDP,2026-08-21 13:30:00-04:00,2.395,2.42,2.39,2.42,112746
BLDP,2026-08-21 14:30:00-04:00,2.41,2.415,2.395,2.41,254594
BLDP,2026-08-21 15:30:00-04:00,2.41,2.41,2.39,2.395,302087
BLDP,2026-08-24 09:30:00-04:00,2.38,2.38,2.27,2.2923,763111
BLDP,2026-08-24 10:30:00-04:00,2.29,2.305,2.27,2.29,259995
BLDP,2026-08-24 11:30:00-04:00,2.285,2.29,2.275,2.285,201677
BLDP,2026-08-24 12:30:00-04:00,2.285,2.3,2.27,2.28,256085
BLDP,2026-08-24 13:30:00-04:00,2.289,2.3,2.27,2.281,526831
BLDP,2026-08-24 14:30:00-04:00,2.285,2.29,2.27,2.275,170596
BLDP,2026-08-24 15:30:00-04:00,2.28,2.29,2.26,2.285,555414
BLDP,2026-08-25 09:30:00-04:00,2.35,2.35,2.285,2.305,631586
BLDP,2026-08-25 10:30:00-04:00,2.3,2.33,2.285,2.305,465354
BLDP,2026-08-25 11:30:00-04:00,2.305,2.32,2.3,2.305,322674
BLDP,2026-08-25 12:30:00-04:00,2.305,2.33,2.301,2.325,466033
BLDP,2026-08-25 13:30:00-04:00,2.32,2.325,2.29,2.305,121235
BLDP,2026-08-25 14:30:00-04:00,2.305,2.31,2.29,2.295,188041
BLDP,2026-08-25 15:30:00-04:00,2.295,2.32,2.29,2.32,430997
BLDP,2026-08-26 09:30:00-04:00,2.33,2.355,2.27,2.28,463054
BLDP,2026-08-26 10:30:00-04:00,2.275,2.28,2.2501,2.261,161377
BLDP,2026-08-26 11:30:00-04:00,2.265,2.27,2.25,2.265,145000
BLDP,2026-08-26 12:30:00-04:00,2.265,2.27,2.25,2.265,171460
BLDP,2026-08-26 13:30:00-04:00,2.265,2.265,2.25,2.255,93156
BLDP,2026-08-26 14:30:00-04:00,2.255,2.275,2.25,2.265,247283
BLDP,2026-08-26 15:30:00-04:00,2.27,2.29,2.265,2.285,271543
BLDP,2026-08-27 09:30:00-04:00,2.33,2.355,2.302,2.33,244504
BLDP,2026-08-27 10:30:00-04:00,2.335,2.34,2.31,2.33,146503
BLDP,2026-08-27 11:30:00-04:00,2.325,2.33,2.31,2.32,186314
BLDP,2026-08-27 12:30:00-04:00,2.32,2.325,2.31,2.311,76854
BLDP,2026-08-27 13:30:00-04:00,2.31,2.319,2.3,2.305,225266
BLDP,2026-08-27 14:30:00-04:00,2.305,2.335,2.3,2.33,213168
BLDP,2026-08-27 15:30:00-04:00,2.325,2.35,2.32,2.345,587027
BLDP,2026-08-28 09:30:00-04:00,2.34,2.355,2.28,2.285,305785
BLDP,2026-08-28 10:30:00-04:00,2.29,2.31,2.275,2.2799,179913
BLDP,2026-08-28 11:30:00-04:00,2.275,2.28,2.22,2.2391,406521
BLDP,2026-08-28 12:30:00-04:00,2.23,2.24,2.221,2.2323,231899
BLDP,2026-08-28 13:30:00-04:00,2.23,2.24,2.23,2.235,118224
BLDP,2026-08-28 14:30:00-04:00,2.235,2.25,2.22,2.25,254457
BLDP,2026-08-28 15:30:00-04:00,2.245,2.27,2.245,2.255,354137
BLDP,2026-08-31 09:30:00-04:00,2.23,2.3,2.23,2.275,379493
BLDP,2026-08-31 10:30:00-04:00,2.275,2.275,2.25,2.27,189477
BLDP,2026-08-31 11:30:00-04:00,2.27,2.27,2.24,2.25,242971
BLDP,2026-08-31 12:30:00-04:00,2.25,2.27,2.25,2.26,287963
BLDP,2026-08-31 13:30:00-04:00,2.26,2.27,2.25,2.2511,176955
BLDP,2026-08-31 14:30:00-04:00,2.26,2.28,2.25,2.28,199653
BLDP,2026-08-31 15:30:00-04:00,2.28,2.32,2.27,2.315,893660
BLDP,2026-09-01 09:30:00-04:00,2.26,2.28,2.2,2.235,501711
BLDP,2026-09-01 10:30:00-04:00,2.235,2.25,2.23,2.245,126629
BLDP,2026-09-01 11:30:00-04:00,2.245,2.27,2.235,2.235,334892
BLDP,2026-09-01 12:30:00-04:00,2.235,2.245,2.225,2.2399,243288
BLDP,2026-09-01 13:30:00-04:00,2.24,2.24,2.22,2.23,101256
BLDP,2026-09-01 14:30:00-04:00,2.23,2.25,2.22,2.245,176187
BLDP,2026-09-01 15:30:00-04:00,2.24,2.25,2.22,2.24,421981
BLDP,2026-09-02 09:30:00-04:00,2.24,2.255,2.21,2.215,322599
BLDP,2026-09-02 10:30:00-04:00,2.2191,2.23,2.19,2.2035,319642
BLDP,2026-09-02 11:30:00-04:00,2.2095,2.22,2.205,2.22,162818
BLDP,2026-09-02 12:30:00-04:00,2.22,2.23,2.21,2.22,114459
BLDP,2026-09-02 13:30:00-04:00,2.22,2.255,2.22,2.2512,253328
BLDP,2026-09-02 14:30:00-04:00,2.255,2.265,2.24,2.245,291577
BLDP,2026-09-02 15:30:00-04:00,2.25,2.27,2.24,2.25,522950
BLDP,2026-09-03 09:30:00-04:00,2.26,2.28,2.23,2.255,331597
BLDP,2026-09-03 10:30:00-04:00,2.26,2.29,2.25,2.285,219346
BLDP,2026-09-03 11:30:00-04:00,2.29,2.29,2.26,2.275,221651
BLDP,2026-09-03 12:30:00-04:00,2.275,2.28,2.27,2.27,81899
BLDP,2026-09-03 13:30:00-04:00,2.2701,2.29,2.27,2.28,89689
BLDP,2026-09-03 14:30:00-04:00,2.289,2.295,2.27,2.29,284170
BLDP,2026-09-03 15:30:00-04:00,2.29,2.3,2.28,2.295,371710
FCEL,2026-07-06 09:30:00-04:00,28.79,30.9199,27.2001,30.661,3954326
FCEL,2026-07-06 10:30:00-04:00,30.67,31.1,29.95,31.0776,1137111
FCEL,2026-07-06 11:30:00-04:00,31.05,31.17,30.32,30.68,871684
FCEL,2026-07-06 12:30:00-04:00,30.68,31.32,30.2158,30.31,756938
FCEL,2026-07-06 13:30:00-04:00,30.285,30.3,29.3401,29.5,930125
FCEL,2026-07-06 14:30:00-04:00,29.4803,29.825,29.1,29.79,696746
FCEL,2026-07-06 15:30:00-04:00,29.76,29.87,29.4,29.73,816159
FCEL,2026-07-07 09:30:00-04:00,28.045,29.18,26.11,26.59,4083034
FCEL,2026-07-07 10:30:00-04:00,26.51,27.26,25.72,26.47,2198271
FCEL,2026-07-07 11:30:00-04:00,26.47,26.88,26.02,26.77,961007
FCEL,2026-07-07 12:30:00-04:00,26.77,27.06,26.4663,26.75,650641
FCEL,2026-07-07 13:30:00-04:00,26.76,27.09,26.54,26.59,605947
FCEL,2026-07-07 14:30:00-04:00,26.565,26.65,25.8146,26.05,1030817
FCEL,2026-07-07 15:30:00-04:00,26.03,26.385,25.8501,25.96,1030650
FCEL,2026-07-08 09:30:00-04:00,21.18,23.3418,20.6,22.77,10011235
FCEL,2026-07-08 10:30:00-04:00,22.75,22.98,22.0101,22.14,2092995
FCEL,2026-07-08 11:30:00-04:00,22.15,23.08,22.0602,23.04,1448221
FCEL,2026-07-08 12:30:00-04:00,23.01,23.38,22.5602,23.31,2206994
FCEL,2026-07-08 13:30:00-04:00,23.3167,23.33,22.82,22.87,1520492
FCEL,2026-07-08 14:30:00-04:00,22.85,23.04,22.59,22.9085,1409821
FCEL,2026-07-08 15:30:00-04:00,22.9016,22.97,22.38,22.535,2025767
FCEL,2026-07-09 09:30:00-04:00,24.2,24.46,22.54,23.67,7237115
FCEL,2026-07-09 10:30:00-04:00,23.67,24.36,23.02,24.2996,2581510
FCEL,2026-07-09 11:30:00-04:00,24.3,24.54,23.7501,24.03,1780052
FCEL,2026-07-09 12:30:00-04:00,24.035,24.4899,23.94,24.2,858454
FCEL,2026-07-09 13:30:00-04:00,24.215,24.26,23.63,23.74,1202853
FCEL,2026-07-09 14:30:00-04:00,23.745,23.75,22.8,22.9,1705420
FCEL,2026-07-09 15:30:00-04:00,22.915,23.1474,22.82,22.98,1727173
FCEL,2026-07-10 09:30:00-04:00,22.64,22.71,20.31,20.713,4735987
FCEL,2026-07-10 10:30:00-04:00,20.685,21.1398,20.28,20.92,2232961
FCEL,2026-07-10 11:30:00-04:00,20.9221,21.05,20.5258,20.87,1172626
FCEL,2026-07-10 12:30:00-04:00,20.86,21.225,20.86,21.21,981306
FCEL,2026-07-10 13:30:00-04:00,21.22,21.3,20.935,20.96,811571
FCEL,2026-07-10 14:30:00-04:00,20.96,21.0,20.655,20.85,1024070
FCEL,2026-07-10 15:30:00-04:00,20.85,21.14,20.76,21.025,1078964
FCEL,2026-07-13 09:30:00-04:00,20.65,21.0,19.95,20.455,1789683
FCEL,2026-07-13 10:30:00-04:00,20.455,20.46,19.83,20.06,1038582
FCEL,2026-07-13 11:30:00-04:00,20.05,20.22,19.015,19.145,2662777
FCEL,2026-07-13 12:30:00-04:00,19.138,19.58,19.035,19.4,842968
FCEL,2026-07-13 13:30:00-04:00,19.42,19.5,19.16,19.2946,653104
FCEL,2026-07-13 14:30:00-04:00,19.29,19.44,19.07,19.135,677193
FCEL,2026-07-13 15:30:00-04:00,19.14,19.25,18.93,19.075,1350359
FCEL,2026-07-14 09:30:00-04:00,21.2,22.89,20.57,21.5312,8656086
FCEL,2026-07-14 10:30:00-04:00,21.54,22.28,21.36,21.64,1981025
FCEL,2026-07-14 11:30:00-04:00,21.6699,21.99,21.45,21.73,1939116
FCEL,2026-07-14 12:30:00-04:00,21.74,21.805,20.94,21.04,1792740
FCEL,2026-07-14 13:30:00-04:00,21.04,22.07,21.035,21.53,1699599
FCEL,2026-07-14 14:30:00-04:00,21.535,21.9,21.49,21.64,1627411
FCEL,2026-07-14 15:30:00-04:00,21.65,21.86,21.28,21.38,1012385
FCEL,2026-07-15 09:30:00-04:00,21.26,22.63,19.92,20.0541,2979181
FCEL,2026-07-15 10:30:00-04:00,20.08,20.26,19.64,19.85,843659
FCEL,2026-07-15 11:30:00-04:00,19.86,20.07,19.0,19.125,1930949
FCEL,2026-07-15 12:30:00-04:00,19.1396,19.98,19.01,19.87,894924
FCEL,2026-07-15 13:30:00-04:00,19.89,20.46,19.8262,20.35,763614
FCEL,2026-07-15 14:30:00-04:00,20.35,20.43,19.82,19.96,720640
FCEL,2026-07-15 15:30:00-04:00,19.97,20.33,19.9666,20.24,656785
FCEL,2026-07-16 09:30:00-04:00,19.57,19.68,18.22,18.4791,2764390
FCEL,2026-07-16 10:30:00-04:00,18.46,18.46,17.6501,17.72,1747066
FCEL,2026-07-16 11:30:00-04:00,17.7435,20.25,17.2671,17.4,1225329
FCEL,2026-07-16 12:30:00-04:00,17.4,17.525,17.142,17.39,860522
FCEL,2026-07-16 13:30:00-04:00,17.39,17.49,16.88,17.349,1179861
FCEL,2026-07-16 14:30:00-04:00,17.3105,17.3584,17.05,17.255,1211760
FCEL,2026-07-16 15:30:00-04:00,17.25,17.36,17.03,17.26,1508786
FCEL,2026-07-17 09:30:00-04:00,17.0,19.0999,16.51,18.8001,5086151
FCEL,2026-07-17 10:30:00-04:00,18.82,19.0899,18.19,18.685,1914506
FCEL,2026-07-17 11:30:00-04:00,18.69,19.24,18.55,18.7905,1474313
FCEL,2026-07-17 12:30:00-04:00,18.775,19.0799,18.6103,19.01,929853
FCEL,2026-07-17 13:30:00-04:00,19.0,19.06,18.35,18.41,717682
FCEL,2026-07-17 14:30:00-04:00,18.42,18.545,18.2,18.43,869654
FCEL,2026-07-17 15:30:00-04:00,18.465,18.665,18.4,18.485,1504389
FCEL,2026-07-20 09:30:00-04:00,19.34,20.0499,18.8401,19.55,3736486
FCEL,2026-07-20 10:30:00-04:00,19.545,19.885,19.27,19.82,1756240
FCEL,2026-07-20 11:30:00-04:00,19.8183,19.98,19.42,19.59,659238
FCEL,2026-07-20 12:30:00-04:00,19.595,19.9799,19.5,19.74,776071
FCEL,2026-07-20 13:30:00-04:00,19.74,20.26,19.6103,20.065,1037708
FCEL,2026-07-20 14:30:00-04:00,20.06,20.19,19.72,19.91,1163114
FCEL,2026-07-20 15:30:00-04:00,19.95,19.99,19.69,19.85,1287291
FCEL,2026-07-21 09:30:00-04:00,20.19,20.99,19.51,20.97,3009545
FCEL,2026-07-21 10:30:00-04:00,20.965,21.2,20.8401,21.015,1706394
FCEL,2026-07-21 11:30:00-04:00,21.005,21.43,20.86,21.285,1021845
FCEL,2026-07-21 12:30:00-04:00,21.285,21.95,21.26,21.91,931495
FCEL,2026-07-21 13:30:00-04:00,21.91,22.18,21.78,22.0709,936809
FCEL,2026-07-21 14:30:00-04:00,22.05,22.07,21.47,21.47,746619
FCEL,2026-07-21 15:30:00-04:00,21.46,21.98,21.42,21.64,860257
FCEL,2026-07-22 09:30:00-04:00,20.655,21.96,20.5,21.72,1535898
FCEL,2026-07-22 10:30:00-04:00,21.72,22.17,21.53,22.1,858295
FCEL,2026-07-22 11:30:00-04:00,22.1,22.6,22.0,22.22,1122874
FCEL,2026-07-22 12:30:00-04:00,22.205,22.35,22.02,22.145,611856
FCEL,2026-07-22 13:30:00-04:00,22.145,22.68,21.98,22.47,1221172
FCEL,2026-07-22 14:30:00-04:00,22.46,22.73,22.3225,22.55,928856
FCEL,2026-07-22 15:30:00-04:00,22.535,22.64,22.34,22.46,878697
FCEL,2026-07-23 09:30:00-04:00,22.185,25.1,22.11,25.0,4042915
FCEL,2026-07-23 10:30:00-04:00,24.98,25.09,23.32,23.63,2884373
FCEL,2026-07-23 11:30:00-04:00,23.65,24.2,23.5,24.02,1048573
FCEL,2026-07-23 12:30:00-04:00,24.03,24.55,23.7,24.31,700689
FCEL,2026-07-23 13:30:00-04:00,24.3,24.31,23.515,23.67,634464
FCEL,2026-07-23 14:30:00-04:00,23.645,23.81,23.14,23.3779,890984
FCEL,2026-07-23 15:30:00-04:00,23.4,23.47,22.99,23.29,1156738
FCEL,2026-07-24 09:30:00-04:00,23.21,23.33,21.24,22.0458,2594137
FCEL,2026-07-24 10:30:00-04:00,22.05,22.14,21.3001,22.01,1028183
FCEL,2026-07-24 11:30:00-04:00,22.0,22.56,21.9,22.36,824790
FCEL,2026-07-24 12:30:00-04:00,22.35,22.35,21.725,22.13,653412
FCEL,2026-07-24 13:30:00-04:00,22.135,22.23,21.25,21.38,787148
FCEL,2026-07-24 14:30:00-04:00,21.4,21.44,20.97,21.07,874041
FCEL,2026-07-24 15:30:00-04:00,21.11,21.355,20.885,21.25,957645
FCEL,2026-07-27 09:30:00-04:00,21.41,21.9799,20.62,20.94,1837616
FCEL,2026-07-27 10:30:00-04:00,20.945,21.39,20.3001,21.12,1148594
FCEL,2026-07-27 11:30:00-04:00,21.09,21.19,20.65,21.175,639750
FCEL,2026-07-27 12:30:00-04:00,21.18,21.73,20.8601,20.97,514748
FCEL,2026-07-27 13:30:00-04:00,20.96,21.4369,20.935,21.17,375122
FCEL,2026-07-27 14:30:00-04:00,21.17,21.56,20.87,21.44,451976
FCEL,2026-07-27 15:30:00-04:00,21.47,21.59,21.195,21.49,513392
FCEL,2026-07-28 09:30:00-04:00,20.13,20.31,19.0705,19.123,2605189
FCEL,2026-07-28 10:30:00-04:00,19.105,20.35,19.05,20.172,1491167
FCEL,2026-07-28 11:30:00-04:00,20.18,20.25,19.79,19.945,805867
FCEL,2026-07-28 12:30:00-04:00,19.92,20.25,19.75,20.01,656324
FCEL,2026-07-28 13:30:00-04:00,19.985,20.085,19.55,19.63,772142
FCEL,2026-07-28 14:30:00-04:00,19.63,19.965,19.37,19.92,1037508
FCEL,2026-07-28 15:30:00-04:00,19.915,19.975,19.61,19.6503,1285240
FCEL,2026-07-29 09:30:00-04:00,20.36,21.14,19.1701,19.8,3750226
FCEL,2026-07-29 10:30:00-04:00,19.83,19.89,18.94,18.98,1250925
FCEL,2026-07-29 11:30:00-04:00,18.97,19.122,18.49,18.69,842428
FCEL,2026-07-29 12:30:00-04:00,18.7,19.6296,18.58,19.13,817663
FCEL,2026-07-29 13:30:00-04:00,19.13,19.8599,19.09,19.23,933185
FCEL,2026-07-29 14:30:00-04:00,19.23,20.15,18.8301,19.0,1297202
FCEL,2026-07-29 15:30:00-04:00,19.0,19.1,17.99,18.085,1801258
FCEL,2026-07-30 09:30:00-04:00,19.67,22.21,19.58,21.97,4073047
FCEL,2026-07-30 10:30:00-04:00,21.98,22.77,21.6901,22.32,2025709
FCEL,2026-07-30 11:30:00-04:00,22.31,22.98,22.2501,22.7401,906584
FCEL,2026-07-30 12:30:00-04:00,22.74,23.3795,22.55,23.175,1685735
FCEL,2026-07-30 13:30:00-04:00,23.16,23.25,22.82,23.09,1110535
FCEL,2026-07-30 14:30:00-04:00,23.09,23.5,23.09,23.3399,863932
FCEL,2026-07-30 15:30:00-04:00,23.315,23.7617,23.31,23.61,1355209
FCEL,2026-07-31 09:30:00-04:00,25.435,25.7,22.62,23.16,2673975
FCEL,2026-07-31 10:30:00-04:00,23.125,23.76,22.83,22.925,821717
FCEL,2026-07-31 11:30:00-04:00,22.925,23.03,22.47,22.96,714142
FCEL,2026-07-31 12:30:00-04:00,22.99,23.1799,22.66,22.825,598280
FCEL,2026-07-31 13:30:00-04:00,22.83,23.17,22.7589,23.0,605045
FCEL,2026-07-31 14:30:00-04:00,23.0,23.02,22.3,22.3,499387
FCEL,2026-07-31 15:30:00-04:00,22.32,22.34,21.56,21.58,1564638
FCEL,2026-08-03 09:30:00-04:00,20.6,21.44,19.51,21.3,3364440
FCEL,2026-08-03 10:30:00-04:00,21.3,21.895,20.97,20.995,1545661
FCEL,2026-08-03 11:30:00-04:00,21.01,21.595,20.89,21.4538,1153091
FCEL,2026-08-03 12:30:00-04:00,21.4342,21.4694,20.815,21.01,790714
FCEL,2026-08-03 13:30:00-04:00,20.98,21.82,20.98,21.44,1015954
FCEL,2026-08-03 14:30:00-04:00,21.43,21.5294,20.85,20.99,1209564
FCEL,2026-08-03 15:30:00-04:00,21.01,21.48,20.86,21.34,931629
FCEL,2026-08-04 09:30:00-04:00,21.905,22.6098,21.5891,22.5622,1933280
FCEL,2026-08-04 10:30:00-04:00,22.57,23.2,22.51,23.12,1072587
FCEL,2026-08-04 11:30:00-04:00,23.12,23.3,22.7,22.85,655602
FCEL,2026-08-04 12:30:00-04:00,22.8502,23.06,22.79,22.98,427140
FCEL,2026-08-04 13:30:00-04:00,22.97,23.12,22.73,22.945,418115
FCEL,2026-08-04 14:30:00-04:00,22.94,22.965,22.67,22.77,443495
FCEL,2026-08-04 15:30:00-04:00,22.78,22.8989,22.36,22.51,681789
FCEL,2026-08-05 09:30:00-04:00,21.955,23.3599,21.61,22.52,1546014
FCEL,2026-08-05 10:30:00-04:00,22.5,22.5,21.78,22.08,1115401
FCEL,2026-08-05 11:30:00-04:00,22.09,22.2899,21.68,22.06,973712
FCEL,2026-08-05 12:30:00-04:00,22.06,22.09,21.75,21.795,302504
FCEL,2026-08-05 13:30:00-04:00,21.79,21.86,21.63,21.685,350213
FCEL,2026-08-05 14:30:00-04:00,21.69,21.71,21.46,21.59,600578
FCEL,2026-08-05 15:30:00-04:00,21.58,21.675,21.11,21.12,752060
FCEL,2026-08-06 09:30:00-04:00,20.5,21.7899,19.95,21.4501,1761308
FCEL,2026-08-06 10:30:00-04:00,21.48,21.68,20.9166,21.32,736119
FCEL,2026-08-06 11:30:00-04:00,21.32,21.37,20.67,20.78,601037
FCEL,2026-08-06 12:30:00-04:00,20.74,20.97,20.7097,20.79,451060
FCEL,2026-08-06 13:30:00-04:00,20.77,20.8143,20.45,20.59,452661
FCEL,2026-08-06 14:30:00-04:00,20.58,20.69,20.45,20.52,467922
FCEL,2026-08-06 15:30:00-04:00,20.52,20.56,20.29,20.31,763543
FCEL,2026-08-07 09:30:00-04:00,20.6,21.09,18.69,19.09,2835881
FCEL,2026-08-07 10:30:00-04:00,19.085,19.815,18.77,19.815,1504245
FCEL,2026-08-07 11:30:00-04:00,19.8471,20.03,19.7082,19.8,678312
FCEL,2026-08-07 12:30:00-04:00,19.8,19.88,19.61,19.76,425201
FCEL,2026-08-07 13:30:00-04:00,19.76,19.87,19.6,19.64,484404
FCEL,2026-08-07 14:30:00-04:00,19.64,20.39,19.58,20.15,1704266
FCEL,2026-08-07 15:30:00-04:00,20.14,20.45,20.0001,20.435,923735
FCEL,2026-08-10 09:30:00-04:00,20.59,20.81,19.81,20.218,1209218
FCEL,2026-08-10 10:30:00-04:00,20.23,20.25,19.9602,20.09,703785
FCEL,2026-08-10 11:30:00-04:00,20.1,20.265,20.01,20.03,316169
FCEL,2026-08-10 12:30:00-04:00,20.01,20.29,19.89,20.19,383878
FCEL,2026-08-10 13:30:00-04:00,20.19,20.22,20.02,20.07,224276
FCEL,2026-08-10 14:30:00-04:00,20.07,20.3794,20.01,20.17,475516
FCEL,2026-08-10 15:30:00-04:00,20.19,20.3,19.8,19.82,583432
FCEL,2026-08-11 09:30:00-04:00,20.79,21.62,19.68,19.865,1959015
FCEL,2026-08-11 10:30:00-04:00,19.865,19.94,19.61,19.74,808909
FCEL,2026-08-11 11:30:00-04:00,19.745,19.79,19.3501,19.54,606274
FCEL,2026-08-11 12:30:00-04:00,19.525,19.88,19.505,19.83,592543
FCEL,2026-08-11 13:30:00-04:00,19.84,19.91,19.45,19.495,468742
FCEL,2026-08-11 14:30:00-04:00,19.49,19.8,19.37,19.6,550961
FCEL,2026-08-11 15:30:00-04:00,19.62,19.65,19.0801,19.2,1297030
FCEL,2026-08-12 09:30:00-04:00,20.12,21.205,20.12,20.285,3513762
FCEL,2026-08-12 10:30:00-04:00,20.2899,21.18,20.08,21.145,1580445
FCEL,2026-08-12 11:30:00-04:00,21.14,21.44,21.02,21.34,924144
FCEL,2026-08-12 12:30:00-04:00,21.329,22.1792,21.2695,22.08,1573435
FCEL,2026-08-12 13:30:00-04:00,22.09,22.69,21.985,22.595,1330500
FCEL,2026-08-12 14:30:00-04:00,22.5831,22.5989,21.84,21.91,1437540
FCEL,2026-08-12 15:30:00-04:00,21.91,22.21,21.66,21.67,1566012
FCEL,2026-08-13 09:30:00-04:00,21.022,22.5999,20.83,21.32,2116791
FCEL,2026-08-13 10:30:00-04:00,21.325,21.36,20.97,21.115,848473
FCEL,2026-08-13 11:30:00-04:00,21.1151,21.165,20.27,20.43,1212338
FCEL,2026-08-13 12:30:00-04:00,20.43,20.97,20.3799,20.865,602334
FCEL,2026-08-13 13:30:00-04:00,20.865,20.988,20.6261,20.65,695478
FCEL,2026-08-13 14:30:00-04:00,20.675,20.69,20.1448,20.17,637907
FCEL,2026-08-13 15:30:00-04:00,20.185,20.36,19.97,20.355,968663
FCEL,2026-08-14 09:30:00-04:00,20.135,23.5832,20.135,23.27,4718553
FCEL,2026-08-14 10:30:00-04:00,23.26,23.2899,22.2,22.2995,1716306
FCEL,2026-08-14 11:30:00-04:00,22.31,22.81,21.965,22.71,917575
FCEL,2026-08-14 12:30:00-04:00,22.73,22.8595,22.36,22.69,790027
FCEL,2026-08-14 13:30:00-04:00,22.69,22.8,22.5,22.555,586954
FCEL,2026-08-14 14:30:00-04:00,22.56,22.5669,22.19,22.34,527798
FCEL,2026-08-14 15:30:00-04:00,22.33,22.63,22.22,22.36,952739
FCEL,2026-08-17 09:30:00-04:00,22.375,22.6499,21.64,22.19,1614292
FCEL,2026-08-17 10:30:00-04:00,22.2,22.53,21.57,21.77,1069481
FCEL,2026-08-17 11:30:00-04:00,21.7795,22.18,21.635,22.0305,538989
FCEL,2026-08-17 12:30:00-04:00,22.0334,22.0835,21.75,21.915,425393
FCEL,2026-08-17 13:30:00-04:00,21.91,22.02,21.65,21.675,410782
FCEL,2026-08-17 14:30:00-04:00,21.675,21.78,21.25,21.475,496883
FCEL,2026-08-17 15:30:00-04:00,21.48,22.41,21.46,22.38,953250
FCEL,2026-08-18 09:30:00-04:00,21.0301,24.38,20.71,22.13,6531810
FCEL,2026-08-18 10:30:00-04:00,22.13,22.54,20.902,21.06,1745914
FCEL,2026-08-18 11:30:00-04:00,21.06,21.34,20.82,21.1,1078347
FCEL,2026-08-18 12:30:00-04:00,21.08,21.88,21.04,21.29,869606
FCEL,2026-08-18 13:30:00-04:00,21.29,21.39,20.81,21.245,787107
FCEL,2026-08-18 14:30:00-04:00,21.25,21.6657,21.14,21.64,644723
FCEL,2026-08-18 15:30:00-04:00,21.63,22.25,21.575,21.71,1392961
FCEL,2026-08-19 09:30:00-04:00,21.37,21.63,19.54,19.93,3212548
FCEL,2026-08-19 10:30:00-04:00,19.94,20.5,19.825,20.47,1382257
FCEL,2026-08-19 11:30:00-04:00,20.48,20.8252,20.2,20.72,822584
FCEL,2026-08-19 12:30:00-04:00,20.71,20.945,20.06,20.12,1276369
FCEL,2026-08-19 13:30:00-04:00,20.125,20.43,19.9201,19.99,800894
FCEL,2026-08-19 14:30:00-04:00,19.98,20.0499,19.744,19.87,1463628
FCEL,2026-08-19 15:30:00-04:00,19.86,20.37,19.815,20.295,1409838
FCEL,2026-08-20 09:30:00-04:00,20.21,20.5,19.73,20.075,1427379
FCEL,2026-08-20 10:30:00-04:00,20.07,20.575,19.61,19.745,1295848
FCEL,2026-08-20 11:30:00-04:00,19.75,19.76,18.57,18.62,1672256
FCEL,2026-08-20 12:30:00-04:00,18.62,18.9,18.25,18.43,2013679
FCEL,2026-08-20 13:30:00-04:00,18.425,18.45,18.095,18.2792,1438323
FCEL,2026-08-20 14:30:00-04:00,18.2781,18.2798,18.03,18.2537,1064549
FCEL,2026-08-20 15:30:00-04:00,18.24,18.4687,18.21,18.37,1545779
FCEL,2026-08-21 09:30:00-04:00,19.01,20.06,18.56,19.0,3412806
FCEL,2026-08-21 10:30:00-04:00,18.995,19.29,18.4805,19.25,1246842
FCEL,2026-08-21 11:30:00-04:00,19.255,19.6,19.16,19.505,690296
FCEL,2026-08-21 12:30:00-04:00,19.5,19.63,19.25,19.35,480846
FCEL,2026-08-21 13:30:00-04:00,19.345,19.6935,19.32,19.625,428209
FCEL,2026-08-21 14:30:00-04:00,19.61,19.62,19.3268,19.5,391860
FCEL,2026-08-21 15:30:00-04:00,19.51,19.6,19.31,19.55,711341
FCEL,2026-08-24 09:30:00-04:00,18.65,18.7595,17.435,17.735,2623559
FCEL,2026-08-24 10:30:00-04:00,17.735,18.35,17.72,18.3,824892
FCEL,2026-08-24 11:30:00-04:00,18.32,18.54,18.25,18.475,745287
FCEL,2026-08-24 12:30:00-04:00,18.464,18.795,18.31,18.63,715869
FCEL,2026-08-24 13:30:00-04:00,18.6145,18.7,18.45,18.655,513743
FCEL,2026-08-24 14:30:00-04:00,18.66,18.72,18.4535,18.47,459939
FCEL,2026-08-24 15:30:00-04:00,18.49,18.875,18.435,18.745,771570
FCEL,2026-08-25 09:30:00-04:00,19.45,20.0671,19.241,19.45,1909289
FCEL,2026-08-25 10:30:00-04:00,19.445,19.79,19.23,19.685,519565
FCEL,2026-08-25 11:30:00-04:00,19.67,19.6999,19.5,19.58,322521
FCEL,2026-08-25 12:30:00-04:00,19.58,19.7274,19.545,19.625,283426
FCEL,2026-08-25 13:30:00-04:00,19.62,19.65,18.75,19.34,552020
FCEL,2026-08-25 14:30:00-04:00,19.32,19.44,19.0817,19.2,540076
FCEL,2026-08-25 15:30:00-04:00,19.205,19.51,19.15,19.29,629416
FCEL,2026-08-26 09:30:00-04:00,18.94,19.9,18.7,18.79,1346786
FCEL,2026-08-26 10:30:00-04:00,18.77,19.04,18.52,18.9,715157
FCEL,2026-08-26 11:30:00-04:00,18.89,18.89,18.67,18.78,232263
FCEL,2026-08-26 12:30:00-04:00,18.78,18.86,18.67,18.855,222200
FCEL,2026-08-26 13:30:00-04:00,18.855,18.89,18.75,18.75,194249
FCEL,2026-08-26 14:30:00-04:00,18.75,18.91,18.7401,18.85,298951
FCEL,2026-08-26 15:30:00-04:00,18.83,19.1,18.83,19.085,689744
FCEL,2026-08-27 09:30:00-04:00,19.75,19.84,19.12,19.4,909868
FCEL,2026-08-27 10:30:00-04:00,19.435,19.455,19.07,19.17,573085
FCEL,2026-08-27 11:30:00-04:00,19.175,19.4,19.08,19.09,511208
FCEL,2026-08-27 12:30:00-04:00,19.095,19.35,19.05,19.24,423279
FCEL,2026-08-27 13:30:00-04:00,19.24,19.32,19.07,19.1,316144
FCEL,2026-08-27 14:30:00-04:00,19.1,19.2999,19.1,19.21,256865
FCEL,2026-08-27 15:30:00-04:00,19.2,19.45,19.2,19.33,664464
FCEL,2026-08-28 09:30:00-04:00,19.05,19.2919,18.41,18.5898,926045
FCEL,2026-08-28 10:30:00-04:00,18.58,18.82,18.385,18.5,439556
FCEL,2026-08-28 11:30:00-04:00,18.4998,18.5,17.75,17.82,924767
FCEL,2026-08-28 12:30:00-04:00,17.8131,17.965,17.8,17.87,606507
FCEL,2026-08-28 13:30:00-04:00,17.865,17.8898,17.73,17.8298,535342
FCEL,2026-08-28 14:30:00-04:00,17.82,17.8498,17.64,17.77,484186
FCEL,2026-08-28 15:30:00-04:00,17.765,17.87,17.71,17.76,738751
FCEL,2026-08-31 09:30:00-04:00,17.76,17.81,16.84,16.985,1765632
FCEL,2026-08-31 10:30:00-04:00,16.985,17.1299,16.89,16.96,1013262
FCEL,2026-08-31 11:30:00-04:00,16.965,16.97,16.76,16.8298,680309
FCEL,2026-08-31 12:30:00-04:00,16.83,16.95,16.77,16.8,677300
FCEL,2026-08-31 13:30:00-04:00,16.8,16.85,16.735,16.7654,425030
FCEL,2026-08-31 14:30:00-04:00,16.755,16.935,16.75,16.9,812676
FCEL,2026-08-31 15:30:00-04:00,16.905,17.29,16.905,17.22,1634801
FCEL,2026-09-01 09:30:00-04:00,16.87,16.8921,16.33,16.58,1594535
FCEL,2026-09-01 10:30:00-04:00,16.57,16.83,16.475,16.79,756567
FCEL,2026-09-01 11:30:00-04:00,16.815,17.0899,16.74,16.84,625944
FCEL,2026-09-01 12:30:00-04:00,16.83,16.93,16.74,16.87,439269
FCEL,2026-09-01 13:30:00-04:00,16.87,16.94,16.84,16.9257,287040
FCEL,2026-09-01 14:30:00-04:00,16.935,17.18,16.77,17.14,768130
FCEL,2026-09-01 15:30:00-04:00,17.13,17.33,16.985,17.0796,1118741
FCEL,2026-09-02 09:30:00-04:00,15.26,15.96,14.55,14.76,5696698
FCEL,2026-09-02 10:30:00-04:00,14.7592,14.885,14.15,14.3399,2239620
FCEL,2026-09-02 11:30:00-04:00,14.3399,14.42,14.06,14.13,1504354
FCEL,2026-09-02 12:30:00-04:00,14.135,14.265,14.08,14.1652,822535
FCEL,2026-09-02 13:30:00-04:00,14.17,14.29,14.05,14.08,960301
FCEL,2026-09-02 14:30:00-04:00,14.085,14.3275,13.92,14.195,1694792
FCEL,2026-09-02 15:30:00-04:00,14.195,14.42,14.13,14.3996,1767056
FCEL,2026-09-03 09:30:00-04:00,14.3,14.68,13.83,14.0,2677344
FCEL,2026-09-03 10:30:00-04:00,14.0,14.6,13.95,14.58,1373682
FCEL,2026-09-03 11:30:00-04:00,14.585,14.7,14.3,14.485,1166381
FCEL,2026-09-03 12:30:00-04:00,14.485,14.98,14.465,14.765,1480487
FCEL,2026-09-03 13:30:00-04:00,14.765,14.86,14.68,14.785,846602
FCEL,2026-09-03 14:30:00-04:00,14.78,14.82,14.6401,14.72,945340
FCEL,2026-09-03 15:30:00-04:00,14.73,14.87,14.6,14.67,1076349
SBET,2026-07-06 09:30:00-04:00,5.24,5.53,5.24,5.4416,2498579
SBET,2026-07-06 10:30:00-04:00,5.44,5.585,5.36,5.5764,1597209
SBET,2026-07-06 11:30:00-04:00,5.575,5.72,5.54,5.645,1031792
SBET,2026-07-06 12:30:00-04:00,5.645,5.665,5.6001,5.6294,598886
SBET,2026-07-06 13:30:00-04:00,5.625,5.63,5.58,5.59,1069265
SBET,2026-07-06 14:30:00-04:00,5.59,5.66,5.57,5.655,704812
SBET,2026-07-06 15:30:00-04:00,5.655,5.7,5.62,5.67,1403548
SBET,2026-07-07 09:30:00-04:00,5.59,5.65,5.385,5.455,1714431
SBET,2026-07-07 10:30:00-04:00,5.455,5.46,5.355,5.435,1881004
SBET,2026-07-07 11:30:00-04:00,5.4329,5.4966,5.42,5.485,926862
SBET,2026-07-07 12:30:00-04:00,5.4827,5.56,5.465,5.56,853088
SBET,2026-07-07 13:30:00-04:00,5.565,5.5999,5.54,5.545,661186
SBET,2026-07-07 14:30:00-04:00,5.545,5.555,5.445,5.465,785719
SBET,2026-07-07 15:30:00-04:00,5.465,5.495,5.44,5.455,1362708
SBET,2026-07-08 09:30:00-04:00,5.28,5.4196,5.27,5.3099,1013122
SBET,2026-07-08 10:30:00-04:00,5.31,5.31,5.16,5.19,1392464
SBET,2026-07-08 11:30:00-04:00,5.185,5.245,5.17,5.235,568412
SBET,2026-07-08 12:30:00-04:00,5.235,5.29,5.2,5.285,436796
SBET,2026-07-08 13:30:00-04:00,5.29,5.4214,5.285,5.4077,1378876
SBET,2026-07-08 14:30:00-04:00,5.405,5.48,5.39,5.435,2604189
SBET,2026-07-08 15:30:00-04:00,5.435,5.51,5.42,5.425,2164432
SBET,2026-07-09 09:30:00-04:00,5.44,5.46,5.215,5.275,2155942
SBET,2026-07-09 10:30:00-04:00,5.275,5.3699,5.25,5.335,952040
SBET,2026-07-09 11:30:00-04:00,5.335,5.345,5.23,5.245,601203
SBET,2026-07-09 12:30:00-04:00,5.245,5.3198,5.2423,5.305,537447
SBET,2026-07-09 13:30:00-04:00,5.305,5.36,5.29,5.34,778747
SBET,2026-07-09 14:30:00-04:00,5.34,5.38,5.315,5.365,726605
SBET,2026-07-09 15:30:00-04:00,5.365,5.395,5.295,5.315,1370161
SBET,2026-07-10 09:30:00-04:00,5.55,5.63,5.515,5.565,1826287
SBET,2026-07-10 10:30:00-04:00,5.561,5.57,5.375,5.435,1735228
SBET,2026-07-10 11:30:00-04:00,5.435,5.4695,5.39,5.44,445100
SBET,2026-07-10 12:30:00-04:00,5.44,5.47,5.39,5.425,1505199
SBET,2026-07-10 13:30:00-04:00,5.425,5.44,5.41,5.435,237050
SBET,2026-07-10 14:30:00-04:00,5.435,5.45,5.38,5.395,412045
SBET,2026-07-10 15:30:00-04:00,5.395,5.55,5.39,5.52,1284801
SBET,2026-07-13 09:30:00-04:00,5.44,5.54,5.385,5.425,1728998
SBET,2026-07-13 10:30:00-04:00,5.42,5.4869,5.395,5.4805,697452
SBET,2026-07-13 11:30:00-04:00,5.485,5.485,5.35,5.37,639766
SBET,2026-07-13 12:30:00-04:00,5.37,5.4001,5.3304,5.352,639273
SBET,2026-07-13 13:30:00-04:00,5.355,5.36,5.295,5.3216,465875
SBET,2026-07-13 14:30:00-04:00,5.32,5.375,5.315,5.345,352818
SBET,2026-07-13 15:30:00-04:00,5.345,5.43,5.345,5.425,773492
SBET,2026-07-14 09:30:00-04:00,5.68,5.915,5.6439,5.88,2707526
SBET,2026-07-14 10:30:00-04:00,5.875,5.955,5.8305,5.9,1591447
SBET,2026-07-14 11:30:00-04:00,5.9,5.975,5.85,5.925,2049779
SBET,2026-07-14 12:30:00-04:00,5.92,5.925,5.8128,5.855,637875
SBET,2026-07-14 13:30:00-04:00,5.855,5.91,5.8401,5.89,612509
SBET,2026-07-14 14:30:00-04:00,5.885,5.895,5.8422,5.895,914720
SBET,2026-07-14 15:30:00-04:00,5.89,5.96,5.84,5.96,1733212
SBET,2026-07-15 09:30:00-04:00,6.13,6.265,6.01,6.045,5145005
SBET,2026-07-15 10:30:00-04:00,6.045,6.155,6.0,6.11,1965188
SBET,2026-07-15 11:30:00-04:00,6.11,6.125,6.0,6.04,915753
SBET,2026-07-15 12:30:00-04:00,6.039,6.065,5.9,6.02,1091493
SBET,2026-07-15 13:30:00-04:00,6.02,6.04,5.965,6.025,724117
SBET,2026-07-15 14:30:00-04:00,6.025,6.0367,5.965,5.995,806830
SBET,2026-07-15 15:30:00-04:00,5.995,6.085,5.995,6.075,1135155
SBET,2026-07-16 09:30:00-04:00,5.98,6.03,5.8628,5.8916,1391989
SBET,2026-07-16 10:30:00-04:00,5.89,5.97,5.86,5.9569,762263
SBET,2026-07-16 11:30:00-04:00,5.96,6.08,5.875,5.93,550153
SBET,2026-07-16 12:30:00-04:00,5.9267,5.955,5.8801,5.925,1041703
SBET,2026-07-16 13:30:00-04:00,5.925,5.94,5.865,5.9,550475
SBET,2026-07-16 14:30:00-04:00,5.895,5.915,5.85,5.875,795753
SBET,2026-07-16 15:30:00-04:00,5.875,5.88,5.715,5.755,1607004
SBET,2026-07-17 09:30:00-04:00,5.53,5.6399,5.445,5.555,1692514
SBET,2026-07-17 10:30:00-04:00,5.55,5.56,5.455,5.505,739959
SBET,2026-07-17 11:30:00-04:00,5.505,5.62,5.485,5.61,694169
SBET,2026-07-17 12:30:00-04:00,5.62,5.76,5.6,5.73,739785
SBET,2026-07-17 13:30:00-04:00,5.735,5.76,5.64,5.645,594553
SBET,2026-07-17 14:30:00-04:00,5.645,5.665,5.595,5.615,582927
SBET,2026-07-17 15:30:00-04:00,5.615,5.72,5.605,5.665,1105760
SBET,2026-07-20 09:30:00-04:00,5.79,5.94,5.75,5.885,1478539
SBET,2026-07-20 10:30:00-04:00,5.89,6.025,5.83,5.98,841688
SBET,2026-07-20 11:30:00-04:00,5.98,6.155,5.935,6.135,1424660
SBET,2026-07-20 12:30:00-04:00,6.1333,6.165,6.1,6.1505,996228
SBET,2026-07-20 13:30:00-04:00,6.1516,6.255,6.1401,6.215,1987548
SBET,2026-07-20 14:30:00-04:00,6.215,6.2186,6.095,6.15,1115215
SBET,2026-07-20 15:30:00-04:00,6.14,6.19,6.11,6.15,1590554
SBET,2026-07-21 09:30:00-04:00,6.28,6.33,6.2,6.2994,1499112
SBET,2026-07-21 10:30:00-04:00,6.295,6.3098,6.25,6.27,1183923
SBET,2026-07-21 11:30:00-04:00,6.265,6.345,6.245,6.3399,1547753
SBET,2026-07-21 12:30:00-04:00,6.335,6.375,6.3,6.345,1123513
SBET,2026-07-21 13:30:00-04:00,6.34,6.36,6.265,6.2913,670682
SBET,2026-07-21 14:30:00-04:00,6.2901,6.2964,6.225,6.265,681535
SBET,2026-07-21 15:30:00-04:00,6.27,6.29,6.24,6.265,1173349
SBET,2026-07-22 09:30:00-04:00,6.2,6.485,6.2,6.32,1436628
SBET,2026-07-22 10:30:00-04:00,6.315,6.36,6.265,6.335,811089
SBET,2026-07-22 11:30:00-04:00,6.3314,6.34,6.2309,6.245,462681
SBET,2026-07-22 12:30:00-04:00,6.2405,6.32,6.2405,6.295,534237
SBET,2026-07-22 13:30:00-04:00,6.295,6.305,6.205,6.2152,933213
SBET,2026-07-22 14:30:00-04:00,6.21,6.25,6.18,6.245,467987
SBET,2026-07-22 15:30:00-04:00,6.245,6.325,6.21,6.325,1207196
SBET,2026-07-23 09:30:00-04:00,6.15,6.29,6.1132,6.175,1011574
SBET,2026-07-23 10:30:00-04:00,6.175,6.18,5.985,6.035,911454
SBET,2026-07-23 11:30:00-04:00,6.035,6.04,5.985,6.0298,543123
SBET,2026-07-23 12:30:00-04:00,6.025,6.1073,5.9849,6.1006,777251
SBET,2026-07-23 13:30:00-04:00,6.1,6.105,6.025,6.0527,553858
SBET,2026-07-23 14:30:00-04:00,6.055,6.09,6.01,6.0539,538848
SBET,2026-07-23 15:30:00-04:00,6.055,6.065,5.96,6.005,927108
SBET,2026-07-24 09:30:00-04:00,6.0,6.03,5.72,5.75,1333054
SBET,2026-07-24 10:30:00-04:00,5.75,5.955,5.7,5.9201,984971
SBET,2026-07-24 11:30:00-04:00,5.915,6.055,5.9014,6.005,1090778
SBET,2026-07-24 12:30:00-04:00,6.005,6.005,5.91,5.95,581040
SBET,2026-07-24 13:30:00-04:00,5.95,5.96,5.845,5.875,590983
SBET,2026-07-24 14:30:00-04:00,5.875,5.88,5.815,5.84,506219
SBET,2026-07-24 15:30:00-04:00,5.84,5.87,5.8,5.815,914714
SBET,2026-07-27 09:30:00-04:00,6.06,6.335,6.0191,6.195,2583258
SBET,2026-07-27 10:30:00-04:00,6.195,6.275,6.1401,6.2489,1226209
SBET,2026-07-27 11:30:00-04:00,6.24,6.2731,6.1214,6.2731,887633
SBET,2026-07-27 12:30:00-04:00,6.2701,6.36,6.21,6.235,806714
SBET,2026-07-27 13:30:00-04:00,6.235,6.285,6.17,6.275,1347751
SBET,2026-07-27 14:30:00-04:00,6.27,6.335,6.225,6.31,1309502
SBET,2026-07-27 15:30:00-04:00,6.32,6.4,6.32,6.375,1195738
SBET,2026-07-28 09:30:00-04:00,6.11,6.16,5.985,6.0798,1314995
SBET,2026-07-28 10:30:00-04:00,6.075,6.44,6.065,6.4,3077698
SBET,2026-07-28 11:30:00-04:00,6.405,6.47,6.365,6.465,1613714
SBET,2026-07-28 12:30:00-04:00,6.46,6.525,6.43,6.445,1943981
SBET,2026-07-28 13:30:00-04:00,6.44,6.445,6.38,6.4027,577893
SBET,2026-07-28 14:30:00-04:00,6.402,6.415,6.345,6.405,559029
SBET,2026-07-28 15:30:00-04:00,6.41,6.475,6.405,6.45,1021727
SBET,2026-07-29 09:30:00-04:00,6.41,6.45,6.2799,6.295,1017905
SBET,2026-07-29 10:30:00-04:00,6.295,6.3,6.2003,6.23,1197882
SBET,2026-07-29 11:30:00-04:00,6.24,6.245,6.13,6.185,812202
SBET,2026-07-29 12:30:00-04:00,6.185,6.2189,6.145,6.185,658359
SBET,2026-07-29 13:30:00-04:00,6.185,6.37,6.185,6.265,745476
SBET,2026-07-29 14:30:00-04:00,6.265,6.4153,6.23,6.3098,1374058
SBET,2026-07-29 15:30:00-04:00,6.3099,6.32,6.1,6.13,1427283
SBET,2026-07-30 09:30:00-04:00,6.29,6.5291,6.28,6.35,2003785
SBET,2026-07-30 10:30:00-04:00,6.355,6.425,6.325,6.351,1971652
SBET,2026-07-30 11:30:00-04:00,6.35,6.445,6.345,6.415,994615
SBET,2026-07-30 12:30:00-04:00,6.4101,6.435,6.3801,6.425,440266
SBET,2026-07-30 13:30:00-04:00,6.425,6.46,6.4112,6.435,837490
SBET,2026-07-30 14:30:00-04:00,6.435,6.48,6.4,6.445,1111314
SBET,2026-07-30 15:30:00-04:00,6.445,6.455,6.38,6.4,1061946
SBET,2026-07-31 09:30:00-04:00,6.33,6.38,5.88,5.92,3153353
SBET,2026-07-31 10:30:00-04:00,5.93,5.95,5.88,5.9099,1230615
SBET,2026-07-31 11:30:00-04:00,5.92,5.98,5.885,5.975,729813
SBET,2026-07-31 12:30:00-04:00,5.975,6.04,5.965,6.035,382857
SBET,2026-07-31 13:30:00-04:00,6.035,6.08,6.025,6.04,395725
SBET,2026-07-31 14:30:00-04:00,6.035,6.08,6.015,6.06,358764
SBET,2026-07-31 15:30:00-04:00,6.055,6.165,6.025,6.125,1542964
SBET,2026-08-03 09:30:00-04:00,6.07,6.085,5.935,6.085,1325460
SBET,2026-08-03 10:30:00-04:00,6.09,6.155,6.07,6.13,774191
SBET,2026-08-03 11:30:00-04:00,6.125,6.175,6.11,6.165,490151
SBET,2026-08-03 12:30:00-04:00,6.165,6.28,6.1348,6.2624,1258703
SBET,2026-08-03 13:30:00-04:00,6.265,6.27,6.22,6.225,388426
SBET,2026-08-03 14:30:00-04:00,6.225,6.255,6.18,6.22,953216
SBET,2026-08-03 15:30:00-04:00,6.215,6.265,6.19,6.21,1094385
SBET,2026-08-04 09:30:00-04:00,6.18,6.31,6.12,6.1799,840436
SBET,2026-08-04 10:30:00-04:00,6.175,6.195,6.09,6.105,640138
SBET,2026-08-04 11:30:00-04:00,6.105,6.21,6.08,6.1688,784684
SBET,2026-08-04 12:30:00-04:00,6.165,6.26,6.14,6.255,580892
SBET,2026-08-04 13:30:00-04:00,6.2594,6.29,6.25,6.28,667995
SBET,2026-08-04 14:30:00-04:00,6.275,6.33,6.245,6.28,562673
SBET,2026-08-04 15:30:00-04:00,6.285,6.3299,6.285,6.3,1181674
SBET,2026-08-05 09:30:00-04:00,6.23,6.33,6.125,6.265,879688
SBET,2026-08-05 10:30:00-04:00,6.26,6.265,6.165,6.195,512574
SBET,2026-08-05 11:30:00-04:00,6.195,6.325,6.155,6.3199,688197
SBET,2026-08-05 12:30:00-04:00,6.3299,6.3299,6.2011,6.245,528176
SBET,2026-08-05 13:30:00-04:00,6.24,6.39,6.23,6.365,634865
SBET,2026-08-05 14:30:00-04:00,6.36,6.42,6.325,6.415,477263
SBET,2026-08-05 15:30:00-04:00,6.415,6.42,6.35,6.355,587851
SBET,2026-08-06 09:30:00-04:00,6.26,6.421,6.19,6.38,1409041
SBET,2026-08-06 10:30:00-04:00,6.38,6.4684,6.37,6.445,792035
SBET,2026-08-06 11:30:00-04:00,6.449,6.4589,6.3612,6.37,416911
SBET,2026-08-06 12:30:00-04:00,6.365,6.38,6.3403,6.355,298261
SBET,2026-08-06 13:30:00-04:00,6.355,6.385,6.34,6.345,293022
SBET,2026-08-06 14:30:00-04:00,6.341,6.345,6.28,6.315,339038
SBET,2026-08-06 15:30:00-04:00,6.315,6.34,6.28,6.295,638430
SBET,2026-08-07 09:30:00-04:00,6.42,6.47,6.275,6.435,815251
SBET,2026-08-07 10:30:00-04:00,6.435,6.445,6.351,6.375,619233
SBET,2026-08-07 11:30:00-04:00,6.3799,6.41,6.3311,6.345,414602
SBET,2026-08-07 12:30:00-04:00,6.345,6.345,6.27,6.29,312157
SBET,2026-08-07 13:30:00-04:00,6.285,6.395,6.285,6.335,753832
SBET,2026-08-07 14:30:00-04:00,6.335,6.43,6.305,6.41,697565
SBET,2026-08-07 15:30:00-04:00,6.4,6.435,6.39,6.42,664752
SBET,2026-08-10 09:30:00-04:00,6.355,6.4,6.1305,6.155,1695468
SBET,2026-08-10 10:30:00-04:00,6.15,6.205,6.005,6.04,980944
SBET,2026-08-10 11:30:00-04:00,6.04,6.0686,5.99,6.0488,846713
SBET,2026-08-10 12:30:00-04:00,6.0499,6.07,6.005,6.055,450433
SBET,2026-08-10 13:30:00-04:00,6.0501,6.075,6.0301,6.035,339931
SBET,2026-08-10 14:30:00-04:00,6.0314,6.115,6.0314,6.115,1033329
SBET,2026-08-10 15:30:00-04:00,6.115,6.19,6.1,6.19,1284163
SBET,2026-08-11 09:30:00-04:00,6.21,6.29,6.135,6.195,899964
SBET,2026-08-11 10:30:00-04:00,6.2,6.2,6.08,6.1036,619316
SBET,2026-08-11 11:30:00-04:00,6.105,6.12,6.055,6.0889,392514
SBET,2026-08-11 12:30:00-04:00,6.085,6.13,6.08,6.12,265170
SBET,2026-08-11 13:30:00-04:00,6.125,6.125,6.07,6.0789,280515
SBET,2026-08-11 14:30:00-04:00,6.075,6.13,6.03,6.125,478959
SBET,2026-08-11 15:30:00-04:00,6.13,6.25,6.13,6.225,820117
SBET,2026-08-12 09:30:00-04:00,6.35,6.36,6.235,6.28,993251
SBET,2026-08-12 10:30:00-04:00,6.279,6.2899,6.19,6.22,571994
SBET,2026-08-12 11:30:00-04:00,6.22,6.245,6.18,6.24,352775
SBET,2026-08-12 12:30:00-04:00,6.235,6.2599,6.225,6.225,195023
SBET,2026-08-12 13:30:00-04:00,6.225,6.285,6.21,6.255,606754
SBET,2026-08-12 14:30:00-04:00,6.265,6.29,6.235,6.25,681338
SBET,2026-08-12 15:30:00-04:00,6.245,6.25,6.14,6.18,1107212
SBET,2026-08-13 09:30:00-04:00,6.18,6.36,6.18,6.23,1131468
SBET,2026-08-13 10:30:00-04:00,6.23,6.2589,6.15,6.1611,1046131
SBET,2026-08-13 11:30:00-04:00,6.16,6.21,6.12,6.13,442367
SBET,2026-08-13 12:30:00-04:00,6.135,6.15,6.065,6.115,352256
SBET,2026-08-13 13:30:00-04:00,6.115,6.145,6.0801,6.0801,349752
SBET,2026-08-13 14:30:00-04:00,6.08,6.31,6.08,6.29,1079118
SBET,2026-08-13 15:30:00-04:00,6.29,6.35,6.28,6.3,1524240
SBET,2026-08-14 09:30:00-04:00,6.245,6.28,6.02,6.0926,1455693
SBET,2026-08-14 10:30:00-04:00,6.09,6.1297,6.03,6.07,809542
SBET,2026-08-14 11:30:00-04:00,6.0799,6.2,6.07,6.195,632425
SBET,2026-08-14 12:30:00-04:00,6.2,6.295,6.195,6.26,481289
SBET,2026-08-14 13:30:00-04:00,6.255,6.2699,6.205,6.2097,416690
SBET,2026-08-14 14:30:00-04:00,6.205,6.25,6.16,6.25,390012
SBET,2026-08-14 15:30:00-04:00,6.24,6.27,6.235,6.265,736603
SBET,2026-08-17 09:30:00-04:00,6.26,6.395,6.24,6.31,893638
SBET,2026-08-17 10:30:00-04:00,6.315,6.405,6.25,6.405,893200
SBET,2026-08-17 11:30:00-04:00,6.4097,6.4895,6.37,6.425,1137354
SBET,2026-08-17 12:30:00-04:00,6.425,6.455,6.4,6.42,387525
SBET,2026-08-17 13:30:00-04:00,6.415,6.5,6.375,6.48,1270056
SBET,2026-08-17 14:30:00-04:00,6.485,6.5099,6.45,6.49,496633
SBET,2026-08-17 15:30:00-04:00,6.495,6.53,6.46,6.51,1126583
SBET,2026-08-18 09:30:00-04:00,6.35,6.4,6.1599,6.39,2612304
SBET,2026-08-18 10:30:00-04:00,6.39,6.43,6.28,6.3137,1237818
SBET,2026-08-18 11:30:00-04:00,6.31,6.405,6.2601,6.3512,925928
SBET,2026-08-18 12:30:00-04:00,6.35,6.42,6.305,6.325,556649
SBET,2026-08-18 13:30:00-04:00,6.32,6.33,6.2414,6.285,734279
SBET,2026-08-18 14:30:00-04:00,6.285,6.32,6.21,6.305,1062600
SBET,2026-08-18 15:30:00-04:00,6.305,6.3199,6.27,6.3,1054493
SBET,2026-08-19 09:30:00-04:00,6.36,6.67,6.35,6.63,2254176
SBET,2026-08-19 10:30:00-04:00,6.63,7.2,6.6201,7.125,5130328
SBET,2026-08-19 11:30:00-04:00,7.12,7.21,7.01,7.1412,3442365
SBET,2026-08-19 12:30:00-04:00,7.145,7.1599,6.9,6.98,1374670
SBET,2026-08-19 13:30:00-04:00,6.9799,7.0,6.91,6.945,846549
SBET,2026-08-19 14:30:00-04:00,6.945,7.06,6.935,7.03,1997992
SBET,2026-08-19 15:30:00-04:00,7.021,7.13,6.985,7.065,2453656
SBET,2026-08-20 09:30:00-04:00,7.545,7.55,7.175,7.365,4989057
SBET,2026-08-20 10:30:00-04:00,7.365,7.58,7.335,7.555,1851036
SBET,2026-08-20 11:30:00-04:00,7.56,7.65,7.49,7.57,1770626
SBET,2026-08-20 12:30:00-04:00,7.56,7.67,7.54,7.615,1058727
SBET,2026-08-20 13:30:00-04:00,7.6188,7.6286,7.535,7.595,1455528
SBET,2026-08-20 14:30:00-04:00,7.59,7.595,7.475,7.525,980152
SBET,2026-08-20 15:30:00-04:00,7.525,7.61,7.47,7.585,1195799
SBET,2026-08-21 09:30:00-04:00,7.885,8.0051,7.7105,7.945,3876791
SBET,2026-08-21 10:30:00-04:00,7.95,8.11,7.77,8.04,2941399
SBET,2026-08-21 11:30:00-04:00,8.03,8.135,7.96,8.0599,1233833
SBET,2026-08-21 12:30:00-04:00,8.055,8.105,8.01,8.0695,947226
SBET,2026-08-21 13:30:00-04:00,8.06,8.115,7.945,7.955,1395904
SBET,2026-08-21 14:30:00-04:00,7.95,7.9534,7.82,7.875,1060791
SBET,2026-08-21 15:30:00-04:00,7.8775,7.92,7.8101,7.91,1585933
SBET,2026-08-24 09:30:00-04:00,8.07,8.3895,8.02,8.3799,4260115
SBET,2026-08-24 10:30:00-04:00,8.38,8.535,8.33,8.505,2884587
SBET,2026-08-24 11:30:00-04:00,8.51,8.515,8.33,8.405,2003855
SBET,2026-08-24 12:30:00-04:00,8.405,8.415,8.195,8.201,1305903
SBET,2026-08-24 13:30:00-04:00,8.21,8.24,8.135,8.205,814877
SBET,2026-08-24 14:30:00-04:00,8.21,8.259,8.14,8.25,624807
SBET,2026-08-24 15:30:00-04:00,8.245,8.28,8.2,8.28,929943
SBET,2026-08-25 09:30:00-04:00,8.065,8.47,8.01,8.44,3427189
SBET,2026-08-25 10:30:00-04:00,8.435,8.565,8.4,8.475,2927834
SBET,2026-08-25 11:30:00-04:00,8.475,8.55,8.45,8.485,1248354
SBET,2026-08-25 12:30:00-04:00,8.49,8.53,8.44,8.49,1069493
SBET,2026-08-25 13:30:00-04:00,8.49,8.55,8.27,8.49,687709
SBET,2026-08-25 14:30:00-04:00,8.49,8.49,8.35,8.355,919161
SBET,2026-08-25 15:30:00-04:00,8.355,8.375,8.27,8.345,978388
SBET,2026-08-26 09:30:00-04:00,8.16,8.43,8.12,8.385,1161105
SBET,2026-08-26 10:30:00-04:00,8.3801,8.416,8.1946,8.275,1099913
SBET,2026-08-26 11:30:00-04:00,8.275,8.275,8.2,8.225,576754
SBET,2026-08-26 12:30:00-04:00,8.22,8.279,8.155,8.271,486567
SBET,2026-08-26 13:30:00-04:00,8.28,8.295,8.25,8.255,315040
SBET,2026-08-26 14:30:00-04:00,8.255,8.35,8.25,8.345,422401
SBET,2026-08-26 15:30:00-04:00,8.345,8.36,8.3009,8.325,1156969
SBET,2026-08-27 09:30:00-04:00,8.45,8.73,8.4,8.725,2366638
SBET,2026-08-27 10:30:00-04:00,8.725,8.975,8.675,8.97,2219603
SBET,2026-08-27 11:30:00-04:00,8.9699,9.03,8.922,8.9546,2100485
SBET,2026-08-27 12:30:00-04:00,8.95,9.055,8.92,8.9724,948911
SBET,2026-08-27 13:30:00-04:00,8.965,8.985,8.815,8.815,531806
SBET,2026-08-27 14:30:00-04:00,8.815,8.91,8.815,8.88,510125
SBET,2026-08-27 15:30:00-04:00,8.87,8.9,8.835,8.88,851186
SBET,2026-08-28 09:30:00-04:00,8.642,8.7584,8.425,8.525,1811634
SBET,2026-08-28 10:30:00-04:00,8.525,8.69,8.5,8.6399,752072
SBET,2026-08-28 11:30:00-04:00,8.64,8.6401,8.255,8.3199,1556123
SBET,2026-08-28 12:30:00-04:00,8.315,8.335,8.22,8.225,936305
SBET,2026-08-28 13:30:00-04:00,8.225,8.245,8.1498,8.1602,719904
SBET,2026-08-28 14:30:00-04:00,8.1697,8.21,8.115,8.175,720310
SBET,2026-08-28 15:30:00-04:00,8.175,8.23,8.16,8.21,683441
SBET,2026-08-31 09:30:00-04:00,8.24,8.32,8.105,8.145,1368904
SBET,2026-08-31 10:30:00-04:00,8.155,8.265,8.1196,8.215,1088507
SBET,2026-08-31 11:30:00-04:00,8.215,8.3,8.205,8.2561,529913
SBET,2026-08-31 12:30:00-04:00,8.261,8.45,8.26,8.345,773442
SBET,2026-08-31 13:30:00-04:00,8.35,8.42,8.33,8.4075,775741
SBET,2026-08-31 14:30:00-04:00,8.4,8.6,8.385,8.545,1332523
SBET,2026-08-31 15:30:00-04:00,8.541,8.65,8.51,8.64,1012110
SBET,2026-09-01 09:30:00-04:00,8.29,8.435,8.12,8.39,2006629
SBET,2026-09-01 10:30:00-04:00,8.385,8.4598,8.2505,8.315,761737
SBET,2026-09-01 11:30:00-04:00,8.3197,8.355,8.19,8.2299,777658
SBET,2026-09-01 12:30:00-04:00,8.229,8.27,8.205,8.235,783548
SBET,2026-09-01 13:30:00-04:00,8.2323,8.2899,8.165,8.185,580441
SBET,2026-09-01 14:30:00-04:00,8.1801,8.2495,8.075,8.225,405779
SBET,2026-09-01 15:30:00-04:00,8.225,8.235,8.14,8.155,555934
SBET,2026-09-02 09:30:00-04:00,8.01,8.2099,7.885,8.1857,1704103
SBET,2026-09-02 10:30:00-04:00,8.18,8.19,8.085,8.11,1014078
SBET,2026-09-02 11:30:00-04:00,8.12,8.2,8.09,8.185,729521
SBET,2026-09-02 12:30:00-04:00,8.181,8.21,8.1326,8.1499,534544
SBET,2026-09-02 13:30:00-04:00,8.145,8.27,8.141,8.245,412011
SBET,2026-09-02 14:30:00-04:00,8.24,8.26,8.11,8.145,572611
SBET,2026-09-02 15:30:00-04:00,8.14,8.185,8.1,8.11,768339
SBET,2026-09-03 09:30:00-04:00,8.34,8.75,8.29,8.74,2639779
SBET,2026-09-03 10:30:00-04:00,8.7314,8.8999,8.7001,8.8636,1957282
SBET,2026-09-03 11:30:00-04:00,8.865,9.015,8.7601,8.7701,2674402
SBET,2026-09-03 12:30:00-04:00,8.78,8.8791,8.775,8.86,1010559
SBET,2026-09-03 13:30:00-04:00,8.865,8.94,8.845,8.855,1152512
SBET,2026-09-03 14:30:00-04:00,8.855,9.0,8.84,8.985,1139327
SBET,2026-09-03 15:30:00-04:00,8.9891,9.0,8.9,8.98,1405439
